student_id,course_id,term,section_id,instructor_id,switch_term,term_index,course_term_id,section_term_id,post_redesign,redesign_status,final_numeric_grade,final_numeric_grade_z,olse_q1_mean,olse_q2_mean,olse_q3_mean,olse_q4_mean,olse_q5_mean,olse_q1_mean_z,olse_q2_mean_z,olse_q3_mean_z,olse_q4_mean_z,olse_q5_mean_z,olse_overall_mean,olse_overall_z,mastery_redesign,social_vicarious_redesign,structural_compliance_redesign,redesign_intensity,mastery_redesign_z,social_vicarious_redesign_z,structural_compliance_redesign_z,redesign_intensity_z,post_x_mastery_redesign_z,post_x_social_vicarious_redesign_z,post_x_structural_compliance_redesign_z,post_x_redesign_intensity_z,fs_Q1,fs_Q2,fs_Q3,fs_Q4,fs_Q5,fs_Overall_OLSE
STU_000080,ASTR 4B,2024SP,S01,INST_ASTR4B_01,2025SP,20241,ASTR 4B__2024SP,ASTR 4B__2024SP__S01,0,pre,1.3,-1.5835909240968005,1.875,2,1.8333333333333333,1.8,2.5,-3.408668330572916,-2.7694962830353456,-3.1583388012733327,-3.07738340197553,-1.8547069547101271,2,-3.266229778543842,0.066375,0.305104,0.046909,0.121191,-1.622277,1.142912,-1.34547,-1.770202,-0,0,-0,-0,-28.08803102159025,-15.063907150127932,-24.695053118731312,-28.337119942309588,-17.004665839821516,-3.004242610483249
STU_000051,ASTR 4B,2024SP,S01,INST_ASTR4B_01,2025SP,20241,ASTR 4B__2024SP,ASTR 4B__2024SP__S01,0,pre,1.7,-1.0805886818231698,2.875,3.2,2.5,2.8,3.1666666666666665,-1.4086526357926807,-0.5325954390452579,-1.869019550974815,-1.205356254901651,-0.5741342972968816,2.9,-1.301005102159485,0.066375,0.305104,0.046909,0.121191,-1.622277,1.142912,-1.34547,-1.770202,-0,0,-0,-0,-11.623097026196707,-5.932458704558748,-10.454821857098437,-11.703308088771623,-6.949941759222057,-1.2422024527243494
STU_000831,ASTR 4B,2024SP,S01,INST_ASTR4B_01,2025SP,20241,ASTR 4B__2024SP,ASTR 4B__2024SP__S01,0,pre,1,-1.9608426058020236,2.75,2.4,1.6666666666666667,2.6,2.5,-1.65865459764021,-2.0238626683719834,-3.480668613847962,-1.5797616843164264,-1.8547069547101271,2.4,-2.3927965890396834,0.066375,0.305104,0.046909,0.121191,-1.622277,1.142912,-1.34547,-1.770202,-0,0,-0,-0,-20.57353770448574,-11.224263192145585,-18.78786368054971,-20.88627488829726,-12.880564321303972,-2.234999833557514
STU_000994,ASTR 4B,2024SP,S01,INST_ASTR4B_01,2025SP,20241,ASTR 4B__2024SP,ASTR 4B__2024SP__S01,0,pre,1.3,-1.5835909240968005,2.625,2.6,2.6666666666666665,2.4,2.3333333333333335,-1.9086565594877396,-1.6510458610403016,-1.546689738400186,-1.9541671137312024,-2.1748501190634384,2.533333333333333,-2.1016521925382974,0.066375,0.305104,0.046909,0.121191,-1.622277,1.142912,-1.34547,-1.770202,-0,0,-0,-0,-18.14962460780609,-9.719807478343238,-15.873280823541156,-18.401424516899784,-11.526442893978773,-1.9519768558593207
STU_001521,ASTR 4B,2024SP,S01,INST_ASTR4B_01,2025SP,20241,ASTR 4B__2024SP,ASTR 4B__2024SP__S01,0,pre,2,-0.7033370001179466,3.5,3.2,3.5,3.2,2.8333333333333335,-0.1586428265550334,-0.5325954390452579,0.06495932447296097,-0.4565453960720986,-1.214420626003504,3.2666666666666666,-0.5003580117806731,0.066375,0.305104,0.046909,0.121191,-1.622277,1.142912,-1.34547,-1.770202,-0,0,-0,-0,-4.421273020861807,-2.5098085174112863,-3.8216426973473805,-4.604223861983932,-3.23267574378223,-0.48864747832647787
STU_000815,ASTR 4B,2024SP,S01,INST_ASTR4B_01,2025SP,20241,ASTR 4B__2024SP,ASTR 4B__2024SP__S01,0,pre,2,-0.7033370001179466,2.875,3,2.8333333333333335,2.6,2.5,-1.4086526357926807,-0.9054122463769394,-1.2243599258255562,-1.5797616843164264,-1.8547069547101271,2.7666666666666666,-1.5921494986608713,0.066375,0.305104,0.046909,0.121191,-1.622277,1.142912,-1.34547,-1.770202,-0,0,-0,-0,-14.088162281430938,-7.408328046976872,-12.37974619484977,-14.333756039625873,-9.074050491853601,-1.518514755183279
STU_000043,ASTR 4B,2024SP,S01,INST_ASTR4B_01,2025SP,20241,ASTR 4B__2024SP,ASTR 4B__2024SP__S01,0,pre,1,-1.9608426058020236,3.125,2.8,2.8333333333333335,3,3.1666666666666665,-0.9086487120976218,-1.278229053708621,-1.2243599258255562,-0.8309508254868748,-0.5741342972968816,3,-1.0826468047834452,0.066375,0.305104,0.046909,0.121191,-1.622277,1.142912,-1.34547,-1.770202,-0,0,-0,-0,-9.782553020959005,-5.48437770447545,-8.751563279137649,-9.895716868373452,-5.97426449152969,-1.0562084904148936
STU_000168,ASTR 4B,2024SP,S01,INST_ASTR4B_01,2025SP,20241,ASTR 4B__2024SP,ASTR 4B__2024SP__S01,0,pre,1.7,-1.0805886818231698,2.75,1.6,2.1666666666666665,2.4,2.3333333333333335,-1.65865459764021,-3.5151298976987078,-2.513679176124074,-1.9541671137312024,-2.1748501190634384,2.3,-2.611154886415723,0.066375,0.305104,0.046909,0.121191,-1.622277,1.142912,-1.34547,-1.770202,-0,0,-0,-0,-22.109488263117267,-12.708850968341705,-19.798600126260204,-22.58432974803018,-14.00675163840747,-2.409462478473281
STU_001128,ASTR 4B,2024SP,S02,INST_ASTR4B_02,2025SP,20241,ASTR 4B__2024SP,ASTR 4B__2024SP__S02,0,pre,2,-0.7033370001179466,3.125,3.4,3.1666666666666665,3.4,2.6666666666666665,-0.9086487120976218,-0.1597786317135771,-0.5797003006762981,-0.08213996665732322,-1.534563790356816,3.1333333333333333,-0.7915024082820592,0.066375,0.305104,0.046909,0.121191,-1.622277,1.142912,-1.34547,-1.770202,-0,0,-0,-0,-7.166076761843218,-3.5624285916222953,-6.184979657778331,-6.975549978734108,-4.825271929238046,-0.7601199012439499
STU_000425,ASTR 4B,2024SP,S02,INST_ASTR4B_02,2025SP,20241,ASTR 4B__2024SP,ASTR 4B__2024SP__S02,0,pre,2.7,0.17691692386090738,4.125,3.8,3.8333333333333335,4,3.5,1.0913669826826138,0.5858549829497852,0.7096189496222199,1.0410763215870045,0.06615203140974155,3.8666666666666667,0.809791772475565,0.066375,0.305104,0.046909,0.121191,-1.622277,1.142912,-1.34547,-1.770202,-0,0,-0,-0,7.474815462309133,3.8846146914133044,6.438218532966208,7.500567466436423,4.262515074999923,0.7874456195008459
STU_000099,ASTR 4B,2024SP,S02,INST_ASTR4B_02,2025SP,20241,ASTR 4B__2024SP,ASTR 4B__2024SP__S02,0,pre,2,-0.7033370001179466,3.5,3.8,3.1666666666666665,3.2,3.1666666666666665,-0.1586428265550334,0.5858549829497852,-0.5797003006762981,-0.4565453960720986,-0.5741342972968816,3.3666666666666667,-0.28199971440463323,0.066375,0.305104,0.046909,0.121191,-1.622277,1.142912,-1.34547,-1.770202,-0,0,-0,-0,-2.582916649135163,-0.9836508480405393,-2.4374930243672135,-2.7177347577799695,-1.8155175013400509,-0.2824829721444305
STU_001487,ASTR 4B,2024SP,S02,INST_ASTR4B_02,2025SP,20241,ASTR 4B__2024SP,ASTR 4B__2024SP__S02,0,pre,0.7,-2.338094287507247,2.875,2.6,2.5,2.2,3.1666666666666665,-1.4086526357926807,-1.6510458610403016,-1.869019550974815,-2.328572543145978,-0.5741342972968816,2.7,-1.7377216969115639,0.066375,0.305104,0.046909,0.121191,-1.622277,1.142912,-1.34547,-1.770202,-0,0,-0,-0,-15.284261358272625,-8.373843531512076,-13.66433199456885,-15.770168001503857,-9.1517800388689,-1.652871127991864
STU_001468,ASTR 4B,2024SP,S03,INST_ASTR4B_03,2025SP,20241,ASTR 4B__2024SP,ASTR 4B__2024SP__S03,0,pre,1.3,-1.5835909240968005,3,3,3.3333333333333335,3.2,2.6666666666666665,-1.1586506739451512,-0.9054122463769394,-0.25737048810166807,-0.4565453960720986,-1.534563790356816,3.033333333333333,-1.009860705658099,0.066375,0.305104,0.046909,0.121191,-1.622277,1.142912,-1.34547,-1.770202,-0,0,-0,-0,-9.179069793849916,-4.962636526815489,-7.794164661216049,-9.095020263704699,-6.05962446560603,-0.9794595976938925
STU_001020,ASTR 4B,2024SP,S03,INST_ASTR4B_03,2025SP,20241,ASTR 4B__2024SP,ASTR 4B__2024SP__S03,0,pre,1.3,-1.5835909240968005,2.75,3,3.1666666666666665,3,3.1666666666666665,-1.65865459764021,-0.9054122463769394,-0.5797003006762981,-0.8309508254868748,-0.5741342972968816,3,-1.0826468047834452,0.066375,0.305104,0.046909,0.121191,-1.622277,1.142912,-1.34547,-1.770202,-0,0,-0,-0,-9.981141989236269,-5.259392734694912,-8.388635435970052,-9.784714693086121,-5.913207124236764,-1.044071563629861
STU_000481,ASTR 4B,2024SP,S03,INST_ASTR4B_03,2025SP,20241,ASTR 4B__2024SP,ASTR 4B__2024SP__S03,0,pre,3.7,1.4344225295449842,3.75,3.8,3.8333333333333335,3.4,3.5,0.3413610971400255,0.5858549829497852,0.7096189496222199,-0.08213996665732322,0.06615203140974155,3.6666666666666665,0.3730751777234853,0.066375,0.305104,0.046909,0.121191,-1.622277,1.142912,-1.34547,-1.770202,-0,0,-0,-0,3.169066382768946,1.8350717864904844,2.9244494437133426,3.0651873911661207,1.8572974928080275,0.33966071032862427
STU_000940,ASTR 4B,2024SP,S03,INST_ASTR4B_03,2025SP,20241,ASTR 4B__2024SP,ASTR 4B__2024SP__S03,0,pre,3.3,0.9314202872713531,3.375,3.4,3.1666666666666665,3.4,3.1666666666666665,-0.40864478840256285,-0.1597786317135771,-0.5797003006762981,-0.08213996665732322,-0.5741342972968816,3.3,-0.4275719126553268,0.066375,0.305104,0.046909,0.121191,-1.622277,1.142912,-1.34547,-1.770202,-0,0,-0,-0,-4.3058839028987625,-2.2081069761563694,-3.850829570195802,-4.252751505621892,-2.8087336625271178,-0.4616834338869613
STU_001417,ASTR 4B,2024SP,S03,INST_ASTR4B_03,2025SP,20241,ASTR 4B__2024SP,ASTR 4B__2024SP__S03,0,pre,2,-0.7033370001179466,3.25,3.2,2.6666666666666665,2.8,2.6666666666666665,-0.6586467502500923,-0.5325954390452579,-1.546689738400186,-1.205356254901651,-1.534563790356816,2.933333333333333,-1.228219003034139,0.066375,0.305104,0.046909,0.121191,-1.622277,1.142912,-1.34547,-1.770202,-0,0,-0,-0,-10.717345283721803,-5.635303671087094,-9.775265509373309,-11.062602461621927,-7.075153842424225,-1.17318914476087
STU_001158,ASTR 4B,2024SP,S04,INST_ASTR4B_01,2025SP,20241,ASTR 4B__2024SP,ASTR 4B__2024SP__S04,0,pre,2.3,-0.3260853184127238,3.25,3.6,3.1666666666666665,3.6,3,-0.6586467502500923,0.21303817561810445,-0.5797003006762981,0.29226546275745297,-0.8942774616501927,3.3,-0.4275719126553268,0.066375,0.305104,0.046909,0.121191,-1.622277,1.142912,-1.34547,-1.770202,-0,0,-0,-0,-4.140426259152522,-1.879257696892358,-3.636011880172637,-3.883594834038386,-2.815230099080104,-0.4338435351966375
STU_001426,ASTR 4B,2024SP,S05,INST_ASTR4B_02,2025SP,20241,ASTR 4B__2024SP,ASTR 4B__2024SP__S05,0,pre,2,-0.7033370001179466,2.625,3,2.5,3.2,2.8333333333333335,-1.9086565594877396,-0.9054122463769394,-1.869019550974815,-0.4565453960720986,-1.214420626003504,2.8,-1.519363399535525,0.066375,0.305104,0.046909,0.121191,-1.622277,1.142912,-1.34547,-1.770202,-0,0,-0,-0,-13.595701181139779,-7.026477554738931,-12.012399952019246,-13.317256858908012,-8.343174733161481,-1.4410623080302107
STU_000114,ASTR 4B,2024SP,S05,INST_ASTR4B_02,2025SP,20241,ASTR 4B__2024SP,ASTR 4B__2024SP__S05,0,pre,3,0.5541686055661302,3.75,3.8,3.8333333333333335,3.4,3.3333333333333335,0.3413610971400255,0.5858549829497852,0.7096189496222199,-0.08213996665732322,-0.2539911329435696,3.6333333333333333,0.300289078598139,0.066375,0.305104,0.046909,0.121191,-1.622277,1.142912,-1.34547,-1.770202,-0,0,-0,-0,2.4386481339833885,1.4893121977116042,2.2969450565804554,2.355961780886801,1.2169770903994497,0.25973880935157817
STU_000844,ASTR 4B,2024F,S01,INST_ASTR4B_01,2025SP,20243,ASTR 4B__2024F,ASTR 4B__2024F__S01,0,pre,2.7,0.17691692386090738,3.75,4,3.8333333333333335,3.8,3.6666666666666665,0.3413610971400255,0.9586717902814668,0.7096189496222199,0.6666708921722283,0.3862951957630527,3.8,0.6642195742248714,0.066375,0.305104,0.046909,0.121191,-1.622277,1.142912,-1.34547,-1.770202,-0,0,-0,-0,5.691224769624549,3.334737092282412,5.167118766843346,5.907738438039183,3.529133084697148,0.6246734201805674
STU_000382,ASTR 4B,2024F,S01,INST_ASTR4B_01,2025SP,20243,ASTR 4B__2024F,ASTR 4B__2024F__S01,0,pre,2.7,0.17691692386090738,3.875,3.6,3.6666666666666665,3.6,3.8333333333333335,0.5913630589875549,0.21303817561810445,0.38728913704759005,0.29226546275745297,0.7064383601163647,3.7333333333333334,0.5186473759741789,0.066375,0.305104,0.046909,0.121191,-1.622277,1.142912,-1.34547,-1.770202,-0,0,-0,-0,4.466235528944392,2.2648564582822397,3.879715637481167,4.433083923593034,2.902605988861553,0.47581574474492067
STU_001211,ASTR 4B,2024F,S01,INST_ASTR4B_01,2025SP,20243,ASTR 4B__2024F,ASTR 4B__2024F__S01,0,pre,2.7,0.17691692386090738,4,3.6,4,3.6,3.6666666666666665,0.8413650208350845,0.21303817561810445,1.031948762196849,0.29226546275745297,0.3862951957630527,3.8,0.6642195742248714,0.066375,0.305104,0.046909,0.121191,-1.622277,1.142912,-1.34547,-1.770202,-0,0,-0,-0,5.854638514031991,2.912535139822647,5.247558410815046,5.742455478155124,3.531825267700185,0.6197710588866919
STU_000117,ASTR 4B,2024F,S01,INST_ASTR4B_01,2025SP,20243,ASTR 4B__2024F,ASTR 4B__2024F__S01,0,pre,2,-0.7033370001179466,2.875,2.6,2.6666666666666665,2.8,2.5,-1.4086526357926807,-1.6510458610403016,-1.546689738400186,-1.205356254901651,-1.8547069547101271,2.7,-1.7377216969115639,0.066375,0.305104,0.046909,0.121191,-1.622277,1.142912,-1.34547,-1.770202,-0,0,-0,-0,-15.006281615767525,-8.202616232680652,-13.310266261787193,-15.179946247310925,-9.611804333569165,-1.6222381998006736
STU_000665,ASTR 4B,2024F,S01,INST_ASTR4B_01,2025SP,20243,ASTR 4B__2024F,ASTR 4B__2024F__S01,0,pre,2.3,-0.3260853184127238,3,3.2,3.1666666666666665,3.8,3.5,-1.1586506739451512,-0.5325954390452579,-0.5797003006762981,0.6666708921722283,0.06615203140974155,3.3,-0.4275719126553268,0.066375,0.305104,0.046909,0.121191,-1.622277,1.142912,-1.34547,-1.770202,-0,0,-0,-0,-4.320676633222948,-2.2525893515094904,-3.604120488946443,-3.752154740918472,-2.2474447429558904,-0.42967103443831334
STU_000513,ASTR 4B,2024F,S01,INST_ASTR4B_01,2025SP,20243,ASTR 4B__2024F,ASTR 4B__2024F__S01,0,pre,0,-3.2183482114861004,2.875,2.2,2.6666666666666665,2.6,2.5,-1.4086526357926807,-2.396679475703664,-1.546689738400186,-1.5797616843164264,-1.8547069547101271,2.6,-1.9560799942876037,0.066375,0.305104,0.046909,0.121191,-1.622277,1.142912,-1.34547,-1.770202,-0,0,-0,-0,-16.928162438648656,-9.59032551884872,-15.0331838844336,-17.27870275067216,-10.796849950183175,-1.8400520043360065
STU_000707,ASTR 4B,2024F,S01,INST_ASTR4B_01,2025SP,20243,ASTR 4B__2024F,ASTR 4B__2024F__S01,0,pre,1.7,-1.0805886818231698,3.125,2.6,3.1666666666666665,3,2.8333333333333335,-0.9086487120976218,-1.6510458610403016,-0.5797003006762981,-0.8309508254868748,-1.214420626003504,2.966666666666667,-1.1554329039087916,0.066375,0.305104,0.046909,0.121191,-1.622277,1.142912,-1.34547,-1.770202,-0,0,-0,-0,-10.183249500452776,-5.83960426046844,-8.857269310129777,-10.308751211045022,-6.530513611013947,-1.1010231608178445
STU_000456,ASTR 4B,2024F,S01,INST_ASTR4B_01,2025SP,20243,ASTR 4B__2024F,ASTR 4B__2024F__S01,0,pre,2.7,0.17691692386090738,2.25,1.8,2.3333333333333335,2.6,2,-2.658662445030328,-3.1423130903670264,-2.191349363549444,-1.5797616843164264,-2.8151364477700613,2.2,-2.829513183791762,0.066375,0.305104,0.046909,0.121191,-1.622277,1.142912,-1.34547,-1.770202,-0,0,-0,-0,-24.07628185170547,-13.355609186145553,-21.065886621489657,-24.104751033309444,-15.234949709006917,-2.586693071108457
STU_001188,ASTR 4B,2024F,S02,INST_ASTR4B_02,2025SP,20243,ASTR 4B__2024F,ASTR 4B__2024F__S02,0,pre,2,-0.7033370001179466,3.875,3.2,3.6666666666666665,3.2,4,0.5913630589875549,-0.5325954390452579,0.38728913704759005,-0.4565453960720986,1.0265815244696759,3.6333333333333333,0.300289078598139,0.066375,0.305104,0.046909,0.121191,-1.622277,1.142912,-1.34547,-1.770202,-0,0,-0,-0,2.6373531662778147,0.9314812271488433,2.2281142759169335,2.311107427944381,1.9722851748570978,0.267912263330849
STU_000496,ASTR 4B,2024F,S02,INST_ASTR4B_02,2025SP,20243,ASTR 4B__2024F,ASTR 4B__2024F__S02,0,pre,1,-1.9608426058020236,2.625,2,2.1666666666666665,2.2,2.3333333333333335,-1.9086565594877396,-2.7694962830353456,-2.513679176124074,-2.328572543145978,-2.1748501190634384,2.3,-2.611154886415723,0.066375,0.305104,0.046909,0.121191,-1.622277,1.142912,-1.34547,-1.770202,-0,0,-0,-0,-22.355307841396662,-12.41770999330087,-19.957008810260643,-22.849683001463216,-14.1172659270369,-2.426953050477834
STU_000135,ASTR 4B,2024F,S02,INST_ASTR4B_02,2025SP,20243,ASTR 4B__2024F,ASTR 4B__2024F__S02,0,pre,0.7,-2.338094287507247,2.375,2.4,2.3333333333333335,2.4,2.8333333333333335,-2.4086604831827985,-2.0238626683719834,-2.191349363549444,-1.9541671137312024,-1.214420626003504,2.466666666666667,-2.2472243907889897,0.066375,0.305104,0.046909,0.121191,-1.622277,1.142912,-1.34547,-1.770202,-0,0,-0,-0,-19.74127882239747,-10.638407980484502,-17.35802965961954,-19.844028060572736,-11.90749575138849,-2.109265903661146
STU_000133,ASTR 4B,2024F,S02,INST_ASTR4B_02,2025SP,20243,ASTR 4B__2024F,ASTR 4B__2024F__S02,0,pre,1.7,-1.0805886818231698,3.125,2.8,2.6666666666666665,3.2,3,-0.9086487120976218,-1.278229053708621,-1.546689738400186,-0.4565453960720986,-0.8942774616501927,2.966666666666667,-1.1554329039087916,0.066375,0.305104,0.046909,0.121191,-1.622277,1.142912,-1.34547,-1.770202,-0,0,-0,-0,-10.370821310013781,-5.764699804109458,-9.390225209767971,-10.399238458981143,-6.478439996775218,-1.1218956792580517
STU_000800,ASTR 4B,2024F,S02,INST_ASTR4B_02,2025SP,20243,ASTR 4B__2024F,ASTR 4B__2024F__S02,0,pre,3,0.5541686055661302,4.125,3.8,3,3.4,3.8333333333333335,1.0913669826826138,0.5858549829497852,-0.9020301132509271,-0.08213996665732322,0.7064383601163647,3.6666666666666665,0.3730751777234853,0.066375,0.305104,0.046909,0.121191,-1.622277,1.142912,-1.34547,-1.770202,-0,0,-0,-0,3.484290346192006,1.8788935737154568,2.3168891914725886,3.093281745905181,2.178662926794576,0.34067413955347886
STU_001045,ASTR 4B,2024F,S03,INST_ASTR4B_03,2025SP,20243,ASTR 4B__2024F,ASTR 4B__2024F__S03,0,pre,3.3,0.9314202872713531,3.25,3.2,3.5,3.2,3.8333333333333335,-0.6586467502500923,-0.5325954390452579,0.06495932447296097,-0.4565453960720986,0.7064383601163647,3.4,-0.20921361527928692,0.066375,0.305104,0.046909,0.121191,-1.622277,1.142912,-1.34547,-1.770202,-0,0,-0,-0,-2.166747090089744,-1.2320493598379958,-1.6291771463256588,-2.0572829424164154,-0.7805028896445598,-0.21112274404497391
STU_000651,ASTR 4B,2024F,S03,INST_ASTR4B_03,2025SP,20243,ASTR 4B__2024F,ASTR 4B__2024F__S03,0,pre,2.7,0.17691692386090738,2.75,2.8,2.3333333333333335,2.4,2.8333333333333335,-1.65865459764021,-1.278229053708621,-2.191349363549444,-1.9541671137312024,-1.214420626003504,2.6333333333333333,-1.8832938951622573,0.066375,0.305104,0.046909,0.121191,-1.622277,1.142912,-1.34547,-1.770202,-0,0,-0,-0,-16.727206824988748,-8.888092049141406,-14.928144805041356,-17.009096048296833,-10.246191418198734,-1.800244446651552
STU_000669,ASTR 4B,2024F,S03,INST_ASTR4B_03,2025SP,20243,ASTR 4B__2024F,ASTR 4B__2024F__S03,0,pre,3,0.5541686055661302,3.625,3.8,3.6666666666666665,3.2,3.6666666666666665,0.09135913529249606,0.5858549829497852,0.38728913704759005,-0.4565453960720986,0.3862951957630527,3.6,0.22750297947279274,0.066375,0.305104,0.046909,0.121191,-1.622277,1.142912,-1.34547,-1.770202,-0,0,-0,-0,1.826084761656517,1.2165148886629245,1.7204068143426048,1.7315583481069292,1.2717878746672253,0.2021363799923048
STU_000787,ASTR 4B,2024F,S03,INST_ASTR4B_03,2025SP,20243,ASTR 4B__2024F,ASTR 4B__2024F__S03,0,pre,2.3,-0.3260853184127238,4,3.8,3.3333333333333335,3.8,3.5,0.8413650208350845,0.5858549829497852,-0.25737048810166807,0.6666708921722283,0.06615203140974155,3.7,0.4458612768488326,0.066375,0.305104,0.046909,0.121191,-1.622277,1.142912,-1.34547,-1.770202,-0,0,-0,-0,4.186349747537542,2.243556529059402,3.262095410200284,4.100355305603602,2.335531468310978,0.42865455711451034
STU_000400,ASTR 4B,2024F,S04,INST_ASTR4B_01,2025SP,20243,ASTR 4B__2024F,ASTR 4B__2024F__S04,0,pre,3.7,1.4344225295449842,4.125,3.8,4.333333333333333,4,4.166666666666667,1.0913669826826138,0.5858549829497852,1.6766083873461073,1.0410763215870045,1.3467246888229878,4.1,1.31929446635299,0.066375,0.305104,0.046909,0.121191,-1.622277,1.142912,-1.34547,-1.770202,-0,0,-0,-0,12.027162846772736,6.211477416179782,10.835783552048358,12.190263472647285,7.692650141466266,1.2992579305221763
STU_000159,ASTR 4B,2024F,S04,INST_ASTR4B_01,2025SP,20243,ASTR 4B__2024F,ASTR 4B__2024F__S04,0,pre,2.7,0.17691692386090738,2.625,2.8,2.3333333333333335,2.8,2.5,-1.9086565594877396,-1.278229053708621,-2.191349363549444,-1.205356254901651,-1.8547069547101271,2.6,-1.9560799942876037,0.066375,0.305104,0.046909,0.121191,-1.622277,1.142912,-1.34547,-1.770202,-0,0,-0,-0,-16.916576829976066,-8.939522797277869,-15.051049219168721,-16.96241578995043,-10.68141772722029,-1.8172390897644173
STU_000446,ASTR 4B,2025SP,S01,INST_ASTR4B_01,2025SP,20251,ASTR 4B__2025SP,ASTR 4B__2025SP__S01,1,post,2.7,0.17691692386090738,3.25,3.4,3,2.8,2.8333333333333335,-0.6586467502500923,-0.1597786317135771,-0.9020301132509271,-1.205356254901651,-1.214420626003504,3.066666666666667,-0.9370746065327518,0.066375,0.305104,0.046909,0.121191,-1.622277,1.142912,-1.34547,-1.770202,-1.622277,1.142912,-1.34547,-1.770202,-8.245965598888708,-4.1870242632583015,-7.36928384766402,-8.545637054617682,-5.445434378721895,-0.8971478836456105
STU_001523,ASTR 4B,2025SP,S01,INST_ASTR4B_01,2025SP,20251,ASTR 4B__2025SP,ASTR 4B__2025SP__S01,1,post,1.3,-1.5835909240968005,3.75,3.8,3.5,3.6,3.6666666666666665,0.3413610971400255,0.5858549829497852,0.06495932447296097,0.29226546275745297,0.3862951957630527,3.6666666666666665,0.3730751777234853,0.066375,0.305104,0.046909,0.121191,-1.622277,1.142912,-1.34547,-1.770202,-1.622277,1.142912,-1.34547,-1.770202,3.3065039722190455,1.8890288150890615,2.802683195009843,3.31161290393381,2.110004553832637,0.3540741435886756
STU_000892,ASTR 4B,2025SP,S01,INST_ASTR4B_01,2025SP,20251,ASTR 4B__2025SP,ASTR 4B__2025SP__S01,1,post,3.3,0.9314202872713531,3.25,3.4,2.8333333333333335,3.2,2.6666666666666665,-0.6586467502500923,-0.1597786317135771,-1.2243599258255562,-0.4565453960720986,-1.534563790356816,3.066666666666667,-0.9370746065327518,0.066375,0.305104,0.046909,0.121191,-1.622277,1.142912,-1.34547,-1.770202,-1.622277,1.142912,-1.34547,-1.770202,-8.118744000263584,-4.1249731513619805,-7.3797595122899615,-8.191964347990755,-5.439763788973797,-0.8813057640072044
STU_000298,ASTR 4B,2025SP,S01,INST_ASTR4B_01,2025SP,20251,ASTR 4B__2025SP,ASTR 4B__2025SP__S01,1,post,2,-0.7033370001179466,3.75,4,3.6666666666666665,3.8,3.5,0.3413610971400255,0.9586717902814668,0.38728913704759005,0.6666708921722283,0.06615203140974155,3.7333333333333334,0.5186473759741789,0.066375,0.305104,0.046909,0.121191,-1.622277,1.142912,-1.34547,-1.770202,-1.622277,1.142912,-1.34547,-1.770202,4.425184849185723,2.6902665292263475,3.8964475050887244,4.585795491204461,2.599861633958757,0.48100467791928553
STU_000436,ASTR 4B,2025SP,S01,INST_ASTR4B_01,2025SP,20251,ASTR 4B__2025SP,ASTR 4B__2025SP__S01,1,post,1.7,-1.0805886818231698,3.125,2.8,3,3.8,3.6666666666666665,-0.9086487120976218,-1.278229053708621,-0.9020301132509271,0.6666708921722283,0.3862951957630527,3.2666666666666666,-0.5003580117806731,0.066375,0.305104,0.046909,0.121191,-1.622277,1.142912,-1.34547,-1.770202,-1.622277,1.142912,-1.34547,-1.770202,-4.833261713985594,-2.923688636513876,-4.269622519779764,-4.386668148274991,-2.504101117100374,-0.4995648042706174
STU_001173,ASTR 4B,2025SP,S01,INST_ASTR4B_01,2025SP,20251,ASTR 4B__2025SP,ASTR 4B__2025SP__S01,1,post,0.7,-2.338094287507247,3.125,2.2,3.3333333333333335,2.6,2.6666666666666665,-0.9086487120976218,-2.396679475703664,-0.25737048810166807,-1.5797616843164264,-1.534563790356816,2.8333333333333335,-1.4465773004101776,0.066375,0.305104,0.046909,0.121191,-1.622277,1.142912,-1.34547,-1.770202,-1.622277,1.142912,-1.34547,-1.770202,-12.541338776158218,-7.453369338277421,-10.829502063565803,-12.952505160209942,-8.128154748255136,-1.3678591304411376
STU_001212,ASTR 4B,2025SP,S01,INST_ASTR4B_01,2025SP,20251,ASTR 4B__2025SP,ASTR 4B__2025SP__S01,1,post,2.7,0.17691692386090738,3.25,2.8,3.3333333333333335,2.8,3,-0.6586467502500923,-1.278229053708621,-0.25737048810166807,-1.205356254901651,-0.8942774616501927,3.066666666666667,-0.9370746065327518,0.066375,0.305104,0.046909,0.121191,-1.622277,1.142912,-1.34547,-1.770202,-1.622277,1.142912,-1.34547,-1.770202,-8.329338348247449,-4.790787639200193,-7.201422414813454,-8.608803594429036,-5.295356935743774,-0.9042699244192697
STU_000743,ASTR 4B,2025SP,S02,INST_ASTR4B_02,2025SP,20251,ASTR 4B__2025SP,ASTR 4B__2025SP__S02,1,post,2.3,-0.3260853184127238,3,3.2,3.1666666666666665,3.2,3.3333333333333335,-1.1586506739451512,-0.5325954390452579,-0.5797003006762981,-0.4565453960720986,-0.2539911329435696,3.1666666666666665,-0.7187163091567129,0.066375,0.305104,0.046909,0.121191,-1.622277,1.142912,-1.34547,-1.770202,-1.622277,1.142912,-1.34547,-1.770202,-6.705149492225698,-3.4669170851402646,-5.70055834572147,-6.5218513296008815,-3.8576389473922976,-0.6982398022784762
STU_000087,ASTR 4B,2025SP,S02,INST_ASTR4B_02,2025SP,20251,ASTR 4B__2025SP,ASTR 4B__2025SP__S02,1,post,2.7,0.17691692386090738,3.875,4.4,4.333333333333333,4.2,4.166666666666667,0.5913630589875549,1.7043054049448298,1.6766083873461073,1.4154817510017808,1.3467246888229878,4.166666666666667,1.4648666646036845,0.066375,0.305104,0.046909,0.121191,-1.622277,1.142912,-1.34547,-1.770202,-1.622277,1.142912,-1.34547,-1.770202,12.997540840763834,7.444553900526319,11.882617484143104,13.509216554529932,8.326893753728369,1.4317023506904847
STU_000855,ASTR 4B,2025SP,S02,INST_ASTR4B_02,2025SP,20251,ASTR 4B__2025SP,ASTR 4B__2025SP__S02,1,post,2,-0.7033370001179466,3.25,3.2,3,3,2.6666666666666665,-0.6586467502500923,-0.5325954390452579,-0.9020301132509271,-0.8309508254868748,-1.534563790356816,3.033333333333333,-1.009860705658099,0.066375,0.305104,0.046909,0.121191,-1.622277,1.142912,-1.34547,-1.770202,-1.622277,1.142912,-1.34547,-1.770202,-8.907389392811389,-4.728590717916286,-7.98475702946492,-9.126527734549903,-5.978776926639151,-0.9717897308646726
STU_000346,ASTR 4B,2025SP,S02,INST_ASTR4B_02,2025SP,20251,ASTR 4B__2025SP,ASTR 4B__2025SP__S02,1,post,2,-0.7033370001179466,3.5,2.8,3,3.4,2.8333333333333335,-0.1586428265550334,-1.278229053708621,-0.9020301132509271,-0.08213996665732322,-1.214420626003504,3.1333333333333333,-0.7915024082820592,0.066375,0.305104,0.046909,0.121191,-1.622277,1.142912,-1.34547,-1.770202,-1.622277,1.142912,-1.34547,-1.770202,-6.7221035975354155,-4.097038915864932,-6.221157075941677,-6.870139836296802,-4.620950100521805,-0.7490444852548187
STU_000366,ASTR 4B,2025SP,S02,INST_ASTR4B_02,2025SP,20251,ASTR 4B__2025SP,ASTR 4B__2025SP__S02,1,post,2.3,-0.3260853184127238,3.75,4,3.6666666666666665,3.6,3.3333333333333335,0.3413610971400255,0.9586717902814668,0.38728913704759005,0.29226546275745297,-0.2539911329435696,3.6666666666666665,0.3730751777234853,0.066375,0.305104,0.046909,0.121191,-1.622277,1.142912,-1.34547,-1.770202,-1.622277,1.142912,-1.34547,-1.770202,3.286678395378293,2.1227159053714404,2.9187910915483752,3.2979067048201185,1.721599295584441,0.35257638390066165
STU_000483,ASTR 4B,2025SP,S02,INST_ASTR4B_02,2025SP,20251,ASTR 4B__2025SP,ASTR 4B__2025SP__S02,1,post,1.7,-1.0805886818231698,2.75,2.4,2.3333333333333335,2.4,2.5,-1.65865459764021,-2.0238626683719834,-2.191349363549444,-1.9541671137312024,-1.8547069547101271,2.5,-2.1744382916636433,0.066375,0.305104,0.046909,0.121191,-1.622277,1.142912,-1.34547,-1.770202,-1.622277,1.142912,-1.34547,-1.770202,-18.785258642640073,-10.309044310598393,-16.786040453935687,-19.176459178715735,-11.819709035346591,-2.036137832833757
STU_000391,ASTR 4B,2025SP,S02,INST_ASTR4B_02,2025SP,20251,ASTR 4B__2025SP,ASTR 4B__2025SP__S02,1,post,1.3,-1.5835909240968005,3,3.2,3,3.4,3.3333333333333335,-1.1586506739451512,-0.5325954390452579,-0.9020301132509271,-0.08213996665732322,-0.2539911329435696,3.1666666666666665,-0.7187163091567129,0.066375,0.305104,0.046909,0.121191,-1.622277,1.142912,-1.34547,-1.770202,-1.622277,1.142912,-1.34547,-1.770202,-6.605990638485824,-3.44517313601787,-5.764196627278791,-6.347027773601565,-3.833611206208898,-0.6906182022090938
STU_000266,ASTR 4B,2025SP,S03,INST_ASTR4B_03,2025SP,20251,ASTR 4B__2025SP,ASTR 4B__2025SP__S03,1,post,2.3,-0.3260853184127238,3.375,3.4,3.3333333333333335,3,2.8333333333333335,-0.40864478840256285,-0.1597786317135771,-0.25737048810166807,-0.8309508254868748,-1.214420626003504,3.2,-0.6459302100313656,0.066375,0.305104,0.046909,0.121191,-1.622277,1.142912,-1.34547,-1.770202,-1.622277,1.142912,-1.34547,-1.770202,-5.847394924539831,-3.0168332765605133,-5.1214504722065435,-6.082315504127406,-4.064291945116773,-0.6387622273461921
STU_001018,ASTR 4B,2025SP,S03,INST_ASTR4B_03,2025SP,20251,ASTR 4B__2025SP,ASTR 4B__2025SP__S03,1,post,2,-0.7033370001179466,4,3.6,3.5,3,3.3333333333333335,0.8413650208350845,0.21303817561810445,0.06495932447296097,-0.8309508254868748,-0.2539911329435696,3.533333333333333,0.0819307812220992,0.066375,0.305104,0.046909,0.121191,-1.622277,1.142912,-1.34547,-1.770202,-1.622277,1.142912,-1.34547,-1.770202,0.6433548426770784,0.26292143476211804,0.29807370032440156,0.08246431442891183,0.0014795390723852998,0.03495375054028137
STU_000705,ASTR 4B,2025SP,S03,INST_ASTR4B_03,2025SP,20251,ASTR 4B__2025SP,ASTR 4B__2025SP__S03,1,post,2.7,0.17691692386090738,3.375,3.4,3.3333333333333335,3.4,3.6666666666666665,-0.40864478840256285,-0.1597786317135771,-0.25737048810166807,-0.08213996665732322,0.3862951957630527,3.433333333333333,-0.13642751615394064,0.066375,0.305104,0.046909,0.121191,-1.622277,1.142912,-1.34547,-1.770202,-1.622277,1.142912,-1.34547,-1.770202,-1.757375680350845,-0.9045828814144012,-1.5055136928380313,-1.6516418664915686,-0.765098925626031,-0.17669233531725495
STU_000015,ASTR 4B,2025SP,S03,INST_ASTR4B_03,2025SP,20251,ASTR 4B__2025SP,ASTR 4B__2025SP__S03,1,post,2.7,0.17691692386090738,2.5,2.4,2.8333333333333335,2.6,3,-2.158658521335269,-2.0238626683719834,-1.2243599258255562,-1.5797616843164264,-0.8942774616501927,2.6666666666666665,-1.8105077960369111,0.066375,0.305104,0.046909,0.121191,-1.622277,1.142912,-1.34547,-1.770202,-1.622277,1.142912,-1.34547,-1.770202,-15.74600818771628,-8.64821314737108,-13.58822224239789,-15.749840640607518,-9.42155985935233,-1.674194446794656
STU_001434,ASTR 4B,2025SP,S03,INST_ASTR4B_03,2025SP,20251,ASTR 4B__2025SP,ASTR 4B__2025SP__S03,1,post,1.7,-1.0805886818231698,3.375,3,3.3333333333333335,3.4,3.3333333333333335,-0.40864478840256285,-0.9054122463769394,-0.25737048810166807,-0.08213996665732322,-0.2539911329435696,3.3,-0.4275719126553268,0.066375,0.305104,0.046909,0.121191,-1.622277,1.142912,-1.34547,-1.770202,-1.622277,1.142912,-1.34547,-1.770202,-3.7165301368641632,-2.2880409558940693,-3.2057675715030816,-3.674399850514509,-2.2554726457169365,-0.39849140415732587
STU_001176,ASTR 4B,2025SP,S03,INST_ASTR4B_03,2025SP,20251,ASTR 4B__2025SP,ASTR 4B__2025SP__S03,1,post,2,-0.7033370001179466,3.375,3.2,2.8333333333333335,3.6,3.1666666666666665,-0.40864478840256285,-0.5325954390452579,-1.2243599258255562,0.29226546275745297,-0.5741342972968816,3.2333333333333334,-0.5731441109060194,0.066375,0.305104,0.046909,0.121191,-1.622277,1.142912,-1.34547,-1.770202,-1.622277,1.142912,-1.34547,-1.770202,-5.0913497229282685,-2.790223910718616,-4.791655622804734,-4.958122797235871,-3.159910761344416,-0.5500562745376408
STU_001197,ASTR 4B,2025SP,S03,INST_ASTR4B_03,2025SP,20251,ASTR 4B__2025SP,ASTR 4B__2025SP__S03,1,post,2.3,-0.3260853184127238,3,3,3.1666666666666665,3.2,3,-1.1586506739451512,-0.9054122463769394,-0.5797003006762981,-0.4565453960720986,-0.8942774616501927,3.066666666666667,-0.9370746065327518,0.066375,0.305104,0.046909,0.121191,-1.622277,1.142912,-1.34547,-1.770202,-1.622277,1.142912,-1.34547,-1.770202,-8.629666619985956,-4.641581111723945,-7.418638219152975,-8.506100092032593,-5.388913562302268,-0.915568538974509
STU_000602,ASTR 4B,2025F,S01,INST_ASTR4B_01,2025SP,20253,ASTR 4B__2025F,ASTR 4B__2025F__S01,1,post,2.3,-0.3260853184127238,3.75,3.4,4,3.6,3.3333333333333335,0.3413610971400255,-0.1597786317135771,1.031948762196849,0.29226546275745297,-0.2539911329435696,3.6333333333333333,0.300289078598139,0.066375,0.305104,0.046909,0.121191,-1.622277,1.142912,-1.34547,-1.770202,-1.622277,1.142912,-1.34547,-1.770202,2.5797616389677036,1.174819649118628,2.5289194698367323,2.5824315720786144,1.3009714885976362,0.27388193675817185
STU_000021,ASTR 4B,2025F,S01,INST_ASTR4B_01,2025SP,20253,ASTR 4B__2025F,ASTR 4B__2025F__S01,1,post,3,0.5541686055661302,3.875,3.6,3.8333333333333335,4.2,4.166666666666667,0.5913630589875549,0.21303817561810445,0.7096189496222199,1.4154817510017808,1.3467246888229878,3.933333333333333,0.9553639707262576,0.066375,0.305104,0.046909,0.121191,-1.622277,1.142912,-1.34547,-1.770202,-1.622277,1.142912,-1.34547,-1.770202,8.41787379718325,4.2862994536427435,7.46999838645585,8.818009319917644,5.62953415135582,0.9189198279069417
STU_000835,ASTR 4B,2025F,S01,INST_ASTR4B_01,2025SP,20253,ASTR 4B__2025F,ASTR 4B__2025F__S01,1,post,3,0.5541686055661302,3.875,3.8,4.333333333333333,3.2,3.8333333333333335,0.5913630589875549,0.5858549829497852,1.6766083873461073,-0.4565453960720986,0.7064383601163647,3.8333333333333335,0.7370056733502187,0.066375,0.305104,0.046909,0.121191,-1.622277,1.142912,-1.34547,-1.770202,-1.622277,1.142912,-1.34547,-1.770202,6.533241474669949,3.516995726113166,6.182348616093476,6.320800974391827,4.113661850641049,0.7055360915578195
STU_000223,ASTR 4B,2025F,S01,INST_ASTR4B_01,2025SP,20253,ASTR 4B__2025F,ASTR 4B__2025F__S01,1,post,2.3,-0.3260853184127238,3.75,2.4,3,3.2,3.1666666666666665,0.3413610971400255,-2.0238626683719834,-0.9020301132509271,-0.4565453960720986,-0.5741342972968816,3.1666666666666665,-0.7187163091567129,0.066375,0.305104,0.046909,0.121191,-1.622277,1.142912,-1.34547,-1.770202,-1.622277,1.142912,-1.34547,-1.770202,-5.91855853072797,-4.134839038371923,-5.668770378547624,-6.32641097556471,-3.926166227239312,-0.6794094859401161
STU_001284,ASTR 4B,2025F,S01,INST_ASTR4B_01,2025SP,20253,ASTR 4B__2025F,ASTR 4B__2025F__S01,1,post,2,-0.7033370001179466,2.75,3.2,3.1666666666666665,2.6,3.3333333333333335,-1.65865459764021,-0.5325954390452579,-0.5797003006762981,-1.5797616843164264,-0.2539911329435696,3,-1.0826468047834452,0.066375,0.305104,0.046909,0.121191,-1.622277,1.142912,-1.34547,-1.770202,-1.622277,1.142912,-1.34547,-1.770202,-10.098340084560586,-5.065523413628032,-8.488053632763291,-10.085989462246253,-5.760775322407057,-1.0536468201732778
STU_000268,ASTR 4B,2025F,S01,INST_ASTR4B_01,2025SP,20253,ASTR 4B__2025F,ASTR 4B__2025F__S01,1,post,2.7,0.17691692386090738,3.75,3.6,4,3.2,4.166666666666667,0.3413610971400255,0.21303817561810445,1.031948762196849,-0.4565453960720986,1.3467246888229878,3.7666666666666666,0.5914334750995252,0.066375,0.305104,0.046909,0.121191,-1.622277,1.142912,-1.34547,-1.770202,-1.622277,1.142912,-1.34547,-1.770202,5.235137584778662,2.6926984585688207,4.884403440506448,5.097874767671635,3.8080729934168294,0.5722882836078231
STU_001557,ASTR 4B,2025F,S01,INST_ASTR4B_01,2025SP,20253,ASTR 4B__2025F,ASTR 4B__2025F__S01,1,post,3,0.5541686055661302,3.125,3.2,3.1666666666666665,3.6,3.6666666666666665,-0.9086487120976218,-0.5325954390452579,-0.5797003006762981,0.29226546275745297,0.3862951957630527,3.3333333333333335,-0.3547858135299795,0.066375,0.305104,0.046909,0.121191,-1.622277,1.142912,-1.34547,-1.770202,-1.622277,1.142912,-1.34547,-1.770202,-3.646245003583436,-1.9534843733198957,-3.1187408754863943,-3.2937208966085345,-1.8060456976691064,-0.3678050329324555
STU_001560,ASTR 4B,2025F,S02,INST_ASTR4B_02,2025SP,20253,ASTR 4B__2025F,ASTR 4B__2025F__S02,1,post,2,-0.7033370001179466,3.5,3.4,3.6666666666666665,3.4,3.3333333333333335,-0.1586428265550334,-0.1597786317135771,0.38728913704759005,-0.08213996665732322,-0.2539911329435696,3.466666666666667,-0.06364141702859338,0.066375,0.305104,0.046909,0.121191,-1.622277,1.142912,-1.34547,-1.770202,-1.622277,1.142912,-1.34547,-1.770202,-0.5460145989232001,-0.32297880454194017,-0.26795328745912395,-0.5253541279321716,-0.43327550188238256,-0.054316564759919195
STU_000057,ASTR 4B,2025F,S02,INST_ASTR4B_02,2025SP,20253,ASTR 4B__2025F,ASTR 4B__2025F__S02,1,post,3,0.5541686055661302,2.75,3.2,3,3,3.6666666666666665,-1.65865459764021,-0.5325954390452579,-0.9020301132509271,-0.8309508254868748,0.3862951957630527,3.1,-0.8642885074074055,0.066375,0.305104,0.046909,0.121191,-1.622277,1.142912,-1.34547,-1.770202,-1.622277,1.142912,-1.34547,-1.770202,-8.261309234955375,-4.17482505448306,-7.01570954024049,-8.012789880150347,-4.384061478690174,-0.8506332051994532
STU_000161,ASTR 4B,2025F,S02,INST_ASTR4B_02,2025SP,20253,ASTR 4B__2025F,ASTR 4B__2025F__S02,1,post,2.7,0.17691692386090738,3.375,3,3.1666666666666665,3,3.1666666666666665,-0.40864478840256285,-0.9054122463769394,-0.5797003006762981,-0.8309508254868748,-0.5741342972968816,3.1666666666666665,-0.7187163091567129,0.066375,0.305104,0.046909,0.121191,-1.622277,1.142912,-1.34547,-1.770202,-1.622277,1.142912,-1.34547,-1.770202,-6.236414311779958,-3.5947393611131075,-5.589575748479815,-6.49897065514038,-3.9443566438325957,-0.6838330683005465
STU_001204,ASTR 4B,2025F,S02,INST_ASTR4B_02,2025SP,20253,ASTR 4B__2025F,ASTR 4B__2025F__S02,1,post,1.3,-1.5835909240968005,3.375,3.2,2.6666666666666665,3.2,3.1666666666666665,-0.40864478840256285,-0.5325954390452579,-1.546689738400186,-0.4565453960720986,-0.5741342972968816,3.1333333333333333,-0.7915024082820592,0.066375,0.305104,0.046909,0.121191,-1.622277,1.142912,-1.34547,-1.770202,-1.622277,1.142912,-1.34547,-1.770202,-7.376131108732304,-3.9877560963952643,-6.934283163397225,-7.519986794163975,-4.628537200738331,-0.8072916611195513
STU_000757,ASTR 4B,2025F,S02,INST_ASTR4B_02,2025SP,20253,ASTR 4B__2025F,ASTR 4B__2025F__S02,1,post,3.3,0.9314202872713531,3.875,3.8,3.6666666666666665,3.2,3.8333333333333335,0.5913630589875549,0.5858549829497852,0.38728913704759005,-0.4565453960720986,0.7064383601163647,3.7,0.4458612768488326,0.066375,0.305104,0.046909,0.121191,-1.622277,1.142912,-1.34547,-1.770202,-1.622277,1.142912,-1.34547,-1.770202,3.7868210020979483,2.1008859019666137,3.2580393469134434,3.5166104358406884,2.479715673970891,0.3983702101746994
STU_000350,ASTR 4B,2025F,S02,INST_ASTR4B_02,2025SP,20253,ASTR 4B__2025F,ASTR 4B__2025F__S02,1,post,2.7,0.17691692386090738,2.75,3.4,2.6666666666666665,2.4,3.1666666666666665,-1.65865459764021,-0.1597786317135771,-1.546689738400186,-1.9541671137312024,-0.5741342972968816,2.8666666666666667,-1.3737912012848315,0.066375,0.305104,0.046909,0.121191,-1.622277,1.142912,-1.34547,-1.770202,-1.622277,1.142912,-1.34547,-1.770202,-12.52586292561758,-6.159495088332092,-11.011793212972984,-12.716863576852814,-7.372955835394281,-1.3288694738179716
STU_000983,ASTR 4B,2025F,S02,INST_ASTR4B_02,2025SP,20253,ASTR 4B__2025F,ASTR 4B__2025F__S02,1,post,1,-1.9608426058020236,3,2.6,2.6666666666666665,2.8,2.8333333333333335,-1.1586506739451512,-1.6510458610403016,-1.546689738400186,-1.205356254901651,-1.214420626003504,2.8,-1.519363399535525,0.066375,0.305104,0.046909,0.121191,-1.622277,1.142912,-1.34547,-1.770202,-1.622277,1.142912,-1.34547,-1.770202,-13.29139085504651,-7.412443863922732,-11.824947504432258,-13.490547669860307,-8.326550415882618,-1.4380810914280644
STU_001160,ASTR 4B,2025F,S03,INST_ASTR4B_03,2025SP,20253,ASTR 4B__2025F,ASTR 4B__2025F__S03,1,post,1.3,-1.5835909240968005,2.75,2.6,2.8333333333333335,3,2.8333333333333335,-1.65865459764021,-1.6510458610403016,-1.2243599258255562,-0.8309508254868748,-1.214420626003504,2.8,-1.519363399535525,0.066375,0.305104,0.046909,0.121191,-1.622277,1.142912,-1.34547,-1.770202,-1.622277,1.142912,-1.34547,-1.770202,-13.531535260969239,-7.412210642476697,-11.807625623317222,-13.45592775011278,-8.376491062698824,-1.444902388326117
STU_000461,ASTR 4B,2025F,S03,INST_ASTR4B_03,2025SP,20253,ASTR 4B__2025F,ASTR 4B__2025F__S03,1,post,1.7,-1.0805886818231698,2.875,2.6,2.8333333333333335,2.6,2,-1.4086526357926807,-1.6510458610403016,-1.2243599258255562,-1.5797616843164264,-2.8151364477700613,2.6,-1.9560799942876037,0.066375,0.305104,0.046909,0.121191,-1.622277,1.142912,-1.34547,-1.770202,-1.622277,1.142912,-1.34547,-1.770202,-16.52226877154797,-9.025047262376585,-14.541278119492972,-16.85020607274037,-11.02378645858765,-1.7957197540616332
STU_000911,ASTR 4B,2025F,S03,INST_ASTR4B_03,2025SP,20253,ASTR 4B__2025F,ASTR 4B__2025F__S03,1,post,2,-0.7033370001179466,3.75,3,4,4,3.8333333333333335,0.3413610971400255,-0.9054122463769394,1.031948762196849,1.0410763215870045,0.7064383601163647,3.7333333333333334,0.5186473759741789,0.066375,0.305104,0.046909,0.121191,-1.622277,1.142912,-1.34547,-1.770202,-1.622277,1.142912,-1.34547,-1.770202,4.351822272784363,1.6658243860235662,4.107802528181989,4.63670252256924,2.8954434534764966,0.4747570294589059
STU_000972,ASTR 4B,2025F,S03,INST_ASTR4B_03,2025SP,20253,ASTR 4B__2025F,ASTR 4B__2025F__S03,1,post,0.7,-2.338094287507247,3.5,3,3.6666666666666665,3.6,3,-0.1586428265550334,-0.9054122463769394,0.38728913704759005,0.29226546275745297,-0.8942774616501927,3.3666666666666667,-0.28199971440463323,0.066375,0.305104,0.046909,0.121191,-1.622277,1.142912,-1.34547,-1.770202,-1.622277,1.142912,-1.34547,-1.770202,-2.5156914071086476,-1.7015004225903885,-1.9884478717211993,-2.423347260905161,-1.9327623738903708,-0.2731845537330899
STU_000934,ASTR 4B,2025F,S03,INST_ASTR4B_03,2025SP,20253,ASTR 4B__2025F,ASTR 4B__2025F__S03,1,post,2.3,-0.3260853184127238,3.5,3,3.5,3.6,3,-0.1586428265550334,-0.9054122463769394,0.06495932447296097,0.29226546275745297,-0.8942774616501927,3.3333333333333335,-0.3547858135299795,0.066375,0.305104,0.046909,0.121191,-1.622277,1.142912,-1.34547,-1.770202,-1.622277,1.142912,-1.34547,-1.770202,-3.1137548505213624,-2.011313748638785,-2.648615256644745,-3.0423158743859537,-2.296414581011161,-0.34114494314070803
STU_000327,ASTR 4B,2025F,S03,INST_ASTR4B_03,2025SP,20253,ASTR 4B__2025F,ASTR 4B__2025F__S03,1,post,2.3,-0.3260853184127238,2.625,3.2,2.3333333333333335,2.6,3,-1.9086565594877396,-0.5325954390452579,-2.191349363549444,-1.5797616843164264,-0.8942774616501927,2.7333333333333334,-1.6649355977862175,0.066375,0.305104,0.046909,0.121191,-1.622277,1.142912,-1.34547,-1.770202,-1.622277,1.142912,-1.34547,-1.770202,-15.162345248323714,-7.625419254034441,-13.456452680445691,-15.161392756092702,-9.042678740889821,-1.6098622110081815
STU_000924,ASTR 4B,2025F,S03,INST_ASTR4B_03,2025SP,20253,ASTR 4B__2025F,ASTR 4B__2025F__S03,1,post,2.3,-0.3260853184127238,3.5,3.4,3.3333333333333335,3.2,3.5,-0.1586428265550334,-0.1597786317135771,-0.25737048810166807,-0.4565453960720986,0.06615203140974155,3.4,-0.20921361527928692,0.066375,0.305104,0.046909,0.121191,-1.622277,1.142912,-1.34547,-1.770202,-1.622277,1.142912,-1.34547,-1.770202,-1.9889598060328861,-1.0626050965870673,-1.7996445418627887,-2.1048257421555348,-1.1581791737322669,-0.2162371809749706
STU_001505,CE 151,2025SP,S01,INST_CE151_01,2026SP,20251,CE 151__2025SP,CE 151__2025SP__S01,0,pre,2.7,0.17691692386090738,3.75,3.4,3.5,3.8,3.6666666666666665,0.3413610971400255,-0.1597786317135771,0.06495932447296097,0.6666708921722283,0.3862951957630527,3.6333333333333333,0.300289078598139,0.198973,0.054583,0.324591,0.19428,0.588899,-1.206238,1.371949,0.692226,0,-0,0,0,2.4776147500420063,1.096369090533847,2.102535048376698,2.597615363214454,1.5844550832246833,0.2637710351790675
STU_000634,CE 151,2025SP,S01,INST_CE151_01,2026SP,20251,CE 151__2025SP,CE 151__2025SP__S01,0,pre,2.3,-0.3260853184127238,2.25,2.4,3.3333333333333335,2.8,2.5,-2.658662445030328,-2.0238626683719834,-0.25737048810166807,-1.205356254901651,-1.8547069547101271,2.6333333333333333,-1.8832938951622573,0.198973,0.054583,0.324591,0.19428,0.588899,-1.206238,1.371949,0.692226,0,-0,0,0,-16.63910197222695,-8.99654893892816,-13.813868861286172,-16.340754062386385,-10.299313483486811,-1.7491333362560917
STU_001382,CE 151,2025SP,S01,INST_CE151_01,2026SP,20251,CE 151__2025SP,CE 151__2025SP__S01,0,pre,3.3,0.9314202872713531,3.625,3.4,3.6666666666666665,4.2,3.3333333333333335,0.09135913529249606,-0.1597786317135771,0.38728913704759005,1.4154817510017808,-0.2539911329435696,3.6333333333333333,0.300289078598139,0.198973,0.054583,0.324591,0.19428,0.588899,-1.206238,1.371949,0.692226,0,-0,0,0,2.564760537595152,1.2104275832403477,2.3580385667604626,2.9982082532736847,1.380099766576622,0.28388893245399516
STU_001423,CE 151,2025SP,S01,INST_CE151_01,2026SP,20251,CE 151__2025SP,CE 151__2025SP__S01,0,pre,2.7,0.17691692386090738,4.125,4.2,4.166666666666667,4,4,1.0913669826826138,1.3314885976131483,1.354278574771479,1.0410763215870045,1.0265815244696759,4.1,1.31929446635299,0.198973,0.054583,0.324591,0.19428,0.588899,-1.206238,1.371949,0.692226,0,-0,0,0,11.910161457519106,6.569773991758275,10.624836559487584,12.069976246800953,7.453051882544811,1.2874735835644506
STU_001266,CE 151,2025SP,S01,INST_CE151_01,2026SP,20251,CE 151__2025SP,CE 151__2025SP__S01,0,pre,4,1.8116742112502071,4.25,4.4,4.333333333333333,3.8,3.8333333333333335,1.3413689445301433,1.7043054049448298,1.6766083873461073,0.6666708921722283,0.7064383601163647,4.133333333333334,1.3920805654783381,0.198973,0.054583,0.324591,0.19428,0.588899,-1.206238,1.371949,0.692226,0,-0,0,0,12.537418551893765,7.020757440684112,11.181211222851582,12.480474667318513,7.556890440165151,1.3443210986431249
STU_001474,CE 151,2025SP,S01,INST_CE151_01,2026SP,20251,CE 151__2025SP,CE 151__2025SP__S01,0,pre,2.7,0.17691692386090738,3.125,4,3.6666666666666665,3.6,3.8333333333333335,-0.9086487120976218,0.9586717902814668,0.38728913704759005,0.29226546275745297,0.7064383601163647,3.6,0.22750297947279274,0.198973,0.054583,0.324591,0.19428,0.588899,-1.206238,1.371949,0.692226,0,-0,0,0,1.408374256419513,1.4362239575290898,1.7371029664058555,1.945013384304599,1.4914650693333305,0.20426462532773737
STU_000629,CE 151,2025SP,S01,INST_CE151_01,2026SP,20251,CE 151__2025SP,CE 151__2025SP__S01,0,pre,2.7,0.17691692386090738,3.25,3.4,3.1666666666666665,3.4,3.3333333333333335,-0.6586467502500923,-0.1597786317135771,-0.5797003006762981,-0.08213996665732322,-0.2539911329435696,3.3,-0.4275719126553268,0.198973,0.054583,0.324591,0.19428,0.588899,-1.206238,1.371949,0.692226,0,-0,0,0,-4.263663519076319,-2.125558835645158,-3.7279052253399843,-4.105696801949464,-2.5277923602136263,-0.4456369067622819
STU_000265,CE 151,2025SP,S02,INST_CE151_02,2026SP,20251,CE 151__2025SP,CE 151__2025SP__S02,0,pre,4,1.8116742112502071,3.625,4,4,4.2,3.6666666666666665,0.09135913529249606,0.9586717902814668,1.031948762196849,1.4154817510017808,0.3862951957630527,3.8666666666666667,0.809791772475565,0.198973,0.054583,0.324591,0.19428,0.588899,-1.206238,1.371949,0.692226,0,-0,0,0,6.94873512245396,4.058328323203585,6.4898030208917445,7.512824274701219,4.383905323203013,0.778224037836486
STU_001343,CE 151,2025SP,S02,INST_CE151_02,2026SP,20251,CE 151__2025SP,CE 151__2025SP__S02,0,pre,3,0.5541686055661302,3.875,3.2,3.6666666666666665,4,4,0.5913630589875549,-0.5325954390452579,0.38728913704759005,1.0410763215870045,1.0265815244696759,3.7666666666666666,0.5914334750995252,0.198973,0.054583,0.324591,0.19428,0.588899,-1.206238,1.371949,0.692226,0,-0,0,0,5.195660694924807,2.2785344322373127,4.498650757737642,5.382976424899631,3.52579431933848,0.5571456911590845
STU_000922,CE 151,2025SP,S02,INST_CE151_02,2026SP,20251,CE 151__2025SP,CE 151__2025SP__S02,0,pre,3,0.5541686055661302,3.25,2.6,3.1666666666666665,3,2.5,-0.6586467502500923,-1.6510458610403016,-0.5797003006762981,-0.8309508254868748,-1.8547069547101271,2.933333333333333,-1.228219003034139,0.198973,0.054583,0.324591,0.19428,0.588899,-1.206238,1.371949,0.692226,0,-0,0,0,-10.59967729239216,-6.125921656639377,-9.331532027513093,-10.838558589828613,-7.133295796931108,-1.1597575020295439
STU_001340,CE 151,2025SP,S02,INST_CE151_02,2026SP,20251,CE 151__2025SP,CE 151__2025SP__S02,0,pre,3.7,1.4344225295449842,3.25,3.2,3.1666666666666665,2.8,2.8333333333333335,-0.6586467502500923,-0.5325954390452579,-0.5797003006762981,-1.205356254901651,-1.214420626003504,3.066666666666667,-0.9370746065327518,0.198973,0.054583,0.324591,0.19428,0.588899,-1.206238,1.371949,0.692226,0,-0,0,0,-8.331940042258712,-4.410480363498626,-7.3035799711094125,-8.615685824488203,-5.461255935063502,-0.9042259236535894
STU_000541,CE 151,2025SP,S02,INST_CE151_02,2026SP,20251,CE 151__2025SP,CE 151__2025SP__S02,0,pre,3.7,1.4344225295449842,4.375,4,4,4.2,4,1.5913709063776729,0.9586717902814668,1.031948762196849,1.4154817510017808,1.0265815244696759,4.133333333333334,1.3920805654783381,0.198973,0.054583,0.324591,0.19428,0.588899,-1.206238,1.371949,0.692226,0,-0,0,0,12.918988247021488,6.8040089498754215,11.170492834295173,12.983657288050692,7.906372559229639,1.3746897744232274
STU_000116,CE 151,2025SP,S02,INST_CE151_02,2026SP,20251,CE 151__2025SP,CE 151__2025SP__S02,0,pre,3.7,1.4344225295449842,3.25,3.4,3.5,3.2,3.1666666666666665,-0.6586467502500923,-0.1597786317135771,0.06495932447296097,-0.4565453960720986,-0.5741342972968816,3.3,-0.4275719126553268,0.198973,0.054583,0.324591,0.19428,0.588899,-1.206238,1.371949,0.692226,0,-0,0,0,-4.051248268595526,-2.038294649290611,-3.3194012758825515,-4.020889465822671,-2.5815935687735023,-0.4248982918298247
STU_001025,CE 151,2025SP,S02,INST_CE151_02,2026SP,20251,CE 151__2025SP,CE 151__2025SP__S02,0,pre,3,0.5541686055661302,3.75,3.6,3,3.6,4.166666666666667,0.3413610971400255,0.21303817561810445,-0.9020301132509271,0.29226546275745297,1.3467246888229878,3.6333333333333333,0.300289078598139,0.198973,0.054583,0.324591,0.19428,0.588899,-1.206238,1.371949,0.692226,0,-0,0,0,2.565498506580107,1.3584549365549097,1.8040830820387257,2.5741855204049675,2.153503429716963,0.2729805775405962
STU_001413,CE 151,2025SP,S03,INST_CE151_03,2026SP,20251,CE 151__2025SP,CE 151__2025SP__S03,0,pre,3,0.5541686055661302,3.625,3,3.1666666666666665,3.4,3,0.09135913529249606,-0.9054122463769394,-0.5797003006762981,-0.08213996665732322,-0.8942774616501927,3.2666666666666666,-0.5003580117806731,0.198973,0.054583,0.324591,0.19428,0.588899,-1.206238,1.371949,0.692226,0,-0,0,0,-4.358343363428741,-2.6949694828795985,-4.086173448248384,-4.528589161302546,-3.1050110812068605,-0.492151940972018
STU_000795,CE 151,2025SP,S03,INST_CE151_03,2026SP,20251,CE 151__2025SP,CE 151__2025SP__S03,0,pre,2.7,0.17691692386090738,3.875,3.2,3.1666666666666665,3.6,3.3333333333333335,0.5913630589875549,-0.5325954390452579,-0.5797003006762981,0.29226546275745297,-0.2539911329435696,3.466666666666667,-0.06364141702859338,0.198973,0.054583,0.324591,0.19428,0.588899,-1.206238,1.371949,0.692226,0,-0,0,0,-0.46432782808676726,-0.6817793201582829,-0.8662024069207723,-0.6673095216877144,-0.5918024581734191,-0.081542605020678
STU_000939,CE 151,2025SP,S03,INST_CE151_03,2026SP,20251,CE 151__2025SP,CE 151__2025SP__S03,0,pre,3,0.5541686055661302,3.625,3.4,3.3333333333333335,3.2,3.6666666666666665,0.09135913529249606,-0.1597786317135771,-0.25737048810166807,-0.4565453960720986,0.3862951957630527,3.466666666666667,-0.06364141702859338,0.198973,0.054583,0.324591,0.19428,0.588899,-1.206238,1.371949,0.692226,0,-0,0,0,-0.6273786566982966,-0.4160449599077643,-0.7025884074703234,-0.8296155375169553,-0.21445863143723154,-0.07549060444398073
STU_000067,CE 151,2025SP,S03,INST_CE151_03,2026SP,20251,CE 151__2025SP,CE 151__2025SP__S03,0,pre,3.3,0.9314202872713531,3.875,3.8,3.5,4.2,3.3333333333333335,0.5913630589875549,0.5858549829497852,0.06495932447296097,1.4154817510017808,-0.2539911329435696,3.7333333333333334,0.5186473759741789,0.198973,0.054583,0.324591,0.19428,0.588899,-1.206238,1.371949,0.692226,0,-0,0,0,4.451520988275567,2.4693135084873465,3.737145107421147,4.73513088852124,2.39823212871195,0.47458240440718574
STU_000144,CE 151,2025SP,S03,INST_CE151_03,2026SP,20251,CE 151__2025SP,CE 151__2025SP__S03,0,pre,3,0.5541686055661302,3.875,3.2,3.8333333333333335,3.6,3.6666666666666665,0.5913630589875549,-0.5325954390452579,0.7096189496222199,0.29226546275745297,0.3862951957630527,3.6666666666666665,0.3730751777234853,0.198973,0.054583,0.324591,0.19428,0.588899,-1.206238,1.371949,0.692226,0,-0,0,0,3.3753374246796684,1.3144144569570329,3.0271459384411306,3.2882973452343234,2.0720036820803998,0.3512891217896032
STU_000129,CE 151,2025SP,S03,INST_CE151_03,2026SP,20251,CE 151__2025SP,CE 151__2025SP__S03,0,pre,2.7,0.17691692386090738,3.625,3.6,3.5,3.4,3.6666666666666665,0.09135913529249606,0.21303817561810445,0.06495932447296097,-0.08213996665732322,0.3862951957630527,3.566666666666667,0.15471688034744646,0.198973,0.054583,0.324591,0.19428,0.588899,-1.206238,1.371949,0.692226,0,-0,0,0,1.1178429039189735,0.6681804775753655,1.0002778676191717,1.107246883181442,0.8357897284731834,0.12361082040717289
STU_000783,CE 151,2025SP,S03,INST_CE151_03,2026SP,20251,CE 151__2025SP,CE 151__2025SP__S03,0,pre,3,0.5541686055661302,3.75,3.6,4,4,3.8333333333333335,0.3413610971400255,0.21303817561810445,1.031948762196849,1.0410763215870045,0.7064383601163647,3.8333333333333335,0.7370056733502187,0.198973,0.054583,0.324591,0.19428,0.588899,-1.206238,1.371949,0.692226,0,-0,0,0,6.304138316044867,3.2583390284708216,5.81833410371496,6.639748412686555,4.066828582577911,0.6933228145214957
STU_001258,CE 151,2025F,S01,INST_CE151_01,2026SP,20253,CE 151__2025F,CE 151__2025F__S01,0,pre,4,1.8116742112502071,4.125,4.6,4.833333333333333,4.2,4.5,1.0913669826826138,2.07712221227651,2.643597825069995,1.4154817510017808,1.98701101752961,4.433333333333334,2.047155457606457,0.198973,0.054583,0.324591,0.19428,0.588899,-1.206238,1.371949,0.692226,0,-0,0,0,18.607277418782196,10.450817246903252,17.04746839358365,19.08636168378979,12.038574205943238,2.041525699186609
STU_000233,CE 151,2025F,S01,INST_CE151_01,2026SP,20253,CE 151__2025F,CE 151__2025F__S01,0,pre,2.3,-0.3260853184127238,3.75,4.4,3.5,4.2,3.3333333333333335,0.3413610971400255,1.7043054049448298,0.06495932447296097,1.4154817510017808,-0.2539911329435696,3.8,0.6642195742248714,0.198973,0.054583,0.324591,0.19428,0.588899,-1.206238,1.371949,0.692226,0,-0,0,0,5.590597759286068,3.682724475110582,4.821492587659896,6.025885586687887,3.1732555200743513,0.6147668983364312
STU_000661,CE 151,2025F,S01,INST_CE151_01,2026SP,20253,CE 151__2025F,CE 151__2025F__S01,0,pre,3.3,0.9314202872713531,3.25,3,3.1666666666666665,2.6,3,-0.6586467502500923,-0.9054122463769394,-0.5797003006762981,-1.5797616843164264,-0.8942774616501927,3.033333333333333,-1.009860705658099,0.198973,0.054583,0.324591,0.19428,0.588899,-1.206238,1.371949,0.692226,0,-0,0,0,-9.070281217919993,-4.987960950547721,-7.978057705834327,-9.47088795167245,-5.728761924603218,-0.9868869975437018
STU_000441,CE 151,2025F,S01,INST_CE151_01,2026SP,20253,CE 151__2025F,CE 151__2025F__S01,0,pre,0.7,-2.338094287507247,4.125,3.4,3.8333333333333335,3.4,4.333333333333333,1.0913669826826138,-0.1597786317135771,0.7096189496222199,-0.08213996665732322,1.6668678531762982,3.8666666666666667,0.809791772475565,0.198973,0.054583,0.324591,0.19428,0.588899,-1.206238,1.371949,0.692226,0,-0,0,0,7.367929487342184,3.46238549073238,6.378583024282479,7.089838291380681,5.068625853852395,0.7782315012227214
STU_001499,CE 151,2025F,S01,INST_CE151_01,2026SP,20253,CE 151__2025F,CE 151__2025F__S01,0,pre,2.7,0.17691692386090738,2.875,3.6,2.6666666666666665,2.6,3.1666666666666665,-1.4086526357926807,0.21303817561810445,-1.546689738400186,-1.5797616843164264,-0.5741342972968816,2.966666666666667,-1.1554329039087916,0.198973,0.054583,0.324591,0.19428,0.588899,-1.206238,1.371949,0.692226,0,-0,0,0,-10.528160464149508,-4.998612139911184,-9.332647607842956,-10.661542583510245,-6.276970762250984,-1.1167564909034995
STU_000620,CE 151,2025F,S01,INST_CE151_01,2026SP,20253,CE 151__2025F,CE 151__2025F__S01,0,pre,1,-1.9608426058020236,3.75,3,3.3333333333333335,3.2,3.3333333333333335,0.3413610971400255,-0.9054122463769394,-0.25737048810166807,-0.4565453960720986,-0.2539911329435696,3.3666666666666667,-0.28199971440463323,0.198973,0.054583,0.324591,0.19428,0.588899,-1.206238,1.371949,0.692226,0,-0,0,0,-2.487901443728506,-1.811355287095994,-2.4104651549379406,-2.8198898647292525,-1.7319934302304494,-0.29415820127095926
STU_000097,CE 151,2025F,S02,INST_CE151_02,2026SP,20253,CE 151__2025F,CE 151__2025F__S02,0,pre,3.3,0.9314202872713531,2.875,3,3.8333333333333335,3,3.6666666666666665,-1.4086526357926807,-0.9054122463769394,0.7096189496222199,-0.8309508254868748,0.3862951957630527,3.2666666666666666,-0.5003580117806731,0.198973,0.054583,0.324591,0.19428,0.588899,-1.206238,1.371949,0.692226,0,-0,0,0,-4.560176226723878,-2.4980488798684113,-3.2426633435248062,-4.31807649678518,-2.131314146511351,-0.4467617505178099
STU_001542,CE 151,2025F,S02,INST_CE151_02,2026SP,20253,CE 151__2025F,CE 151__2025F__S02,0,pre,3,0.5541686055661302,4,4.4,4.5,4,3.6666666666666665,0.8413650208350845,1.7043054049448298,1.9989381999207372,1.0410763215870045,0.3862951957630527,4.1,1.31929446635299,0.198973,0.054583,0.324591,0.19428,0.588899,-1.206238,1.371949,0.692226,0,-0,0,0,12.11638750632376,6.938056120569732,11.133889412085432,12.377065006560265,7.287631546173698,1.3202243697037193
STU_000851,CE 151,2025F,S02,INST_CE151_02,2026SP,20253,CE 151__2025F,CE 151__2025F__S02,0,pre,2.7,0.17691692386090738,4.125,3.6,3.6666666666666665,4,4,1.0913669826826138,0.21303817561810445,0.38728913704759005,1.0410763215870045,1.0265815244696759,3.9,0.8825778716009113,0.198973,0.054583,0.324591,0.19428,0.588899,-1.206238,1.371949,0.692226,0,-0,0,0,7.756202678949746,3.8419569286761073,6.568502838228962,7.79961763858762,4.92446634219765,0.8211070235054349
STU_000194,CE 151,2025F,S02,INST_CE151_02,2026SP,20253,CE 151__2025F,CE 151__2025F__S02,0,pre,1.7,-1.0805886818231698,2.75,3.2,3.1666666666666665,3,3.1666666666666665,-1.65865459764021,-0.5325954390452579,-0.5797003006762981,-0.8309508254868748,-0.5741342972968816,3.033333333333333,-1.009860705658099,0.198973,0.054583,0.324591,0.19428,0.588899,-1.206238,1.371949,0.692226,0,-0,0,0,-9.530405776809609,-4.822625590842581,-8.000780878683821,-9.316938850160076,-5.636381000133166,-0.9923639241972658
STU_000670,CE 151,2025F,S02,INST_CE151_02,2026SP,20253,CE 151__2025F,CE 151__2025F__S02,0,pre,3.3,0.9314202872713531,3.625,3.8,3.6666666666666665,3.6,3,0.09135913529249606,0.5858549829497852,0.38728913704759005,0.29226546275745297,-0.8942774616501927,3.533333333333333,0.0819307812220992,0.198973,0.054583,0.324591,0.19428,0.588899,-1.206238,1.371949,0.692226,0,-0,0,0,0.40431436224609185,0.4823410644447454,0.4872260332542492,0.4862140830679081,-0.25758508661003526,0.04398949978065349
STU_000759,CE 151,2025F,S02,INST_CE151_02,2026SP,20253,CE 151__2025F,CE 151__2025F__S02,0,pre,3.3,0.9314202872713531,3.5,3.6,3.6666666666666665,3.4,3.6666666666666665,-0.1586428265550334,0.21303817561810445,0.38728913704759005,-0.08213996665732322,0.3862951957630527,3.566666666666667,0.15471688034744646,0.198973,0.054583,0.324591,0.19428,0.588899,-1.206238,1.371949,0.692226,0,-0,0,0,1.112860081249623,0.7341451435264281,1.186501361179206,1.1954941022139696,0.9055233980039435,0.1337274877455484
STU_000630,CE 151,2025F,S02,INST_CE151_02,2026SP,20253,CE 151__2025F,CE 151__2025F__S02,0,pre,4,1.8116742112502071,3.375,3.6,3.6666666666666665,3.4,3.1666666666666665,-0.40864478840256285,0.21303817561810445,0.38728913704759005,-0.08213996665732322,-0.5741342972968816,3.433333333333333,-0.13642751615394064,0.198973,0.054583,0.324591,0.19428,0.588899,-1.206238,1.371949,0.692226,0,-0,0,0,-1.3989799613389284,-0.5533911073204612,-0.9467940640222431,-1.2961684134110332,-1.044179588662506,-0.1388587107950595
STU_000110,CE 151,2025F,S03,INST_CE151_03,2026SP,20253,CE 151__2025F,CE 151__2025F__S03,0,pre,2,-0.7033370001179466,2.25,3,3,2.6,2.6666666666666665,-2.658662445030328,-0.9054122463769394,-0.9020301132509271,-1.5797616843164264,-1.534563790356816,2.6666666666666665,-1.8105077960369111,0.198973,0.054583,0.324591,0.19428,0.588899,-1.206238,1.371949,0.692226,0,-0,0,0,-16.59298286701955,-8.433488499431574,-14.03033885029037,-16.385452363705035,-10.152504684428944,-1.7427987716194013
STU_000171,CE 151,2025F,S03,INST_CE151_03,2026SP,20253,CE 151__2025F,CE 151__2025F__S03,0,pre,2.7,0.17691692386090738,3,3.4,2.8333333333333335,2.4,2.8333333333333335,-1.1586506739451512,-0.1597786317135771,-1.2243599258255562,-1.9541671137312024,-1.214420626003504,2.9,-1.301005102159485,0.198973,0.054583,0.324591,0.19428,0.588899,-1.206238,1.371949,0.692226,0,-0,0,0,-11.721639120177214,-5.8519765988306425,-10.334669512941142,-12.071948208356703,-7.362341450109779,-1.2601293763601435
STU_001189,CE 151,2025F,S03,INST_CE151_03,2026SP,20253,CE 151__2025F,CE 151__2025F__S03,0,pre,4,1.8116742112502071,4.375,3.6,3.8333333333333335,4.4,4.666666666666667,1.5913709063776729,0.21303817561810445,0.7096189496222199,1.789887180416557,2.307154181882922,4.2,1.5376527637290307,0.198973,0.054583,0.324591,0.19428,0.588899,-1.206238,1.371949,0.692226,0,-0,0,0,14.202435037014698,7.032723758359543,12.18724439195063,14.418329229367405,9.42866246015397,1.520052660609073
STU_001147,CE 151,2025F,S03,INST_CE151_03,2026SP,20253,CE 151__2025F,CE 151__2025F__S03,0,pre,2.7,0.17691692386090738,3,3.4,3,3,3.3333333333333335,-1.1586506739451512,-0.1597786317135771,-0.9020301132509271,-0.8309508254868748,-0.2539911329435696,3.1333333333333333,-0.7915024082820592,0.198973,0.054583,0.324591,0.19428,0.588899,-1.206238,1.371949,0.692226,0,-0,0,0,-7.3546447651994535,-3.6403066429308146,-6.41151407560947,-7.308891311671891,-4.2778117032351455,-0.7732486454395708
STU_001295,CE 151,2025F,S03,INST_CE151_03,2026SP,20253,CE 151__2025F,CE 151__2025F__S03,0,pre,3,0.5541686055661302,3.5,3,3.3333333333333335,3.6,3.5,-0.1586428265550334,-0.9054122463769394,-0.25737048810166807,0.29226546275745297,0.06615203140974155,3.4,-0.20921361527928692,0.198973,0.054583,0.324591,0.19428,0.588899,-1.206238,1.371949,0.692226,0,-0,0,0,-2.2089980315027913,-1.5749947454000752,-1.9786437031151205,-2.0873683119722575,-1.275333287882681,-0.23814019131035175
STU_000793,CE 151,2025F,S03,INST_CE151_03,2026SP,20253,CE 151__2025F,CE 151__2025F__S03,0,pre,3,0.5541686055661302,4.125,4.2,3.8333333333333335,4,4,1.0913669826826138,1.3314885976131483,0.7096189496222199,1.0410763215870045,1.0265815244696759,4.033333333333333,1.1737222681022974,0.198973,0.054583,0.324591,0.19428,0.588899,-1.206238,1.371949,0.692226,0,-0,0,0,10.567157712765272,5.863600220709669,9.172575041813037,10.669580447730135,6.603672235324881,1.134550885745791
STU_000829,CE 151,2026SP,S01,INST_CE151_01,2026SP,20261,CE 151__2026SP,CE 151__2026SP__S01,1,post,3.3,0.9314202872713531,4.375,4.2,3.8333333333333335,4.2,3.8333333333333335,1.5913709063776729,1.3314885976131483,0.7096189496222199,1.4154817510017808,0.7064383601163647,4.1,1.31929446635299,0.198973,0.054583,0.324591,0.19428,0.588899,-1.206238,1.371949,0.692226,0.588899,-1.206238,1.371949,0.692226,12.138415418725742,6.584393357074244,10.37638542939411,12.183078847450117,7.26213976583153,1.287850956872288
STU_000845,CE 151,2026SP,S01,INST_CE151_01,2026SP,20261,CE 151__2026SP,CE 151__2026SP__S01,1,post,1.3,-1.5835909240968005,3.875,3.4,3.6666666666666665,3.4,3.8333333333333335,0.5913630589875549,-0.1597786317135771,0.38728913704759005,-0.08213996665732322,0.7064383601163647,3.6666666666666665,0.3730751777234853,0.198973,0.054583,0.324591,0.19428,0.588899,-1.206238,1.371949,0.692226,0.588899,-1.206238,1.371949,0.692226,3.225119798242674,1.4744519992027052,2.785355908639394,3.0733991625777097,2.1707124897996004,0.33792042209555895
STU_000566,CE 151,2026SP,S01,INST_CE151_01,2026SP,20261,CE 151__2026SP,CE 151__2026SP__S01,1,post,4,1.8116742112502071,4.375,4.2,4.166666666666667,4,4,1.5913709063776729,1.3314885976131483,1.354278574771479,1.0410763215870045,1.0265815244696759,4.166666666666667,1.4648666646036845,0.198973,0.054583,0.324591,0.19428,0.588899,-1.206238,1.371949,0.692226,0.588899,-1.206238,1.371949,0.692226,13.363001169675844,7.207027694010956,11.707657879860795,13.338429584070578,8.199345326724112,1.4264707337601963
STU_000089,CE 151,2026SP,S01,INST_CE151_01,2026SP,20261,CE 151__2026SP,CE 151__2026SP__S01,1,post,3.7,1.4344225295449842,3.875,3.6,3.6666666666666665,4.4,3.6666666666666665,0.5913630589875549,0.21303817561810445,0.38728913704759005,1.789887180416557,0.3862951957630527,3.8333333333333335,0.7370056733502187,0.198973,0.054583,0.324591,0.19428,0.588899,-1.206238,1.371949,0.692226,0.588899,-1.206238,1.371949,0.692226,6.472181861612658,3.295150084840854,5.63214294220178,6.907009520927955,3.9589307557722715,0.7003281363496043
STU_000621,CE 151,2026SP,S01,INST_CE151_01,2026SP,20261,CE 151__2026SP,CE 151__2026SP__S01,1,post,3.3,0.9314202872713531,3,3.4,3.3333333333333335,3.6,3.6666666666666665,-1.1586506739451512,-0.1597786317135771,-0.25737048810166807,0.29226546275745297,0.3862951957630527,3.3666666666666667,-0.28199971440463323,0.198973,0.054583,0.324591,0.19428,0.588899,-1.206238,1.371949,0.692226,0.588899,-1.206238,1.371949,0.692226,-3.1255828882963264,-1.4531278029470023,-2.4364980679047386,-2.6354575400926055,-1.413175518500432,-0.2966725789696347
STU_001209,CE 151,2026SP,S01,INST_CE151_01,2026SP,20261,CE 151__2026SP,CE 151__2026SP__S01,1,post,4,1.8116742112502071,3.875,4,3.6666666666666665,3.6,3.5,0.5913630589875549,0.9586717902814668,0.38728913704759005,0.29226546275745297,0.06615203140974155,3.7333333333333334,0.5186473759741789,0.198973,0.054583,0.324591,0.19428,0.588899,-1.206238,1.371949,0.692226,0.588899,-1.206238,1.371949,0.692226,4.564452283985954,2.739574702900549,3.9387586526645606,4.519641364136343,2.6224372965896596,0.48564332799019555
STU_000764,CE 151,2026SP,S01,INST_CE151_01,2026SP,20261,CE 151__2026SP,CE 151__2026SP__S01,1,post,4,1.8116742112502071,3.875,3.6,3.8333333333333335,3.8,3.8333333333333335,0.5913630589875549,0.21303817561810445,0.7096189496222199,0.6666708921722283,0.7064383601163647,3.8,0.6642195742248714,0.198973,0.054583,0.324591,0.19428,0.588899,-1.206238,1.371949,0.692226,0.588899,-1.206238,1.371949,0.692226,5.57090063201602,2.8337936189708417,4.972556561931455,5.6859530847165924,3.5529240757621547,0.6008585024933667
STU_001146,CE 151,2026SP,S02,INST_CE151_02,2026SP,20261,CE 151__2026SP,CE 151__2026SP__S02,1,post,2.7,0.17691692386090738,3.75,3.6,3.3333333333333335,3.6,3.5,0.3413610971400255,0.21303817561810445,-0.25737048810166807,0.29226546275745297,0.06615203140974155,3.566666666666667,0.15471688034744646,0.198973,0.054583,0.324591,0.19428,0.588899,-1.206238,1.371949,0.692226,0.588899,-1.206238,1.371949,0.692226,1.0001768497509678,0.5382734692204181,0.67560211697432,0.9881248326254962,0.575796557124218,0.10023519956631904
STU_000010,CE 151,2026SP,S02,INST_CE151_02,2026SP,20261,CE 151__2026SP,CE 151__2026SP__S02,1,post,2.7,0.17691692386090738,3.75,3.8,3.3333333333333335,3.2,3.6666666666666665,0.3413610971400255,0.5858549829497852,-0.25737048810166807,-0.4565453960720986,0.3862951957630527,3.566666666666667,0.15471688034744646,0.198973,0.054583,0.324591,0.19428,0.588899,-1.206238,1.371949,0.692226,0.588899,-1.206238,1.371949,0.692226,1.4027543704567302,0.9259786508427071,0.9953325932894737,1.165480490800087,0.9700080385517742,0.14097300722899164
STU_000228,CE 151,2026SP,S02,INST_CE151_02,2026SP,20261,CE 151__2026SP,CE 151__2026SP__S02,1,post,3.3,0.9314202872713531,4,4.4,4,4,3.5,0.8413650208350845,1.7043054049448298,1.031948762196849,1.0410763215870045,0.06615203140974155,3.966666666666667,1.0281500698516048,0.198973,0.054583,0.324591,0.19428,0.588899,-1.206238,1.371949,0.692226,0.588899,-1.206238,1.371949,0.692226,9.220710110071343,5.431418683837403,8.202738491797062,9.410526192326866,5.38080769661592,0.9964112369502728
STU_001201,CE 151,2026SP,S02,INST_CE151_02,2026SP,20261,CE 151__2026SP,CE 151__2026SP__S02,1,post,2.7,0.17691692386090738,3.625,3.6,3.8333333333333335,3.6,3,0.09135913529249606,0.21303817561810445,0.7096189496222199,0.29226546275745297,-0.8942774616501927,3.533333333333333,0.0819307812220992,0.198973,0.054583,0.324591,0.19428,0.588899,-1.206238,1.371949,0.692226,0.588899,-1.206238,1.371949,0.692226,0.6056915182646041,0.36644777252429744,0.7509541056690024,0.65683447979396,-0.16209918792754982,0.06263600345136955
STU_001381,CE 151,2026SP,S02,INST_CE151_02,2026SP,20261,CE 151__2026SP,CE 151__2026SP__S02,1,post,3.7,1.4344225295449842,4,3,3.1666666666666665,3,3.3333333333333335,0.8413650208350845,-0.9054122463769394,-0.5797003006762981,-0.8309508254868748,-0.2539911329435696,3.3666666666666667,-0.28199971440463323,0.198973,0.054583,0.324591,0.19428,0.588899,-1.206238,1.371949,0.692226,0.588899,-1.206238,1.371949,0.692226,-1.9684609046575203,-1.6856322218970807,-2.297589632881222,-2.651064663286871,-1.555555143310756,-0.26427146993619904
STU_000878,CE 151,2026SP,S02,INST_CE151_02,2026SP,20261,CE 151__2026SP,CE 151__2026SP__S02,1,post,2.7,0.17691692386090738,4.125,4.4,4.333333333333333,4,3.8333333333333335,1.0913669826826138,1.7043054049448298,1.6766083873461073,1.0410763215870045,0.7064383601163647,4.133333333333334,1.3920805654783381,0.198973,0.054583,0.324591,0.19428,0.588899,-1.206238,1.371949,0.692226,0.588899,-1.206238,1.371949,0.692226,12.373782829408853,6.990093112531969,11.145019033329126,12.531957403365368,7.487145305073684,1.338036553741592
STU_001257,CE 151,2026SP,S02,INST_CE151_02,2026SP,20261,CE 151__2026SP,CE 151__2026SP__S02,1,post,4,1.8116742112502071,3.875,3.8,3.1666666666666665,3.2,3.5,0.5913630589875549,0.5858549829497852,-0.5797003006762981,-0.4565453960720986,0.06615203140974155,3.533333333333333,0.0819307812220992,0.198973,0.054583,0.324591,0.19428,0.588899,-1.206238,1.371949,0.692226,0.588899,-1.206238,1.371949,0.692226,0.6775658402540576,0.5150939898937292,0.14596708372968611,0.31519183955015584,0.26623644179124356,0.048455378589509844
STU_000733,CE 151,2026SP,S03,INST_CE151_03,2026SP,20261,CE 151__2026SP,CE 151__2026SP__S03,1,post,3.3,0.9314202872713531,3.375,2.8,3.3333333333333335,2.6,3.3333333333333335,-0.40864478840256285,-1.278229053708621,-0.25737048810166807,-1.5797616843164264,-0.2539911329435696,3.1333333333333333,-0.7915024082820592,0.198973,0.054583,0.324591,0.19428,0.588899,-1.206238,1.371949,0.692226,0.588899,-1.206238,1.371949,0.692226,-6.898773709411429,-4.111714840470863,-6.025891385205548,-7.3551767062903775,-4.145531275416014,-0.7554105510046403
STU_000369,CE 151,2026SP,S03,INST_CE151_03,2026SP,20261,CE 151__2026SP,CE 151__2026SP__S03,1,post,3,0.5541686055661302,3.75,4.2,3.3333333333333335,3,3.6666666666666665,0.3413610971400255,1.3314885976131483,-0.25737048810166807,-0.8309508254868748,0.3862951957630527,3.6,0.22750297947279274,0.198973,0.054583,0.324591,0.19428,0.588899,-1.206238,1.371949,0.692226,0.588899,-1.206238,1.371949,0.692226,1.8961840921039261,1.6031885729664201,1.4509150326800406,1.566455878720844,1.2677952832650032,0.19815659629510837
STU_001353,CE 151,2026SP,S03,INST_CE151_03,2026SP,20261,CE 151__2026SP,CE 151__2026SP__S03,1,post,3.7,1.4344225295449842,4.5,4.2,4.166666666666667,4.4,4.166666666666667,1.8413728682252022,1.3314885976131483,1.354278574771479,1.789887180416557,1.3467246888229878,4.3,1.7560110611050697,0.198973,0.054583,0.324591,0.19428,0.588899,-1.206238,1.371949,0.692226,0.588899,-1.206238,1.371949,0.692226,16.303391066382652,8.677104730532475,14.217062421081623,16.479815495145854,10.073660855347422,1.7444180031002814
STU_000014,CE 151,2026SP,S03,INST_CE151_03,2026SP,20261,CE 151__2026SP,CE 151__2026SP__S03,1,post,2.3,-0.3260853184127238,2.75,2.6,2.3333333333333335,2,2.3333333333333335,-1.65865459764021,-1.6510458610403016,-2.191349363549444,-2.702977972560754,-2.1748501190634384,2.433333333333333,-2.320010489914337,0.198973,0.054583,0.324591,0.19428,0.588899,-1.206238,1.371949,0.692226,0.588899,-1.206238,1.371949,0.692226,-20.008036319731062,-10.708012309193176,-17.859406502094348,-20.621003531608245,-12.752296569289898,-2.172916690406965
STU_000543,CE 151,2026SP,S03,INST_CE151_03,2026SP,20261,CE 151__2026SP,CE 151__2026SP__S03,1,post,3.7,1.4344225295449842,2.875,3,3.3333333333333335,2.8,3,-1.4086526357926807,-0.9054122463769394,-0.25737048810166807,-1.205356254901651,-0.8942774616501927,3,-1.0826468047834452,0.198973,0.054583,0.324591,0.19428,0.588899,-1.206238,1.371949,0.692226,0.588899,-1.206238,1.371949,0.692226,-9.990997615994264,-5.289214898328334,-8.3648355406354309,-9.981330126355001,-6.1162684971835795,-1.0542942410150216
STU_000247,CE 151,2026SP,S03,INST_CE151_03,2026SP,20261,CE 151__2026SP,CE 151__2026SP__S03,1,post,3.3,0.9314202872713531,2.625,3.6,3,3,2.8333333333333335,-1.9086565594877396,0.21303817561810445,-0.9020301132509271,-0.8309508254868748,-1.214420626003504,2.966666666666667,-1.1554329039087916,0.198973,0.054583,0.324591,0.19428,0.588899,-1.206238,1.371949,0.692226,0.588899,-1.206238,1.371949,0.692226,-10.943602115721058,-5.122645853239856,-9.284300346862347,-10.65878389937456,-6.744172562608263,-1.139268792845986
STU_000190,CE 151,2026SP,S03,INST_CE151_03,2026SP,20261,CE 151__2026SP,CE 151__2026SP__S03,1,post,3.3,0.9314202872713531,4,3.6,3.8333333333333335,4.4,3.6666666666666665,0.8413650208350845,0.21303817561810445,0.7096189496222199,1.789887180416557,0.3862951957630527,3.9,0.8825778716009113,0.198973,0.054583,0.324591,0.19428,0.588899,-1.206238,1.371949,0.692226,0.588899,-1.206238,1.371949,0.692226,7.650679251946428,3.8439962396784253,6.716091899557355,8.021167771802116,4.574153613432387,0.822059329448294
STU_000338,CE 151,2026SP,S03,INST_CE151_03,2026SP,20261,CE 151__2026SP,CE 151__2026SP__S03,1,post,4,1.8116742112502071,3.625,3.8,3.6666666666666665,3.4,4.166666666666667,0.09135913529249606,0.5858549829497852,0.38728913704759005,-0.08213996665732322,1.3467246888229878,3.7333333333333334,0.5186473759741789,0.198973,0.054583,0.324591,0.19428,0.588899,-1.206238,1.371949,0.692226,0.588899,-1.206238,1.371949,0.692226,4.247513987721891,2.465604976251438,3.8569982319908926,4.306578187149217,3.2155316548441744,0.47387264387325917
STU_000314,CE 151,2026SP,S04,INST_CE151_01,2026SP,20261,CE 151__2026SP,CE 151__2026SP__S04,1,post,4,1.8116742112502071,4.625,4.6,4.5,4.6,4,2.0913748300727315,2.07712221227651,1.9989381999207372,2.1642926098313313,1.0265815244696759,4.466666666666667,2.119941556731803,0.198973,0.054583,0.324591,0.19428,0.588899,-1.206238,1.371949,0.692226,0.588899,-1.206238,1.371949,0.692226,19.525163354806303,10.682032844474088,17.193817129007954,19.78327858036858,11.725055409983069,2.0934264307054633
STU_000856,CE 151,2026SP,S04,INST_CE151_01,2026SP,20261,CE 151__2026SP,CE 151__2026SP__S04,1,post,3.7,1.4344225295449842,3.75,3.6,4.166666666666667,3.4,4.166666666666667,0.3413610971400255,0.21303817561810445,1.354278574771479,-0.08213996665732322,1.3467246888229878,3.8333333333333335,0.7370056733502187,0.198973,0.054583,0.324591,0.19428,0.588899,-1.206238,1.371949,0.692226,0.588899,-1.206238,1.371949,0.692226,6.326711346497572,3.2582182537676934,5.943409178819592,6.321050612234348,4.3946813678366805,0.6937903060009745
STU_000915,CE 151,2026SP,S04,INST_CE151_01,2026SP,20261,CE 151__2026SP,CE 151__2026SP__S04,1,post,3,0.5541686055661302,4,4,3.8333333333333335,3.6,3.8333333333333335,0.8413650208350845,0.9586717902814668,0.7096189496222199,0.29226546275745297,0.7064383601163647,3.8666666666666667,0.809791772475565,0.198973,0.054583,0.324591,0.19428,0.588899,-1.206238,1.371949,0.692226,0.588899,-1.206238,1.371949,0.692226,7.219117690701403,4.020262584398893,6.324859115933755,7.133814837421319,4.486285336845813,0.7715775563104676
STU_000079,CE 151,2026SP,S04,INST_CE151_01,2026SP,20261,CE 151__2026SP,CE 151__2026SP__S04,1,post,3.7,1.4344225295449842,3.375,3.6,3.3333333333333335,4,3.1666666666666665,-0.40864478840256285,0.21303817561810445,-0.25737048810166807,1.0410763215870045,-0.5741342972968816,3.466666666666667,-0.06364141702859338,0.198973,0.054583,0.324591,0.19428,0.588899,-1.206238,1.371949,0.692226,0.588899,-1.206238,1.371949,0.692226,-0.6965750742639919,-0.16375694488339182,-0.5769643119479283,-0.26005662932945206,-0.6321684418511019,-0.06027414905369988
STU_000349,CE 151,2026SP,S04,INST_CE151_01,2026SP,20261,CE 151__2026SP,CE 151__2026SP__S04,1,post,4,1.8116742112502071,4.25,4.4,4.166666666666667,4.4,4.5,1.3413689445301433,1.7043054049448298,1.354278574771479,1.789887180416557,1.98701101752961,4.333333333333333,1.828797160230416,0.198973,0.054583,0.324591,0.19428,0.588899,-1.206238,1.371949,0.692226,0.588899,-1.206238,1.371949,0.692226,16.52411829235562,9.106681899613019,14.593879039545907,16.93542117255478,10.656482748186425,1.7941347544557844
STU_001134,CE 151,2026SP,S04,INST_CE151_01,2026SP,20261,CE 151__2026SP,CE 151__2026SP__S04,1,post,2.7,0.17691692386090738,4.25,3.6,4,3.2,4,1.3413689445301433,0.21303817561810445,1.031948762196849,-0.4565453960720986,1.0265815244696759,3.8666666666666667,0.809791772475565,0.198973,0.054583,0.324591,0.19428,0.588899,-1.206238,1.371949,0.692226,0.588899,-1.206238,1.371949,0.692226,7.479882853315615,3.654706644789546,6.471866782349884,6.9618211313739815,4.7285594866453105,0.7768529177181598
STU_000906,CE 151,2026SP,S04,INST_CE151_01,2026SP,20261,CE 151__2026SP,CE 151__2026SP__S04,1,post,2.7,0.17691692386090738,3.125,2.8,3.1666666666666665,3,2.8333333333333335,-0.9086487120976218,-1.278229053708621,-0.5797003006762981,-0.8309508254868748,-1.214420626003504,3,-1.0826468047834452,0.198973,0.054583,0.324591,0.19428,0.588899,-1.206238,1.371949,0.692226,0.588899,-1.206238,1.371949,0.692226,-9.482324737912082,-5.326807407411211,-8.2479008419268,-9.602533949698188,-6.09925536887472,-1.0238599537697552
STU_000402,CE 151,2026SP,S04,INST_CE151_01,2026SP,20261,CE 151__2026SP,CE 151__2026SP__S04,1,post,3,0.5541686055661302,3.125,3.2,2.8333333333333335,3.4,3.1666666666666665,-0.9086487120976218,-0.5325954390452579,-1.2243599258255562,-0.08213996665732322,-0.5741342972968816,3.1333333333333333,-0.7915024082820592,0.198973,0.054583,0.324591,0.19428,0.588899,-1.206238,1.371949,0.692226,0.588899,-1.206238,1.371949,0.692226,-7.264873400144556,-3.8183513828458304,-6.5276088350858945,-7.0947436350273225,-4.419726680960356,-0.772642833573234
STU_000290,CE 151,2026SP,S05,INST_CE151_02,2026SP,20261,CE 151__2026SP,CE 151__2026SP__S05,1,post,2.7,0.17691692386090738,3.75,3.2,3.5,3.2,3.1666666666666665,0.3413610971400255,-0.5325954390452579,0.06495932447296097,-0.4565453960720986,-0.5741342972968816,3.4,-0.20921361527928692,0.198973,0.054583,0.324591,0.19428,0.588899,-1.206238,1.371949,0.692226,0.588899,-1.206238,1.371949,0.692226,-1.769695418752179,-1.2428708261107142,-1.6430730622175242,-2.0865080457184395,-1.4615102593578513,-0.21349146152516224
STU_000989,CE 151,2026SP,S05,INST_CE151_02,2026SP,20261,CE 151__2026SP,CE 151__2026SP__S05,1,post,2.7,0.17691692386090738,3.5,2.4,3,3.4,3.1666666666666665,-0.1586428265550334,-2.0238626683719834,-0.9020301132509271,-0.08213996665732322,-0.5741342972968816,3.1333333333333333,-0.7915024082820592,0.198973,0.054583,0.324591,0.19428,0.588899,-1.206238,1.371949,0.692226,0.588899,-1.206238,1.371949,0.692226,-6.935682050167426,-4.552173020377848,-6.419706151619177,-7.089536115098673,-4.4713095340875695,-0.7725791431938914
STU_000357,CE 151,2026SP,S05,INST_CE151_02,2026SP,20261,CE 151__2026SP,CE 151__2026SP__S05,1,post,3.3,0.9314202872713531,3.5,3.4,4.166666666666667,3.4,3.3333333333333335,-0.1586428265550334,-0.1597786317135771,1.354278574771479,-0.08213996665732322,-0.2539911329435696,3.566666666666667,0.15471688034744646,0.198973,0.054583,0.324591,0.19428,0.588899,-1.206238,1.371949,0.692226,0.588899,-1.206238,1.371949,0.692226,1.1960626312699785,0.581563096763455,1.6368922542596125,1.2860090728349978,0.6215135302231447,0.1433599528151684
STU_000524,CE 151,2026SP,S05,INST_CE151_02,2026SP,20261,CE 151__2026SP,CE 151__2026SP__S05,1,post,3.7,1.4344225295449842,3.5,3.6,3.3333333333333335,3.4,3.5,-0.1586428265550334,0.21303817561810445,-0.25737048810166807,-0.08213996665732322,0.06615203140974155,3.466666666666667,-0.06364141702859338,0.198973,0.054583,0.324591,0.19428,0.588899,-1.206238,1.371949,0.692226,0.588899,-1.206238,1.371949,0.692226,-0.7200342133875742,-0.2250897518655619,-0.6444182895224535,-0.6838350204140333,-0.3476318600716055,-0.07160708465459463
STU_000312,CE 151,2026SP,S05,INST_CE151_02,2026SP,20261,CE 151__2026SP,CE 151__2026SP__S05,1,post,3.7,1.4344225295449842,4.25,3.8,3.8333333333333335,4.2,3.5,1.3413689445301433,0.5858549829497852,0.7096189496222199,1.4154817510017808,0.06615203140974155,3.933333333333333,0.9553639707262576,0.198973,0.054583,0.324591,0.19428,0.588899,-1.206238,1.371949,0.692226,0.588899,-1.206238,1.371949,0.692226,8.743506357272322,4.520078675011334,7.476375512811882,8.812731824656858,4.963423376015015,0.9200019079543441
STU_001253,CE 151,2026SP,S05,INST_CE151_02,2026SP,20261,CE 151__2026SP,CE 151__2026SP__S05,1,post,4,1.8116742112502071,4.375,4.6,4.5,4.4,4.5,1.5913709063776729,2.07712221227651,1.9989381999207372,1.789887180416557,1.98701101752961,4.466666666666667,2.119941556731803,0.198973,0.054583,0.324591,0.19428,0.588899,-1.206238,1.371949,0.692226,0.588899,-1.206238,1.371949,0.692226,19.664021584291717,10.841276274020837,17.497470121145195,20.018548696703704,12.496690890337574,2.130887608549265
STU_000816,CE 151,2026SP,S05,INST_CE151_02,2026SP,20261,CE 151__2026SP,CE 151__2026SP__S05,1,post,3.3,0.9314202872713531,4.5,4.8,4.5,4.2,4.333333333333333,1.8413728682252022,2.449939019608191,1.9989381999207372,1.4154817510017808,1.6668678531762982,4.466666666666667,2.119941556731803,0.198973,0.054583,0.324591,0.19428,0.588899,-1.206238,1.371949,0.692226,0.588899,-1.206238,1.371949,0.692226,19.532634677891643,10.936831353316856,17.294296298484944,19.668453761087306,12.161105828690848,2.1054618151851985
STU_001059,CE 151,2026SP,S06,INST_CE151_03,2026SP,20261,CE 151__2026SP,CE 151__2026SP__S06,1,post,3,0.5541686055661302,3.5,3.2,3,3,3.8333333333333335,-0.1586428265550334,-0.5325954390452579,-0.9020301132509271,-0.8309508254868748,0.7064383601163647,3.3333333333333335,-0.3547858135299795,0.198973,0.054583,0.324591,0.19428,0.588899,-1.206238,1.371949,0.692226,0.588899,-1.206238,1.371949,0.692226,-3.5531819957187487,-2.0656775967872583,-3.4170936571890786,-3.797177032077606,-1.762968674605171,-0.3898260520808299
STU_001283,CE 151,2026SP,S06,INST_CE151_03,2026SP,20261,CE 151__2026SP,CE 151__2026SP__S06,1,post,2.3,-0.3260853184127238,3.375,3.4,3.1666666666666665,3.8,4,-0.40864478840256285,-0.1597786317135771,-0.5797003006762981,0.6666708921722283,1.0265815244696759,3.533333333333333,0.0819307812220992,0.198973,0.054583,0.324591,0.19428,0.588899,-1.206238,1.371949,0.692226,0.588899,-1.206238,1.371949,0.692226,0.37712368702588617,0.20106346571555533,0.24485793478535905,0.7342364366781818,0.8486979727782022,0.06100268234376811
STU_001507,CE 151,2026SP,S06,INST_CE151_03,2026SP,20261,CE 151__2026SP,CE 151__2026SP__S06,1,post,4,1.8116742112502071,4.125,4.2,3.6666666666666665,4,3.6666666666666665,1.0913669826826138,1.3314885976131483,0.38728913704759005,1.0410763215870045,0.3862951957630527,3.933333333333333,0.9553639707262576,0.198973,0.054583,0.324591,0.19428,0.588899,-1.206238,1.371949,0.692226,0.588899,-1.206238,1.371949,0.692226,8.648598374012069,4.884815353481801,7.352795487665383,8.716570229939782,5.145050785461595,0.9202758602805703
STU_000554,CE 151,2026SP,S06,INST_CE151_03,2026SP,20261,CE 151__2026SP,CE 151__2026SP__S06,1,post,4,1.8116742112502071,4.125,3.8,4,3.6,4.333333333333333,1.0913669826826138,0.5858549829497852,1.031948762196849,0.29226546275745297,1.6668678531762982,4,1.100936168976951,0.198973,0.054583,0.324591,0.19428,0.588899,-1.206238,1.371949,0.692226,0.588899,-1.206238,1.371949,0.692226,9.868974458864512,5.133503169978173,8.663836084532454,9.759555895326907,6.541780935248118,1.057360318338555
STU_000317,CE 151,2026SP,S06,INST_CE151_03,2026SP,20261,CE 151__2026SP,CE 151__2026SP__S06,1,post,3,0.5541686055661302,3,3.2,2.8333333333333335,2.8,2.6666666666666665,-1.1586506739451512,-0.5325954390452579,-1.2243599258255562,-1.205356254901651,-1.534563790356816,2.9,-1.301005102159485,0.198973,0.054583,0.324591,0.19428,0.588899,-1.206238,1.371949,0.692226,0.588899,-1.206238,1.371949,0.692226,-11.503540902440063,-5.942184094898431,-10.197764479637348,-11.684227201177242,-7.432192661169484,-1.2403967964052336
STU_000612,CE 151,2026SP,S06,INST_CE151_03,2026SP,20261,CE 151__2026SP,CE 151__2026SP__S06,1,post,4,1.8116742112502071,3.625,2.8,3.1666666666666665,3,3.6666666666666665,0.09135913529249606,-1.278229053708621,-0.5797003006762981,-0.8309508254868748,0.3862951957630527,3.3,-0.4275719126553268,0.198973,0.054583,0.324591,0.19428,0.588899,-1.206238,1.371949,0.692226,0.588899,-1.206238,1.371949,0.692226,-4.036226191422528,-2.734646478417754,-3.8115651636411743,-4.391132723798419,-2.2587560400284508,-0.45474801439258156
STU_000173,CE 151,2026SP,S06,INST_CE151_03,2026SP,20261,CE 151__2026SP,CE 151__2026SP__S06,1,post,4,1.8116742112502071,3.625,3.2,3.3333333333333335,2.8,3.5,0.09135913529249606,-0.5325954390452579,-0.25737048810166807,-1.205356254901651,0.06615203140974155,3.3333333333333335,-0.3547858135299795,0.198973,0.054583,0.324591,0.19428,0.588899,-1.206238,1.371949,0.692226,0.588899,-1.206238,1.371949,0.692226,-3.3741775294963707,-2.0166940015327603,-3.0978933819024723,-3.8277060983982736,-2.0256129263667066,-0.38082672610174645
STU_001139,CRJ 117,2024SP,S01,INST_CRJ117_01,2025SP,20241,CRJ 117__2024SP,CRJ 117__2024SP__S01,0,pre,2.7,0.17691692386090738,3.25,3.2,3,3.4,3.5,-0.6586467502500923,-0.5325954390452579,-0.9020301132509271,-0.08213996665732322,0.06615203140974155,3.2666666666666666,-0.5003580117806731,0.125409,0.22,0.148636,0.154864,-0.637836,0.344885,-0.349958,-0.635741,-0,0,-0,-0,-4.858783390939222,-2.6653549036342326,-4.403671512249768,-4.736406881199364,-2.7072698434495486,-0.5145646953943526
STU_001225,CRJ 117,2024SP,S01,INST_CRJ117_01,2025SP,20241,CRJ 117__2024SP,CRJ 117__2024SP__S01,0,pre,2.7,0.17691692386090738,3.25,3.6,3.3333333333333335,3.6,3.3333333333333335,-0.6586467502500923,0.21303817561810445,-0.25737048810166807,0.29226546275745297,-0.2539911329435696,3.4,-0.20921361527928692,0.125409,0.22,0.148636,0.154864,-0.637836,0.344885,-0.349958,-0.635741,-0,0,-0,-0,-2.283659296177867,-0.9144233379394114,-1.8743222884096526,-1.9731728896319969,-1.3386455310779537,-0.2242739810656176
STU_000858,CRJ 117,2024SP,S01,INST_CRJ117_01,2025SP,20241,CRJ 117__2024SP,CRJ 117__2024SP__S01,0,pre,2.3,-0.3260853184127238,3,3.4,3.1666666666666665,2.6,2.6666666666666665,-1.1586506739451512,-0.1597786317135771,-0.5797003006762981,-1.5797616843164264,-1.534563790356816,2.966666666666667,-1.1554329039087916,0.125409,0.22,0.148636,0.154864,-0.637836,0.344885,-0.349958,-0.635741,-0,0,-0,-0,-10.349619423351164,-5.14396299994038,-8.905007769060973,-10.578795469240623,-6.710878007607507,-1.1078181978891664
STU_001302,CRJ 117,2024SP,S01,INST_CRJ117_01,2025SP,20241,CRJ 117__2024SP,CRJ 117__2024SP__S01,0,pre,3,0.5541686055661302,3.75,3.6,3.1666666666666665,3.6,3.8333333333333335,0.3413610971400255,0.21303817561810445,-0.5797003006762981,0.29226546275745297,0.7064383601163647,3.6,0.22750297947279274,0.125409,0.22,0.148636,0.154864,-0.637836,0.344885,-0.349958,-0.635741,-0,0,-0,-0,1.9345890710774774,1.0436103820517102,1.3628088977012773,1.9375011636456783,1.4853759645124602,0.2034438702716451
STU_000990,CRJ 117,2024SP,S01,INST_CRJ117_01,2025SP,20241,CRJ 117__2024SP,CRJ 117__2024SP__S01,0,pre,2.3,-0.3260853184127238,3.375,3.4,3.1666666666666665,3.4,3.5,-0.40864478840256285,-0.1597786317135771,-0.5797003006762981,-0.08213996665732322,0.06615203140974155,3.3666666666666667,-0.28199971440463323,0.125409,0.22,0.148636,0.154864,-0.637836,0.344885,-0.349958,-0.635741,-0,0,-0,-0,-2.8168957230603997,-1.450423343757108,-2.542891630871575,-2.7388144205915084,-1.5574317352334592,-0.2960103432670926
STU_000713,CRJ 117,2024SP,S01,INST_CRJ117_01,2025SP,20241,CRJ 117__2024SP,CRJ 117__2024SP__S01,0,pre,1.7,-1.0805886818231698,3,3.2,3.5,3.2,3,-1.1586506739451512,-0.5325954390452579,0.06495932447296097,-0.4565453960720986,-0.8942774616501927,3.1666666666666665,-0.7187163091567129,0.125409,0.22,0.148636,0.154864,-0.637836,0.344885,-0.349958,-0.635741,-0,0,-0,-0,-6.69142730766341,-3.4740100442640993,-5.437491070266951,-6.516868369318574,-4.203820046870641,-0.6973065834249014
STU_000839,CRJ 117,2024SP,S01,INST_CRJ117_01,2025SP,20241,CRJ 117__2024SP,CRJ 117__2024SP__S01,0,pre,2,-0.7033370001179466,3.375,3.4,2.8333333333333335,3.4,3.1666666666666665,-0.40864478840256285,-0.1597786317135771,-1.2243599258255562,-0.08213996665732322,-0.5741342972968816,3.2333333333333334,-0.5731441109060194,0.125409,0.22,0.148636,0.154864,-0.637836,0.344885,-0.349958,-0.635741,-0,0,-0,-0,-5.0072285646150725,-2.558943265837131,-4.719435837625518,-4.992246890636166,-3.1923357810852786,-0.5433410627618083
STU_000732,CRJ 117,2024SP,S02,INST_CRJ117_02,2025SP,20241,CRJ 117__2024SP,CRJ 117__2024SP__S02,0,pre,2.7,0.17691692386090738,2.75,2.4,2.6666666666666665,2.8,3.3333333333333335,-1.65865459764021,-2.0238626683719834,-1.546689738400186,-1.205356254901651,-0.2539911329435696,2.8,-1.519363399535525,0.125409,0.22,0.148636,0.154864,-0.637836,0.344885,-0.349958,-0.635741,-0,0,-0,-0,-13.564571316676643,-7.611390676940385,-11.938195770244173,-13.576376246596636,-7.905200153075703,-1.4474496316322547
STU_001052,CRJ 117,2024SP,S02,INST_CRJ117_02,2025SP,20241,CRJ 117__2024SP,CRJ 117__2024SP__S02,0,pre,1,-1.9608426058020236,2.25,2.2,2.8333333333333335,2,2,-2.658662445030328,-2.396679475703664,-1.2243599258255562,-2.702977972560754,-2.8151364477700613,2.2666666666666666,-2.6839409855410694,0.125409,0.22,0.148636,0.154864,-0.637836,0.344885,-0.349958,-0.635741,-0,0,-0,-0,-23.134715488306465,-12.50694796965473,-19.874756166515105,-23.408428549437236,-14.633984418006106,-2.477714047410265
STU_001232,CRJ 117,2024SP,S02,INST_CRJ117_02,2025SP,20241,CRJ 117__2024SP,CRJ 117__2024SP__S02,0,pre,2.3,-0.3260853184127238,3.125,3.8,3.5,3,3.5,-0.9086487120976218,0.5858549829497852,0.06495932447296097,-0.8309508254868748,0.06615203140974155,3.3666666666666667,-0.28199971440463323,0.125409,0.22,0.148636,0.154864,-0.637836,0.344885,-0.349958,-0.635741,-0,0,-0,-0,-3.1362242188643603,-1.1261223799978246,-2.3828682130184697,-3.0272868511786797,-1.5837606735865213,-0.3056501713951251
STU_001396,CRJ 117,2024SP,S02,INST_CRJ117_02,2025SP,20241,CRJ 117__2024SP,CRJ 117__2024SP__S02,0,pre,2.3,-0.3260853184127238,3.25,3,3,3.2,3.6666666666666665,-0.6586467502500923,-0.9054122463769394,-0.9020301132509271,-0.4565453960720986,0.3862951957630527,3.2333333333333334,-0.5731441109060194,0.125409,0.22,0.148636,0.154864,-0.637836,0.344885,-0.349958,-0.635741,-0,0,-0,-0,-5.258441354177149,-3.0091734550515046,-4.73922665996668,-5.262970962894283,-2.8078525307773363,-0.5601598612357062
STU_001504,CRJ 117,2024SP,S02,INST_CRJ117_02,2025SP,20241,CRJ 117__2024SP,CRJ 117__2024SP__S02,0,pre,3,0.5541686055661302,4.375,3.6,3.1666666666666665,3.6,3.6666666666666665,1.5913709063776729,0.21303817561810445,-0.5797003006762981,0.29226546275745297,0.3862951957630527,3.7333333333333334,0.5186473759741789,0.125409,0.22,0.148636,0.154864,-0.637836,0.344885,-0.349958,-0.635741,-0,0,-0,-0,4.984360171716173,2.3565908876269694,3.577923598511085,4.512320249942254,2.7903328742609355,0.4854333547020214
STU_001519,CRJ 117,2024SP,S02,INST_CRJ117_02,2025SP,20241,CRJ 117__2024SP,CRJ 117__2024SP__S02,0,pre,2.3,-0.3260853184127238,3.25,3.2,3.8333333333333335,2.6,3.6666666666666665,-0.6586467502500923,-0.5325954390452579,0.7096189496222199,-1.5797616843164264,0.3862951957630527,3.3333333333333335,-0.3547858135299795,0.125409,0.22,0.148636,0.154864,-0.637836,0.344885,-0.349958,-0.635741,-0,0,-0,-0,-3.309240362901659,-1.8450719308843107,-2.4177266389697807,-3.5735132644366874,-1.6128477782049984,-0.34153623566133046
STU_000682,CRJ 117,2024SP,S03,INST_CRJ117_03,2025SP,20241,CRJ 117__2024SP,CRJ 117__2024SP__S03,0,pre,2.3,-0.3260853184127238,3,2.8,3.3333333333333335,2.6,3,-1.1586506739451512,-1.278229053708621,-0.25737048810166807,-1.5797616843164264,-0.8942774616501927,2.966666666666667,-1.1554329039087916,0.125409,0.22,0.148636,0.154864,-0.637836,0.344885,-0.349958,-0.635741,-0,0,-0,-0,-10.329523075468861,-5.725695251337362,-8.775126263733032,-10.57425742253287,-6.401128444436747,-1.1072114898688314
STU_000725,CRJ 117,2024SP,S03,INST_CRJ117_03,2025SP,20241,CRJ 117__2024SP,CRJ 117__2024SP__S03,0,pre,2.3,-0.3260853184127238,4.125,3.8,3.8333333333333335,4,3.6666666666666665,1.0913669826826138,0.5858549829497852,0.7096189496222199,1.0410763215870045,0.3862951957630527,3.9,0.8825778716009113,0.125409,0.22,0.148636,0.154864,-0.637836,0.344885,-0.349958,-0.635741,-0,0,-0,-0,7.903510482790501,4.125995255032906,6.8542843228004635,7.9601595990028144,4.68976805143749,0.8386414113407609
STU_000954,CRJ 117,2024SP,S03,INST_CRJ117_03,2025SP,20241,CRJ 117__2024SP,CRJ 117__2024SP__S03,0,pre,1,-1.9608426058020236,4.125,4,3.8333333333333335,3.8,3.6666666666666665,1.0913669826826138,0.9586717902814668,0.7096189496222199,0.6666708921722283,0.3862951957630527,3.9,0.8825778716009113,0.125409,0.22,0.148636,0.154864,-0.637836,0.344885,-0.349958,-0.635741,-0,0,-0,-0,8.102466615820699,4.3989978557956455,7.000091229345152,8.024802266198886,4.809342775185887,0.8576229084070345
STU_000988,CRJ 117,2024SP,S03,INST_CRJ117_03,2025SP,20241,CRJ 117__2024SP,CRJ 117__2024SP__S03,0,pre,2,-0.7033370001179466,3.625,3.6,3.8333333333333335,3.2,3.6666666666666665,0.09135913529249606,0.21303817561810445,0.7096189496222199,-0.4565453960720986,0.3862951957630527,3.6,0.22750297947279274,0.125409,0.22,0.148636,0.154864,-0.637836,0.344885,-0.349958,-0.635741,-0,0,-0,-0,1.6268482935697195,0.9349278358905322,1.702139502220395,1.5282550855236525,1.1661871771397043,0.182407260546552
STU_000439,CRJ 117,2024SP,S03,INST_CRJ117_03,2025SP,20241,CRJ 117__2024SP,CRJ 117__2024SP__S03,0,pre,1.7,-1.0805886818231698,3,2.8,2.8333333333333335,3.2,3.1666666666666665,-1.1586506739451512,-1.278229053708621,-1.2243599258255562,-0.4565453960720986,-0.5741342972968816,3,-1.0826468047834452,0.125409,0.22,0.148636,0.154864,-0.637836,0.344885,-0.349958,-0.635741,-0,0,-0,-0,-9.948774954844993,-5.506629334872136,-8.77976458079786,-9.835029293777959,-6.004741027179583,-1.0611691353892256
STU_001106,CRJ 117,2024SP,S03,INST_CRJ117_03,2025SP,20241,CRJ 117__2024SP,CRJ 117__2024SP__S03,0,pre,1.3,-1.5835909240968005,2.75,3.6,2.6666666666666665,2.8,3,-1.65865459764021,0.21303817561810445,-1.546689738400186,-1.205356254901651,-0.8942774616501927,2.933333333333333,-1.228219003034139,0.125409,0.22,0.148636,0.154864,-0.637836,0.344885,-0.349958,-0.635741,-0,0,-0,-0,-11.184080105765624,-5.27308429672577,-9.833571271271609,-11.132702246150055,-6.772070164951514,-1.1794995453790806
STU_001544,CRJ 117,2024SP,S03,INST_CRJ117_03,2025SP,20241,CRJ 117__2024SP,CRJ 117__2024SP__S03,0,pre,1.3,-1.5835909240968005,3.125,2.2,3,3,2.8333333333333335,-0.9086487120976218,-2.396679475703664,-0.9020301132509271,-0.8309508254868748,-1.214420626003504,2.8666666666666667,-1.3737912012848315,0.125409,0.22,0.148636,0.154864,-0.637836,0.344885,-0.349958,-0.635741,-0,0,-0,-0,-11.950760523013312,-7.129951948828511,-10.519888347715261,-12.118521087115116,-7.584932853614522,-1.2992520436947144
STU_001017,CRJ 117,2024F,S01,INST_CRJ117_01,2025SP,20243,CRJ 117__2024F,CRJ 117__2024F__S01,0,pre,1.3,-1.5835909240968005,2.5,2.4,2.5,2.2,2.8333333333333335,-2.158658521335269,-2.0238626683719834,-1.869019550974815,-2.328572543145978,-1.214420626003504,2.5,-2.1744382916636433,0.125409,0.22,0.148636,0.154864,-0.637836,0.344885,-0.349958,-0.635741,-0,0,-0,-0,-18.80455938764238,-10.200834631448597,-16.4887420766498,-19.089552626702996,-11.413638758013207,-2.0162821018659236
STU_001019,CRJ 117,2024F,S01,INST_CRJ117_01,2025SP,20243,CRJ 117__2024F,CRJ 117__2024F__S01,0,pre,2.7,0.17691692386090738,3.5,2.6,3.3333333333333335,3.4,3.3333333333333335,-0.1586428265550334,-1.6510458610403016,-0.25737048810166807,-0.08213996665732322,-0.2539911329435696,3.2666666666666666,-0.5003580117806731,0.125409,0.22,0.148636,0.154864,-0.637836,0.344885,-0.349958,-0.635741,-0,0,-0,-0,-4.437737885808577,-3.0791319914358914,-3.9725340652072014,-4.518403106828611,-2.7663616624638805,-0.49103844454253287
STU_001021,CRJ 117,2024F,S01,INST_CRJ117_01,2025SP,20243,CRJ 117__2024F,CRJ 117__2024F__S01,0,pre,2,-0.7033370001179466,2.75,2.6,2.5,2.8,3,-1.65865459764021,-1.6510458610403016,-1.869019550974815,-1.205356254901651,-0.8942774616501927,2.7333333333333334,-1.6649355977862175,0.125409,0.22,0.148636,0.154864,-0.637836,0.344885,-0.349958,-0.635741,-0,0,-0,-0,-14.913292585236153,-8.1127594918008,-13.22111725604166,-14.94042942087729,-9.0209754893228,-1.5965446421534502
STU_000262,CRJ 117,2024F,S01,INST_CRJ117_01,2025SP,20243,CRJ 117__2024F,CRJ 117__2024F__S01,0,pre,2.3,-0.3260853184127238,3.375,3.8,3.5,3.6,3,-0.40864478840256285,0.5858549829497852,0.06495932447296097,0.29226546275745297,-0.8942774616501927,3.433333333333333,-0.13642751615394064,0.125409,0.22,0.148636,0.154864,-0.637836,0.344885,-0.349958,-0.635741,-0,0,-0,-0,-1.3693089662404971,-0.2761648889083855,-1.0137628219165817,-1.1368377388794657,-1.1853136289901158,-0.1328997257312791
STU_000959,CRJ 117,2024F,S01,INST_CRJ117_01,2025SP,20243,CRJ 117__2024F,CRJ 117__2024F__S01,0,pre,1.7,-1.0805886818231698,3.375,3.4,2.8333333333333335,3.2,3.8333333333333335,-0.40864478840256285,-0.1597786317135771,-1.2243599258255562,-0.4565453960720986,0.7064383601163647,3.3333333333333335,-0.3547858135299795,0.125409,0.22,0.148636,0.154864,-0.637836,0.344885,-0.349958,-0.635741,-0,0,-0,-0,-3.31819787212234,-1.703326917608242,-3.242317885579591,-3.3687862508355564,-1.5167924151284728,-0.35363939267842104
STU_000310,CRJ 117,2024F,S01,INST_CRJ117_01,2025SP,20243,CRJ 117__2024F,CRJ 117__2024F__S01,0,pre,4,1.8116742112502071,4.25,3.8,4.166666666666667,4.6,4.5,1.3413689445301433,0.5858549829497852,1.354278574771479,2.1642926098313313,1.98701101752961,4.266666666666667,1.6832249619797233,0.125409,0.22,0.148636,0.154864,-0.637836,0.344885,-0.349958,-0.635741,-0,0,-0,-0,15.121279087434731,7.771137480484561,13.339108869530868,15.59000999589182,9.779076390371802,1.6354510446213077
STU_000108,CRJ 117,2024F,S01,INST_CRJ117_01,2025SP,20243,CRJ 117__2024F,CRJ 117__2024F__S01,0,pre,2,-0.7033370001179466,3.25,3.2,4,3.6,3.1666666666666665,-0.6586467502500923,-0.5325954390452579,1.031948762196849,0.29226546275745297,-0.5741342972968816,3.433333333333333,-0.13642751615394064,0.125409,0.22,0.148636,0.154864,-0.637836,0.344885,-0.349958,-0.635741,-0,0,-0,-0,-1.7360944459089838,-1.036680073961594,-0.9082044143667551,-1.4203593820094196,-1.2215486688990382,-0.163562692372685
STU_000186,CRJ 117,2024F,S02,INST_CRJ117_02,2025SP,20243,CRJ 117__2024F,CRJ 117__2024F__S02,0,pre,2.3,-0.3260853184127238,3.125,3.4,3.6666666666666665,3.6,3.6666666666666665,-0.9086487120976218,-0.1597786317135771,0.38728913704759005,0.29226546275745297,0.3862951957630527,3.466666666666667,-0.06364141702859338,0.125409,0.22,0.148636,0.154864,-0.637836,0.344885,-0.349958,-0.635741,-0,0,-0,-0,-0.9782378296168153,-0.4125698340035424,-0.3934774454785487,-0.5491501419942602,-0.17634631544877688,-0.06834761727428292
STU_000242,CRJ 117,2024F,S02,INST_CRJ117_02,2025SP,20243,CRJ 117__2024F,CRJ 117__2024F__S02,0,pre,3.3,0.9314202872713531,3.875,3.4,3.8333333333333335,3.8,4,0.5913630589875549,-0.1597786317135771,0.7096189496222199,0.6666708921722283,1.0265815244696759,3.8,0.6642195742248714,0.125409,0.22,0.148636,0.154864,-0.637836,0.344885,-0.349958,-0.635741,-0,0,-0,-0,5.6462400835701985,2.700435803038179,5.028849408553203,5.735364938041301,3.771831273151596,0.6082727532418333
STU_000796,CRJ 117,2024F,S02,INST_CRJ117_02,2025SP,20243,CRJ 117__2024F,CRJ 117__2024F__S02,0,pre,1.3,-1.5835909240968005,2.875,3.2,3,3.2,3.3333333333333335,-1.4086526357926807,-0.5325954390452579,-0.9020301132509271,-0.4565453960720986,-0.2539911329435696,3.1,-0.8642885074074055,0.125409,0.22,0.148636,0.154864,-0.637836,0.344885,-0.349958,-0.635741,-0,0,-0,-0,-8.1083609941872,-4.149222073622615,-6.973849448573141,-7.861587241336665,-4.644923895368935,-0.8446578396440095
STU_000792,CRJ 117,2024F,S02,INST_CRJ117_02,2025SP,20243,CRJ 117__2024F,CRJ 117__2024F__S02,0,pre,2,-0.7033370001179466,3.25,2.4,2.6666666666666665,2.4,3,-0.6586467502500923,-2.0238626683719834,-1.546689738400186,-1.9541671137312024,-0.8942774616501927,2.8,-1.519363399535525,0.125409,0.22,0.148636,0.154864,-0.637836,0.344885,-0.349958,-0.635741,-0,0,-0,-0,-12.905525420744441,-7.505274944109141,-11.702450439555879,-13.533820028849387,-8.031068607400996,-1.420022823656313
STU_001218,CRJ 117,2024F,S02,INST_CRJ117_02,2025SP,20243,CRJ 117__2024F,CRJ 117__2024F__S02,0,pre,2,-0.7033370001179466,3.5,3.6,3.3333333333333335,3.4,3.6666666666666665,-0.1586428265550334,0.21303817561810445,-0.25737048810166807,-0.08213996665732322,0.3862951957630527,3.5,0.009144682096752907,0.125409,0.22,0.148636,0.154864,-0.637836,0.344885,-0.349958,-0.635741,-0,0,-0,-0,-0.2164026903902709,0.001419823749109779,-0.23221806575044707,-0.18594823040556213,0.08024093134127165,-0.01724072986348295
STU_001221,CRJ 117,2024F,S02,INST_CRJ117_02,2025SP,20243,CRJ 117__2024F,CRJ 117__2024F__S02,0,pre,2.7,0.17691692386090738,3.625,3.6,3.3333333333333335,3.6,4,0.09135913529249606,0.21303817561810445,-0.25737048810166807,0.29226546275745297,1.0265815244696759,3.6333333333333333,0.300289078598139,0.125409,0.22,0.148636,0.154864,-0.637836,0.344885,-0.349958,-0.635741,-0,0,-0,-0,2.4895573179561734,1.355125167496466,2.0314266179331257,2.583118015315876,1.9894115876225307,0.27387708877294087
STU_000788,CRJ 117,2024F,S02,INST_CRJ117_02,2025SP,20243,CRJ 117__2024F,CRJ 117__2024F__S02,0,pre,1,-1.9608426058020236,2.875,3.2,3.3333333333333335,3.8,3.5,-1.4086526357926807,-0.5325954390452579,-0.25737048810166807,0.6666708921722283,0.06615203140974155,3.3,-0.4275719126553268,0.125409,0.22,0.148636,0.154864,-0.637836,0.344885,-0.349958,-0.635741,-0,0,-0,-0,-4.282784545947034,-2.1705596890202368,-3.3494017735894626,-3.616371214345598,-2.172931273457179,-0.4145205499793119
STU_001268,CRJ 117,2024F,S03,INST_CRJ117_03,2025SP,20243,CRJ 117__2024F,CRJ 117__2024F__S03,0,pre,2.3,-0.3260853184127238,4.375,3.2,3.8333333333333335,3.8,3.8333333333333335,1.5913709063776729,-0.5325954390452579,0.7096189496222199,0.6666708921722283,0.7064383601163647,3.8666666666666667,0.809791772475565,0.125409,0.22,0.148636,0.154864,-0.637836,0.344885,-0.349958,-0.635741,-0,0,-0,-0,7.846435195862176,3.3945707936176315,6.564988539569289,7.5174230671731985,4.651874811131115,0.802268370431535
STU_001329,CRJ 117,2024F,S03,INST_CRJ117_03,2025SP,20243,CRJ 117__2024F,CRJ 117__2024F__S03,0,pre,2.7,0.17691692386090738,3.5,4,3.5,3.6,2.8333333333333335,-0.1586428265550334,0.9586717902814668,0.06495932447296097,0.29226546275745297,-1.214420626003504,3.466666666666667,-0.06364141702859338,0.125409,0.22,0.148636,0.154864,-0.637836,0.344885,-0.349958,-0.635741,-0,0,-0,-0,-0.8054617454750682,0.09837825395904129,-0.6135885777810071,-0.6658792253456596,-1.078099447659783,-0.08157626264853213
STU_000627,CRJ 117,2024F,S03,INST_CRJ117_03,2025SP,20243,CRJ 117__2024F,CRJ 117__2024F__S03,0,pre,2.7,0.17691692386090738,3,4,3.6666666666666665,3.6,3.8333333333333335,-1.1586506739451512,0.9586717902814668,0.38728913704759005,0.29226546275745297,0.7064383601163647,3.566666666666667,0.15471688034744646,0.125409,0.22,0.148636,0.154864,-0.637836,0.344885,-0.349958,-0.635741,-0,0,-0,-0,0.5213110640334733,0.9932884344595814,1.030991444661741,1.122570238338124,0.9457647675472626,0.11403870818159496
STU_000045,CRJ 117,2024F,S03,INST_CRJ117_03,2025SP,20243,CRJ 117__2024F,CRJ 117__2024F__S03,0,pre,2.7,0.17691692386090738,4,4.2,4.333333333333333,3.8,4.166666666666667,0.8413650208350845,1.3314885976131483,1.6766083873461073,0.6666708921722283,1.3467246888229878,4.1,1.31929446635299,0.125409,0.22,0.148636,0.154864,-0.637836,0.344885,-0.349958,-0.635741,-0,0,-0,-0,11.756120721318135,6.544336299819888,10.694576164150213,11.912126528078012,7.6131749197217475,1.282350414499271
STU_000399,CRJ 117,2024F,S03,INST_CRJ117_03,2025SP,20243,CRJ 117__2024F,CRJ 117__2024F__S03,0,pre,2.3,-0.3260853184127238,3.5,3.6,3,3.8,3.6666666666666665,-0.1586428265550334,0.21303817561810445,-0.9020301132509271,0.6666708921722283,0.3862951957630527,3.5,0.009144682096752907,0.125409,0.22,0.148636,0.154864,-0.637836,0.344885,-0.349958,-0.635741,-0,0,-0,-0,-0.1742479886902145,0.052349219909257685,-0.4365552263675642,0.08593128724542501,0.1561855076985104,-0.010685746758527057
STU_000754,CRJ 117,2024F,S03,INST_CRJ117_03,2025SP,20243,CRJ 117__2024F,CRJ 117__2024F__S03,0,pre,2.3,-0.3260853184127238,3.375,3.8,3.3333333333333335,3.4,3.3333333333333335,-0.40864478840256285,0.5858549829497852,-0.25737048810166807,-0.08213996665732322,-0.2539911329435696,3.433333333333333,-0.13642751615394064,0.125409,0.22,0.148636,0.154864,-0.637836,0.344885,-0.349958,-0.635741,-0,0,-0,-0,-1.6013946236543668,-0.4543241749432436,-1.3601071398873754,-1.4953380120902264,-1.0389754575928163,-0.16083544729226373
STU_000916,CRJ 117,2025SP,S01,INST_CRJ117_01,2025SP,20251,CRJ 117__2025SP,CRJ 117__2025SP__S01,1,post,3.7,1.4344225295449842,3.5,3.4,3.6666666666666665,3.4,3.6666666666666665,-0.1586428265550334,-0.1597786317135771,0.38728913704759005,-0.08213996665732322,0.3862951957630527,3.533333333333333,0.0819307812220992,0.125409,0.22,0.148636,0.154864,-0.637836,0.344885,-0.349958,-0.635741,-0.637836,0.344885,-0.349958,-0.635741,0.2691835103275976,0.04941288300253142,0.45660687898522195,0.3300290711859559,0.37753206881116785,0.03917046219196251
STU_001032,CRJ 117,2025SP,S01,INST_CRJ117_01,2025SP,20251,CRJ 117__2025SP,CRJ 117__2025SP__S01,1,post,1.3,-1.5835909240968005,4.25,3.4,4,4.2,3.6666666666666665,1.3413689445301433,-0.1597786317135771,1.031948762196849,1.4154817510017808,0.3862951957630527,3.933333333333333,0.9553639707262576,0.125409,0.22,0.148636,0.154864,-0.637836,0.344885,-0.349958,-0.635741,-0.637836,0.344885,-0.349958,-0.635741,8.86394374293534,4.158600757837209,7.726389959315383,8.934799977353375,5.183139427271905,0.9325741224018804
STU_001311,CRJ 117,2025SP,S01,INST_CRJ117_01,2025SP,20251,CRJ 117__2025SP,CRJ 117__2025SP__S01,1,post,2,-0.7033370001179466,4.125,3.6,3.8333333333333335,3.8,3.8333333333333335,1.0913669826826138,0.21303817561810445,0.7096189496222199,0.6666708921722283,0.7064383601163647,3.8666666666666667,0.809791772475565,0.125409,0.22,0.148636,0.154864,-0.637836,0.344885,-0.349958,-0.635741,-0.637836,0.344885,-0.349958,-0.635741,7.171550762972116,3.5689617041705155,6.182830075884305,7.104877246059206,4.432731833281141,0.7567996915630928
STU_001363,CRJ 117,2025SP,S01,INST_CRJ117_01,2025SP,20251,CRJ 117__2025SP,CRJ 117__2025SP__S01,1,post,2,-0.7033370001179466,3.125,3.8,3.3333333333333335,2.8,3.3333333333333335,-0.9086487120976218,0.5858549829497852,-0.25737048810166807,-1.205356254901651,-0.2539911329435696,3.2666666666666666,-0.5003580117806731,0.125409,0.22,0.148636,0.154864,-0.637836,0.344885,-0.349958,-0.635741,-0.637836,0.344885,-0.349958,-0.635741,-4.6157761355846,-1.8465877310539502,-3.8143799162611796,-4.675028673841694,-2.6633924979748596,-0.47464281746961057
STU_001027,CRJ 117,2025SP,S01,INST_CRJ117_01,2025SP,20251,CRJ 117__2025SP,CRJ 117__2025SP__S01,1,post,4,1.8116742112502071,3.875,3.8,3.8333333333333335,3.8,3.3333333333333335,0.5913630589875549,0.5858549829497852,0.7096189496222199,0.6666708921722283,-0.2539911329435696,3.7333333333333334,0.5186473759741789,0.125409,0.22,0.148636,0.154864,-0.637836,0.344885,-0.349958,-0.635741,-0.637836,0.344885,-0.349958,-0.635741,4.662726920230704,2.540542201707784,4.195071756303556,4.720168454449324,2.515734590825532,0.4965515752638761
STU_000065,CRJ 117,2025SP,S01,INST_CRJ117_01,2025SP,20251,CRJ 117__2025SP,CRJ 117__2025SP__S01,1,post,3.7,1.4344225295449842,3.375,3,3.1666666666666665,3.8,3,-0.40864478840256285,-0.9054122463769394,-0.5797003006762981,0.6666708921722283,-0.8942774616501927,3.2666666666666666,-0.5003580117806731,0.125409,0.22,0.148636,0.154864,-0.637836,0.344885,-0.349958,-0.635741,-0.637836,0.344885,-0.349958,-0.635741,-4.620423906823481,-2.752021362256414,-4.13403962256965,-4.386616683348489,-3.182849393902112,-0.49955925881076213
STU_000036,CRJ 117,2025SP,S01,INST_CRJ117_01,2025SP,20251,CRJ 117__2025SP,CRJ 117__2025SP__S01,1,post,2.7,0.17691692386090738,3.5,3.6,3.1666666666666665,3,3.3333333333333335,-0.1586428265550334,0.21303817561810445,-0.5797003006762981,-0.8309508254868748,-0.2539911329435696,3.3333333333333335,-0.3547858135299795,0.125409,0.22,0.148636,0.154864,-0.637836,0.344885,-0.349958,-0.635741,-0.637836,0.344885,-0.349958,-0.635741,-3.3527659142527773,-1.5826214994316754,-3.1236864700923204,-3.617000702374184,-2.1118357160076306,-0.36872663414804663
STU_000991,CRJ 117,2025SP,S02,INST_CRJ117_02,2025SP,20251,CRJ 117__2025SP,CRJ 117__2025SP__S02,1,post,2.3,-0.3260853184127238,3.875,3.4,3.1666666666666665,3.6,3.8333333333333335,0.5913630589875549,-0.1597786317135771,-0.5797003006762981,0.29226546275745297,0.7064383601163647,3.6,0.22750297947279274,0.125409,0.22,0.148636,0.154864,-0.637836,0.344885,-0.349958,-0.635741,-0.637836,0.344885,-0.349958,-0.635741,1.9727658722144021,0.8165162613660791,1.3127753726256268,1.8719264297481077,1.4103532334572937,0.1959849570626733
STU_000445,CRJ 117,2025SP,S02,INST_CRJ117_02,2025SP,20251,CRJ 117__2025SP,CRJ 117__2025SP__S02,1,post,3.7,1.4344225295449842,4.5,4.6,4,4.4,4.166666666666667,1.8413728682252022,2.07712221227651,1.031948762196849,1.789887180416557,1.3467246888229878,4.333333333333333,1.828797160230416,0.125409,0.22,0.148636,0.154864,-0.637836,0.344885,-0.349958,-0.635741,-0.637836,0.344885,-0.349958,-0.635741,16.83022903805504,9.345061877777832,14.524245456562749,16.996624799503717,10.349194755729062,1.8016323012647868
STU_000462,CRJ 117,2025SP,S02,INST_CRJ117_02,2025SP,20251,CRJ 117__2025SP,CRJ 117__2025SP__S02,1,post,1.7,-1.0805886818231698,3.625,3.8,3.5,3.6,4.166666666666667,0.09135913529249606,0.5858549829497852,0.06495932447296097,0.29226546275745297,1.3467246888229878,3.7333333333333334,0.5186473759741789,0.125409,0.22,0.148636,0.154864,-0.637836,0.344885,-0.349958,-0.635741,-0.637836,0.344885,-0.349958,-0.635741,4.198325361590081,2.4368506781748653,3.6920810972908202,4.369527079903212,3.1944056185550034,0.4689478977368684
STU_000502,CRJ 117,2025SP,S02,INST_CRJ117_02,2025SP,20251,CRJ 117__2025SP,CRJ 117__2025SP__S02,1,post,3,0.5541686055661302,4,3.8,3.6666666666666665,3.6,3.6666666666666665,0.8413650208350845,0.5858549829497852,0.38728913704759005,0.29226546275745297,0.3862951957630527,3.7666666666666666,0.5914334750995252,0.125409,0.22,0.148636,0.154864,-0.637836,0.344885,-0.349958,-0.635741,-0.637836,0.344885,-0.349958,-0.635741,5.2273133385931185,2.782053110282285,4.439915301815885,5.091356507092759,3.1183267040233247,0.5479082546249323
STU_001412,CRJ 117,2025SP,S02,INST_CRJ117_02,2025SP,20251,CRJ 117__2025SP,CRJ 117__2025SP__S02,1,post,3,0.5541686055661302,3.625,3,3.8333333333333335,3.4,4,0.09135913529249606,-0.9054122463769394,0.7096189496222199,-0.08213996665732322,1.0265815244696759,3.6,0.22750297947279274,0.125409,0.22,0.148636,0.154864,-0.637836,0.344885,-0.349958,-0.635741,-0.637836,0.344885,-0.349958,-0.635741,2.053250524597491,0.5653108806392215,2.0714015171607882,2.0379677613146114,1.7349347889592057,0.22639934775340018
STU_000197,CRJ 117,2025SP,S02,INST_CRJ117_02,2025SP,20251,CRJ 117__2025SP,CRJ 117__2025SP__S02,1,post,2.3,-0.3260853184127238,2.5,3,2.8333333333333335,3.2,2.1666666666666665,-2.158658521335269,-0.9054122463769394,-1.2243599258255562,-0.4565453960720986,-2.49499328341675,2.7,-1.7377216969115639,0.125409,0.22,0.148636,0.154864,-0.637836,0.344885,-0.349958,-0.635741,-0.637836,0.344885,-0.349958,-0.635741,-15.228619849453334,-7.853998643201862,-13.1045305567267,-14.887140127953707,-9.863519958514127,-1.6134141035458929
STU_001471,CRJ 117,2025SP,S02,INST_CRJ117_02,2025SP,20251,CRJ 117__2025SP,CRJ 117__2025SP__S02,1,post,2.7,0.17691692386090738,4,4.6,4,4,4.333333333333333,0.8413650208350845,2.07712221227651,1.031948762196849,1.0410763215870045,1.6668678531762982,4.166666666666667,1.4648666646036845,0.125409,0.22,0.148636,0.154864,-0.637836,0.344885,-0.349958,-0.635741,-0.637836,0.344885,-0.349958,-0.635741,13.175703668363528,7.664136921225875,11.705822387530223,13.485769114994579,8.634205248861164,1.4412467920978935
STU_000653,CRJ 117,2025SP,S03,INST_CRJ117_03,2025SP,20251,CRJ 117__2025SP,CRJ 117__2025SP__S03,1,post,2,-0.7033370001179466,3.75,3.8,3.3333333333333335,3.6,3.3333333333333335,0.3413610971400255,0.5858549829497852,-0.25737048810166807,0.29226546275745297,-0.2539911329435696,3.566666666666667,0.15471688034744646,0.125409,0.22,0.148636,0.154864,-0.637836,0.344885,-0.349958,-0.635741,-0.637836,0.344885,-0.349958,-0.635741,1.3879175823862744,0.9385552828114752,1.0065423131043194,1.3939927796569658,0.6368065348991048,0.14173779245136753
STU_000311,CRJ 117,2025SP,S03,INST_CRJ117_03,2025SP,20251,CRJ 117__2025SP,CRJ 117__2025SP__S03,1,post,2.7,0.17691692386090738,3.875,3.2,3.1666666666666665,3.2,3.6666666666666665,0.5913630589875549,-0.5325954390452579,-0.5797003006762981,-0.4565453960720986,0.3862951957630527,3.466666666666667,-0.06364141702859338,0.125409,0.22,0.148636,0.154864,-0.637836,0.344885,-0.349958,-0.635741,-0.637836,0.344885,-0.349958,-0.635741,-0.5757575547815049,-0.6971590732444712,-0.9423102233629727,-0.9803395596272124,-0.3189317653491484,-0.09182606644458642
STU_001437,CRJ 117,2025SP,S03,INST_CRJ117_03,2025SP,20251,CRJ 117__2025SP,CRJ 117__2025SP__S03,1,post,2.7,0.17691692386090738,3.625,3.6,3.5,3.4,3.8333333333333335,0.09135913529249606,0.21303817561810445,0.06495932447296097,-0.08213996665732322,0.7064383601163647,3.6,0.22750297947279274,0.125409,0.22,0.148636,0.154864,-0.637836,0.344885,-0.349958,-0.635741,-0.637836,0.344885,-0.349958,-0.635741,1.779710784981066,0.9933045434475005,1.5827660956447578,1.789973836789818,1.417293472737928,0.19788417083231952
STU_000457,CRJ 117,2025SP,S03,INST_CRJ117_03,2025SP,20251,CRJ 117__2025SP,CRJ 117__2025SP__S03,1,post,3.3,0.9314202872713531,3.875,3.2,3.5,3.4,3.1666666666666665,0.5913630589875549,-0.5325954390452579,0.06495932447296097,-0.08213996665732322,-0.5741342972968816,3.466666666666667,-0.06364141702859338,0.125409,0.22,0.148636,0.154864,-0.637836,0.344885,-0.349958,-0.635741,-0.637836,0.344885,-0.349958,-0.635741,-0.34473559254093167,-0.5730915761402597,-0.4712769052792894,-0.6109716013816959,-0.6494912918347717,-0.06464835267182391
STU_000237,CRJ 117,2025SP,S03,INST_CRJ117_03,2025SP,20251,CRJ 117__2025SP,CRJ 117__2025SP__S03,1,post,2.7,0.17691692386090738,4.375,3.8,4,4.4,3.8333333333333335,1.5913709063776729,0.5858549829497852,1.031948762196849,1.789887180416557,0.7064383601163647,4.1,1.31929446635299,0.125409,0.22,0.148636,0.154864,-0.637836,0.344885,-0.349958,-0.635741,-0.637836,0.344885,-0.349958,-0.635741,12.221373022019339,6.2163515204058815,10.543659859788354,12.359373250210908,7.322350050340285,1.2955192320681554
STU_001065,CRJ 117,2025SP,S03,INST_CRJ117_03,2025SP,20251,CRJ 117__2025SP,CRJ 117__2025SP__S03,1,post,2.3,-0.3260853184127238,4.5,4.2,4.666666666666667,4.6,4.333333333333333,1.8413728682252022,1.3314885976131483,2.321268012495367,2.1642926098313313,1.6668678531762982,4.466666666666667,2.119941556731803,0.125409,0.22,0.148636,0.154864,-0.637836,0.344885,-0.349958,-0.635741,-0.637836,0.344885,-0.349958,-0.635741,19.952764481308492,10.532948224383981,17.807785211140505,20.32844096123278,12.471654844013056,2.1523255131148136
STU_001493,CRJ 117,2025SP,S03,INST_CRJ117_03,2025SP,20251,CRJ 117__2025SP,CRJ 117__2025SP__S03,1,post,2,-0.7033370001179466,4.375,3.8,3.6666666666666665,4,4.166666666666667,1.5913709063776729,0.5858549829497852,0.38728913704759005,1.0410763215870045,1.3467246888229878,4.033333333333333,1.1737222681022974,0.125409,0.22,0.148636,0.154864,-0.637836,0.344885,-0.349958,-0.635741,-0.637836,0.344885,-0.349958,-0.635741,10.475376141940812,5.329906024332422,8.78716105154408,10.385695335169808,6.588193251561474,1.1031782018063017
STU_000588,CRJ 117,2025F,S01,INST_CRJ117_01,2025SP,20253,CRJ 117__2025F,CRJ 117__2025F__S01,1,post,1.7,-1.0805886818231698,3.25,3,4,3.4,3.5,-0.6586467502500923,-0.9054122463769394,1.031948762196849,-0.08213996665732322,0.06615203140974155,3.433333333333333,-0.13642751615394064,0.125409,0.22,0.148636,0.154864,-0.637836,0.344885,-0.349958,-0.635741,-0.637836,0.344885,-0.349958,-0.635741,-1.3099228805186134,-1.0012557785703544,-0.5218067011091564,-1.0972896765523281,-0.5796099180403985,-0.11679844362100968
STU_000887,CRJ 117,2025F,S01,INST_CRJ117_01,2025SP,20253,CRJ 117__2025F,CRJ 117__2025F__S01,1,post,2.7,0.17691692386090738,4.125,4.2,4.166666666666667,4.4,4.166666666666667,1.0913669826826138,1.3314885976131483,1.354278574771479,1.789887180416557,1.3467246888229878,4.2,1.5376527637290307,0.125409,0.22,0.148636,0.154864,-0.637836,0.344885,-0.349958,-0.635741,-0.637836,0.344885,-0.349958,-0.635741,13.876661297096213,7.595751183524076,12.355223956467203,14.318751263798795,8.793613549119733,1.5085477620595737
STU_000224,CRJ 117,2025F,S01,INST_CRJ117_01,2025SP,20253,CRJ 117__2025F,CRJ 117__2025F__S01,1,post,1.3,-1.5835909240968005,2.875,3.4,3,3.4,3.1666666666666665,-1.4086526357926807,-0.1597786317135771,-0.9020301132509271,-0.08213996665732322,-0.5741342972968816,3.1333333333333333,-0.7915024082820592,0.125409,0.22,0.148636,0.154864,-0.637836,0.344885,-0.349958,-0.635741,-0.637836,0.344885,-0.349958,-0.635741,-7.210607413041282,-3.474341022787316,-6.192351824326732,-6.839691751861925,-4.273497090562597,-0.7453236721588035
STU_000330,CRJ 117,2025F,S01,INST_CRJ117_01,2025SP,20253,CRJ 117__2025F,CRJ 117__2025F__S01,1,post,1.7,-1.0805886818231698,2.625,3,2.6666666666666665,2.6,2.6666666666666665,-1.9086565594877396,-0.9054122463769394,-1.546689738400186,-1.5797616843164264,-1.534563790356816,2.7,-1.7377216969115639,0.125409,0.22,0.148636,0.154864,-0.637836,0.344885,-0.349958,-0.635741,-0.637836,0.344885,-0.349958,-0.635741,-15.389684945973276,-7.9752155560171705,-13.46880425297917,-15.465178554668235,-9.560201236138269,-1.6425297319033436
STU_000668,CRJ 117,2025F,S01,INST_CRJ117_01,2025SP,20253,CRJ 117__2025F,CRJ 117__2025F__S01,1,post,2.7,0.17691692386090738,4.125,4.2,3.8333333333333335,3.8,4,1.0913669826826138,1.3314885976131483,0.7096189496222199,0.6666708921722283,1.0265815244696759,4,1.100936168976951,0.125409,0.22,0.148636,0.154864,-0.637836,0.344885,-0.349958,-0.635741,-0.637836,0.344885,-0.349958,-0.635741,9.673471198190217,5.4131309386425555,8.37200576182353,9.657363149070836,6.062208389853589,1.0355729653597678
STU_001486,CRJ 117,2025F,S01,INST_CRJ117_01,2025SP,20253,CRJ 117__2025F,CRJ 117__2025F__S01,1,post,2.7,0.17691692386090738,3.75,3.6,4,3.8,4.166666666666667,0.3413610971400255,0.21303817561810445,1.031948762196849,0.6666708921722283,1.3467246888229878,3.8666666666666667,0.809791772475565,0.125409,0.22,0.148636,0.154864,-0.637836,0.344885,-0.349958,-0.635741,-0.637836,0.344885,-0.349958,-0.635741,6.72118942553835,3.5346454627695723,6.244974253929543,7.0107639661963725,4.675441031996484,0.7457616475016975
STU_000519,CRJ 117,2025F,S01,INST_CRJ117_01,2025SP,20253,CRJ 117__2025F,CRJ 117__2025F__S01,1,post,3.3,0.9314202872713531,4.25,4,4,3.6,4.166666666666667,1.3413689445301433,0.9586717902814668,1.031948762196849,0.29226546275745297,1.3467246888229878,4.033333333333333,1.1737222681022974,0.125409,0.22,0.148636,0.154864,-0.637836,0.344885,-0.349958,-0.635741,-0.637836,0.344885,-0.349958,-0.635741,10.88436736711401,5.794364547994368,9.50972525163007,10.685900625488149,6.942335292824286,1.1594208128477477
STU_000822,CRJ 117,2025F,S02,INST_CRJ117_02,2025SP,20253,CRJ 117__2025F,CRJ 117__2025F__S02,1,post,2,-0.7033370001179466,3.25,3.8,3.1666666666666665,4,3.8333333333333335,-0.6586467502500923,0.5858549829497852,-0.5797003006762981,1.0410763215870045,0.7064383601163647,3.566666666666667,0.15471688034744646,0.125409,0.22,0.148636,0.154864,-0.637836,0.344885,-0.349958,-0.635741,-0.637836,0.344885,-0.349958,-0.635741,1.0138517353526428,0.9695238854763455,0.926755472415936,1.6337468913682227,1.169382076097943,0.14631623164252117
STU_000386,CRJ 117,2025F,S02,INST_CRJ117_02,2025SP,20253,CRJ 117__2025F,CRJ 117__2025F__S02,1,post,3,0.5541686055661302,4.125,4.6,4.333333333333333,4,3.8333333333333335,1.0913669826826138,2.07712221227651,1.6766083873461073,1.0410763215870045,0.7064383601163647,4.166666666666667,1.4648666646036845,0.125409,0.22,0.148636,0.154864,-0.637836,0.344885,-0.349958,-0.635741,-0.637836,0.344885,-0.349958,-0.635741,13.083150310126475,7.573456204056551,11.786184525617925,13.272098424046037,7.92963115759681,1.4187767494300063
STU_001477,CRJ 117,2025F,S02,INST_CRJ117_02,2025SP,20253,CRJ 117__2025F,CRJ 117__2025F__S02,1,post,3.3,0.9314202872713531,4.625,4.4,4.333333333333333,4.8,4.5,2.0913748300727315,1.7043054049448298,1.6766083873461073,2.538698039246108,1.98701101752961,4.533333333333333,2.2655137549824955,0.125409,0.22,0.148636,0.154864,-0.637836,0.344885,-0.349958,-0.635741,-0.637836,0.344885,-0.349958,-0.635741,21.365933660783092,11.417014240124495,18.701690816622715,21.783775937930447,13.420620989337621,2.298819236903736
STU_000639,CRJ 117,2025F,S02,INST_CRJ117_02,2025SP,20253,CRJ 117__2025F,CRJ 117__2025F__S02,1,post,2.3,-0.3260853184127238,2.75,3.2,2.6666666666666665,3.2,3.3333333333333335,-1.65865459764021,-0.5325954390452579,-1.546689738400186,-0.4565453960720986,-0.2539911329435696,3,-1.0826468047834452,0.125409,0.22,0.148636,0.154864,-0.637836,0.344885,-0.349958,-0.635741,-0.637836,0.344885,-0.349958,-0.635741,-9.80810514983238,-4.987419977512289,-8.643800765605505,-9.535393293101167,-5.657733648068814,-1.0284199384949504
STU_001150,CRJ 117,2025F,S02,INST_CRJ117_02,2025SP,20253,CRJ 117__2025F,CRJ 117__2025F__S02,1,post,3.3,0.9314202872713531,4.125,3.8,3.8333333333333335,3.8,3.3333333333333335,1.0913669826826138,0.5858549829497852,0.7096189496222199,0.6666708921722283,-0.2539911329435696,3.8,0.6642195742248714,0.125409,0.22,0.148636,0.154864,-0.637836,0.344885,-0.349958,-0.635741,-0.637836,0.344885,-0.349958,-0.635741,6.028517653554448,3.1558066704490977,5.174505217193726,5.905747357073085,3.210589276675897,0.6260968119995375
STU_001458,CRJ 117,2025F,S02,INST_CRJ117_02,2025SP,20253,CRJ 117__2025F,CRJ 117__2025F__S02,1,post,3.3,0.9314202872713531,3.75,3.8,3.5,4.2,3.5,0.3413610971400255,0.5858549829497852,0.06495932447296097,1.4154817510017808,0.06615203140974155,3.7333333333333334,0.5186473759741789,0.125409,0.22,0.148636,0.154864,-0.637836,0.344885,-0.349958,-0.635741,-0.637836,0.344885,-0.349958,-0.635741,4.617640493554726,2.567984987121834,3.9161584241946037,4.965882015268854,2.7137258500492067,0.49953282189038867
STU_000226,CRJ 117,2025F,S02,INST_CRJ117_02,2025SP,20253,CRJ 117__2025F,CRJ 117__2025F__S02,1,post,3,0.5541686055661302,3.875,3.6,3.5,3.6,3.6666666666666665,0.5913630589875549,0.21303817561810445,0.06495932447296097,0.29226546275745297,0.3862951957630527,3.6666666666666665,0.3730751777234853,0.125409,0.22,0.148636,0.154864,-0.637836,0.344885,-0.349958,-0.635741,-0.637836,0.344885,-0.349958,-0.635741,3.107503590184177,1.5782227262264927,2.556287775688206,3.0329782505764356,1.9050422741355415,0.32338492242500344
STU_001213,CRJ 117,2025F,S03,INST_CRJ117_03,2025SP,20253,CRJ 117__2025F,CRJ 117__2025F__S03,1,post,3.3,0.9314202872713531,4.25,3.6,3.8333333333333335,3.8,3.5,1.3413689445301433,0.21303817561810445,0.7096189496222199,0.6666708921722283,0.06615203140974155,3.8333333333333335,0.7370056733502187,0.125409,0.22,0.148636,0.154864,-0.637836,0.344885,-0.349958,-0.635741,-0.637836,0.344885,-0.349958,-0.635741,6.811313849778634,3.317392310791736,5.772180643401032,6.613813110567032,3.817072005921501,0.7030717878888125
STU_000807,CRJ 117,2025F,S03,INST_CRJ117_03,2025SP,20253,CRJ 117__2025F,CRJ 117__2025F__S03,1,post,3.3,0.9314202872713531,3.625,3.8,3.8333333333333335,4,3.3333333333333335,0.09135913529249606,0.5858549829497852,0.7096189496222199,1.0410763215870045,-0.2539911329435696,3.7,0.4458612768488326,0.125409,0.22,0.148636,0.154864,-0.637836,0.344885,-0.349958,-0.635741,-0.637836,0.344885,-0.349958,-0.635741,3.696460109923947,2.168397369901461,3.5070186949607307,4.067052808431752,2.041995766106306,0.41223340945795883
STU_001069,CRJ 117,2025F,S03,INST_CRJ117_03,2025SP,20253,CRJ 117__2025F,CRJ 117__2025F__S03,1,post,3,0.5541686055661302,4,3.8,3.8333333333333335,3.4,3.8333333333333335,0.8413650208350845,0.5858549829497852,0.7096189496222199,-0.08213996665732322,0.7064383601163647,3.8,0.6642195742248714,0.125409,0.22,0.148636,0.154864,-0.637836,0.344885,-0.349958,-0.635741,-0.637836,0.344885,-0.349958,-0.635741,5.743178739697431,3.064891832307314,5.033136610521548,5.539677995027264,3.6188675194201037,0.6083694492790405
STU_000542,CRJ 117,2025F,S03,INST_CRJ117_03,2025SP,20253,CRJ 117__2025F,CRJ 117__2025F__S03,1,post,4,1.8116742112502071,4.125,4.2,4.5,4.4,4.166666666666667,1.0913669826826138,1.3314885976131483,1.9989381999207372,1.789887180416557,1.3467246888229878,4.266666666666667,1.6832249619797233,0.125409,0.22,0.148636,0.154864,-0.637836,0.344885,-0.349958,-0.635741,-0.637836,0.344885,-0.349958,-0.635741,15.485734749274107,8.41643673615458,14.00927631968447,15.94638995224719,9.74744128094143,1.6862037693325809
STU_000183,CRJ 117,2025F,S03,INST_CRJ117_03,2025SP,20253,CRJ 117__2025F,CRJ 117__2025F__S03,1,post,1.7,-1.0805886818231698,3.5,4,3.8333333333333335,3.6,3.8333333333333335,-0.1586428265550334,0.9586717902814668,0.7096189496222199,0.29226546275745297,0.7064383601163647,3.7333333333333334,0.5186473759741789,0.125409,0.22,0.148636,0.154864,-0.637836,0.344885,-0.349958,-0.635741,-0.637836,0.344885,-0.349958,-0.635741,4.376122985993692,2.7885308514079603,4.18595826449109,4.638970383676929,3.0149998532067674,0.49868464695647235
STU_000688,CRJ 117,2025F,S03,INST_CRJ117_03,2025SP,20253,CRJ 117__2025F,CRJ 117__2025F__S03,1,post,2.7,0.17691692386090738,4.5,4.2,3.6666666666666665,4.2,4.333333333333333,1.8413728682252022,1.3314885976131483,0.38728913704759005,1.4154817510017808,1.6668678531762982,4.2,1.5376527637290307,0.125409,0.22,0.148636,0.154864,-0.637836,0.344885,-0.349958,-0.635741,-0.637836,0.344885,-0.349958,-0.635741,14.268086130912634,7.626403944339094,12.012286790027323,14.245984463133514,8.960724299077807,1.5127624648733329
STU_000866,CRJ 117,2025F,S03,INST_CRJ117_03,2025SP,20253,CRJ 117__2025F,CRJ 117__2025F__S03,1,post,2,-0.7033370001179466,3.875,3.6,3.3333333333333335,3.6,3.6666666666666665,0.5913630589875549,0.21303817561810445,-0.25737048810166807,0.29226546275745297,0.3862951957630527,3.6333333333333333,0.300289078598139,0.125409,0.22,0.148636,0.154864,-0.637836,0.344885,-0.349958,-0.635741,-0.637836,0.344885,-0.349958,-0.635741,2.706282008763932,1.3463950413026,2.082061072239627,2.611135100213587,1.6989136896668624,0.2770655104030002
STU_000340,CSC 130,2024SP,S01,INST_CSC130_01,2025SP,20241,CSC 130__2024SP,CSC 130__2024SP__S01,0,pre,1.7,-1.0805886818231698,3.375,3.2,3.5,3.6,3.3333333333333335,-0.40864478840256285,-0.5325954390452579,0.06495932447296097,0.29226546275745297,-0.2539911329435696,3.4,-0.20921361527928692,0.236759,0.0365,0.235,0.186254,1.219005,-1.375807,0.495204,0.421835,0,-0,0,0,-1.9222498710168057,-1.187716610026601,-1.53771859920321,-1.7068327550740783,-1.175912579521778,-0.1970294610727736
STU_001524,CSC 130,2024SP,S01,INST_CSC130_01,2025SP,20241,CSC 130__2024SP,CSC 130__2024SP__S01,0,pre,3,0.5541686055661302,3.375,3.8,3.1666666666666665,2.8,3.6666666666666665,-0.40864478840256285,0.5858549829497852,-0.5797003006762981,-1.205356254901651,0.3862951957630527,3.3666666666666667,-0.28199971440463323,0.236759,0.0365,0.235,0.186254,1.219005,-1.375807,0.495204,0.421835,0,-0,0,0,-2.7744298527456386,-1.0373610248692007,-2.4977560714651825,-2.9980237336491617,-1.3661383391546364,-0.2910111849104993
STU_001442,CSC 130,2024SP,S01,INST_CSC130_01,2025SP,20241,CSC 130__2024SP,CSC 130__2024SP__S01,0,pre,2,-0.7033370001179466,2.875,3,2.5,2.6,2.6666666666666665,-1.4086526357926807,-0.9054122463769394,-1.869019550974815,-1.5797616843164264,-1.534563790356816,2.7333333333333334,-1.6649355977862175,0.236759,0.0365,0.235,0.186254,1.219005,-1.375807,0.495204,0.421835,0,-0,0,0,-14.486755337659355,-7.631088800007151,-12.97800871749621,-14.78156696073441,-9.200205898196517,-1.5672450481063416
STU_000599,CSC 130,2024SP,S01,INST_CSC130_01,2025SP,20241,CSC 130__2024SP,CSC 130__2024SP__S01,0,pre,2.7,0.17691692386090738,3.25,3.2,3.3333333333333335,3.6,3.1666666666666665,-0.6586467502500923,-0.5325954390452579,-0.25737048810166807,0.29226546275745297,-0.5741342972968816,3.3,-0.4275719126553268,0.236759,0.0365,0.235,0.186254,1.219005,-1.375807,0.495204,0.421835,0,-0,0,0,-4.137140559552832,-2.257095668416705,-3.5098931608269064,-3.8896977298335553,-2.643713027944874,-0.4334707544245181
STU_000996,CSC 130,2024SP,S02,INST_CSC130_02,2025SP,20241,CSC 130__2024SP,CSC 130__2024SP__S02,0,pre,2,-0.7033370001179466,3.625,3.2,3.6666666666666665,3,3.8333333333333335,0.09135913529249606,-0.5325954390452579,0.38728913704759005,-0.8309508254868748,0.7064383601163647,3.5,0.009144682096752907,0.236759,0.0365,0.235,0.186254,1.219005,-1.375807,0.495204,0.421835,0,-0,0,0,0.09120938233408485,-0.2848245771801925,0.15328800675374757,-0.2040346523286576,0.3689123943339949,0.002998214372070865
STU_001286,CSC 130,2024SP,S02,INST_CSC130_02,2025SP,20241,CSC 130__2024SP,CSC 130__2024SP__S02,0,pre,3.3,0.9314202872713531,3.75,3.8,3.8333333333333335,4,3.6666666666666665,0.3413610971400255,0.5858549829497852,0.7096189496222199,1.0410763215870045,0.3862951957630527,3.8,0.6642195742248714,0.236759,0.0365,0.235,0.186254,1.219005,-1.375807,0.495204,0.421835,0,-0,0,0,5.526844195639108,3.073455611271852,5.040866251663917,5.853377157322499,3.4499385118963244,0.6085880136988246
STU_000077,CSC 130,2024SP,S02,INST_CSC130_02,2025SP,20241,CSC 130__2024SP,CSC 130__2024SP__S02,0,pre,2.3,-0.3260853184127238,3.125,3,3.1666666666666665,2.6,3.1666666666666665,-0.9086487120976218,-0.9054122463769394,-0.5797003006762981,-1.5797616843164264,-0.5741342972968816,3.033333333333333,-1.009860705658099,0.236759,0.0365,0.235,0.186254,1.219005,-1.375807,0.495204,0.421835,0,-0,0,0,-8.97283865393603,-4.865911995928344,-7.823571194978918,-9.292680151754647,-5.48233124367204,-0.9673122864275842
STU_001117,CSC 130,2024SP,S03,INST_CSC130_03,2025SP,20241,CSC 130__2024SP,CSC 130__2024SP__S03,0,pre,2,-0.7033370001179466,3,3.4,3.6666666666666665,3.2,3.6666666666666665,-1.1586506739451512,-0.1597786317135771,0.38728913704759005,-0.4565453960720986,0.3862951957630527,3.3666666666666667,-0.28199971440463323,0.236759,0.0365,0.235,0.186254,1.219005,-1.375807,0.495204,0.421835,0,-0,0,0,-2.9514130108253833,-1.3712941706000732,-2.012009771967662,-2.666646664448151,-1.2491904436330192,-0.2761892602399022
STU_000965,CSC 130,2024SP,S03,INST_CSC130_03,2025SP,20241,CSC 130__2024SP,CSC 130__2024SP__S03,0,pre,3.3,0.9314202872713531,3.625,4,3.8333333333333335,2.6,3.3333333333333335,0.09135913529249606,0.9586717902814668,0.7096189496222199,-1.5797616843164264,-0.2539911329435696,3.5,0.009144682096752907,0.236759,0.0365,0.235,0.186254,1.219005,-1.375807,0.495204,0.421835,0,-0,0,0,-0.2300153075564391,0.34761564929221045,0.03961493980991574,-0.7093701964059932,-0.29285282772930726,-0.028079509976988232
STU_001035,CSC 130,2024SP,S03,INST_CSC130_03,2025SP,20241,CSC 130__2024SP,CSC 130__2024SP__S03,0,pre,3.7,1.4344225295449842,4.125,3.8,3.8333333333333335,4,3.6666666666666665,1.0913669826826138,0.5858549829497852,0.7096189496222199,1.0410763215870045,0.3862951957630527,3.9,0.8825778716009113,0.236759,0.0365,0.235,0.186254,1.219005,-1.375807,0.495204,0.421835,0,-0,0,0,8.047863756145988,4.194517760690874,6.9555465081983705,8.106439435553817,4.795911768289155,0.8536175447151239
STU_000222,CSC 130,2024SP,S03,INST_CSC130_03,2025SP,20241,CSC 130__2024SP,CSC 130__2024SP__S03,0,pre,1.3,-1.5835909240968005,3.25,3.6,3.1666666666666665,3.2,3.6666666666666665,-0.6586467502500923,0.21303817561810445,-0.5797003006762981,-0.4565453960720986,0.3862951957630527,3.3666666666666667,-0.28199971440463323,0.236759,0.0365,0.235,0.186254,1.219005,-1.375807,0.495204,0.421835,0,-0,0,0,-2.78313575700185,-1.1652388411019947,-2.443692463294187,-2.703786018559596,-1.316753659298159,-0.2817813510514164
STU_000942,CSC 130,2024SP,S04,INST_CSC130_01,2025SP,20241,CSC 130__2024SP,CSC 130__2024SP__S04,0,pre,2.7,0.17691692386090738,3.875,4,4,3.6,4,0.5913630589875549,0.9586717902814668,1.031948762196849,0.29226546275745297,1.0265815244696759,3.9,0.8825778716009113,0.236759,0.0365,0.235,0.186254,1.219005,-1.375807,0.495204,0.421835,0,-0,0,0,7.475541950161485,4.204396151517526,6.779756983870061,7.524767786411195,4.900382051873538,0.8151591988803412
STU_000145,CSC 130,2024SP,S04,INST_CSC130_01,2025SP,20241,CSC 130__2024SP,CSC 130__2024SP__S04,0,pre,3,0.5541686055661302,3.375,3.6,3.8333333333333335,3.4,4,-0.40864478840256285,0.21303817561810445,0.7096189496222199,-0.08213996665732322,1.0265815244696759,3.6333333333333333,0.300289078598139,0.236759,0.0365,0.235,0.186254,1.219005,-1.375807,0.495204,0.421835,0,-0,0,0,2.1100574427077214,1.2849673007832554,2.287926734229288,2.3319229675480013,1.9071551395728576,0.2585310573616921
STU_001180,CSC 130,2024SP,S04,INST_CSC130_01,2025SP,20241,CSC 130__2024SP,CSC 130__2024SP__S04,0,pre,3.3,0.9314202872713531,4.625,3.6,4.333333333333333,4,3.8333333333333335,2.0913748300727315,0.21303817561810445,1.6766083873461073,1.0410763215870045,0.7064383601163647,4.133333333333334,1.3920805654783381,0.236759,0.0365,0.235,0.186254,1.219005,-1.375807,0.495204,0.421835,0,-0,0,0,13.082540170892793,6.375500014454868,11.37546629717897,12.81512774204117,7.696572167217477,1.3688694512866773
STU_001116,CSC 130,2024SP,S04,INST_CSC130_01,2025SP,20241,CSC 130__2024SP,CSC 130__2024SP__S04,0,pre,2.3,-0.3260853184127238,2.875,3,2.6666666666666665,3,3,-1.4086526357926807,-0.9054122463769394,-1.546689738400186,-0.8309508254868748,-0.8942774616501927,2.9,-1.301005102159485,0.236759,0.0365,0.235,0.186254,1.219005,-1.375807,0.495204,0.421835,0,-0,0,0,-11.920802726471965,-6.279589591977031,-10.566098963938163,-11.875401023237593,-7.26327314610112,-1.271628362653085
STU_000417,CSC 130,2024SP,S04,INST_CSC130_01,2025SP,20241,CSC 130__2024SP,CSC 130__2024SP__S04,0,pre,3,0.5541686055661302,3.625,3.6,3.5,3,3.5,0.09135913529249606,0.21303817561810445,0.06495932447296097,-0.8309508254868748,0.06615203140974155,3.466666666666667,-0.06364141702859338,0.236759,0.0365,0.235,0.186254,1.219005,-1.375807,0.495204,0.421835,0,-0,0,0,-0.6969358785658846,-0.2889191922987254,-0.6380438238888729,-1.0020033150672085,-0.4074109315073692,-0.0828849238031981
STU_000418,CSC 130,2024SP,S04,INST_CSC130_01,2025SP,20241,CSC 130__2024SP,CSC 130__2024SP__S04,0,pre,1.7,-1.0805886818231698,2.875,3.2,3.3333333333333335,2.6,2.8333333333333335,-1.4086526357926807,-0.5325954390452579,-0.25737048810166807,-1.5797616843164264,-1.214420626003504,2.966666666666667,-1.1554329039087916,0.236759,0.0365,0.235,0.186254,1.219005,-1.375807,0.495204,0.421835,0,-0,0,0,-10.675955742718633,-5.467518438526415,-8.989977087175697,-10.813231871612773,-6.739381889091371,-1.1334672120405669
STU_001054,CSC 130,2024SP,S04,INST_CSC130_01,2025SP,20241,CSC 130__2024SP,CSC 130__2024SP__S04,0,pre,2.3,-0.3260853184127238,4,4,4,3,4.166666666666667,0.8413650208350845,0.9586717902814668,1.031948762196849,-0.8309508254868748,1.3467246888229878,3.8666666666666667,0.809791772475565,0.236759,0.0365,0.235,0.186254,1.219005,-1.375807,0.495204,0.421835,0,-0,0,0,7.207765045050487,4.012571861303379,6.463381988646845,6.807603362218585,4.811273425305814,0.7709475174791145
STU_000535,CSC 130,2024SP,S04,INST_CSC130_01,2025SP,20241,CSC 130__2024SP,CSC 130__2024SP__S04,0,pre,2.3,-0.3260853184127238,3.75,3.4,3.6666666666666665,3.2,3.3333333333333335,0.3413610971400255,-0.1597786317135771,0.38728913704759005,-0.4565453960720986,-0.2539911329435696,3.5,0.009144682096752907,0.236759,0.0365,0.235,0.186254,1.219005,-1.375807,0.495204,0.421835,0,-0,0,0,0.13402985936989,-0.08836612858909094,0.12129544829853689,-0.12419964969615735,-0.11537400469651347,-3.2662205249806345e-4
STU_000070,CSC 130,2024SP,S04,INST_CSC130_01,2025SP,20241,CSC 130__2024SP,CSC 130__2024SP__S04,0,pre,1.3,-1.5835909240968005,3.25,2.6,3.3333333333333335,3.4,3.1666666666666665,-0.6586467502500923,-1.6510458610403016,-0.25737048810166807,-0.08213996665732322,-0.5741342972968816,3.1666666666666665,-0.7187163091567129,0.236759,0.0365,0.235,0.186254,1.219005,-1.375807,0.495204,0.421835,0,-0,0,0,-6.504190323869031,-4.031339730760662,-5.60071637071389,-6.436337662892226,-4.055517560099738,-0.699853139149603
STU_000575,CSC 130,2024F,S01,INST_CSC130_01,2025SP,20243,CSC 130__2024F,CSC 130__2024F__S01,0,pre,2.7,0.17691692386090738,3.25,2.8,3.1666666666666665,3,3.1666666666666665,-0.6586467502500923,-1.278229053708621,-0.5797003006762981,-0.8309508254868748,-0.5741342972968816,3.1,-0.8642885074074055,0.236759,0.0365,0.235,0.186254,1.219005,-1.375807,0.495204,0.421835,0,-0,0,0,-7.453214029299787,-4.339448979723291,-6.55702837799688,-7.630213551067279,-4.610901230530871,-0.8083591002940769
STU_000580,CSC 130,2024F,S01,INST_CSC130_01,2025SP,20243,CSC 130__2024F,CSC 130__2024F__S01,0,pre,3,0.5541686055661302,3.625,4,3.1666666666666665,4,3.5,0.09135913529249606,0.9586717902814668,-0.5797003006762981,1.0410763215870045,0.06615203140974155,3.6333333333333333,0.300289078598139,0.236759,0.0365,0.235,0.186254,1.219005,-1.375807,0.495204,0.421835,0,-0,0,0,2.2662311498254617,1.624979502684154,1.7622523695774484,2.5902081436321005,1.3518517870497604,0.2520497691704508
STU_000104,CSC 130,2024F,S01,INST_CSC130_01,2025SP,20243,CSC 130__2024F,CSC 130__2024F__S01,0,pre,2,-0.7033370001179466,3.125,3.6,2.8333333333333335,3,3.3333333333333335,-0.9086487120976218,0.21303817561810445,-1.2243599258255562,-0.8309508254868748,-0.2539911329435696,3.1666666666666665,-0.7187163091567129,0.236759,0.0365,0.235,0.186254,1.219005,-1.375807,0.495204,0.421835,0,-0,0,0,-6.773258176841943,-3.190701549557975,-6.104468876390978,-6.803110766758545,-3.988688630134015,-0.7180668662340266
STU_000696,CSC 130,2024F,S02,INST_CSC130_02,2025SP,20243,CSC 130__2024F,CSC 130__2024F__S02,0,pre,0,-3.2183482114861004,4.375,4,3.8333333333333335,4,3.8333333333333335,1.5913709063776729,0.9586717902814668,0.7096189496222199,1.0410763215870045,0.7064383601163647,4.033333333333333,1.1737222681022974,0.236759,0.0365,0.235,0.186254,1.219005,-1.375807,0.495204,0.421835,0,-0,0,0,10.638811887124426,5.6004634622065215,9.036664803408069,10.534197942462196,6.360864959316117,1.119765340965042
STU_001267,CSC 130,2024F,S02,INST_CSC130_02,2025SP,20243,CSC 130__2024F,CSC 130__2024F__S02,0,pre,2.3,-0.3260853184127238,3.625,4.2,4.166666666666667,3.6,3.3333333333333335,0.09135913529249606,1.3314885976131483,1.354278574771479,0.29226546275745297,-0.2539911329435696,3.7666666666666666,0.5914334750995252,0.236759,0.0365,0.235,0.186254,1.219005,-1.375807,0.495204,0.421835,0,-0,0,0,4.826545808127835,3.1741102938684276,4.758664068302497,5.046476369824397,2.7827099796002135,0.5428425451563137
STU_000655,CSC 130,2024F,S02,INST_CSC130_02,2025SP,20243,CSC 130__2024F,CSC 130__2024F__S02,0,pre,2.3,-0.3260853184127238,3.625,4.2,4,3.6,4.333333333333333,0.09135913529249606,1.3314885976131483,1.031948762196849,0.29226546275745297,1.6668678531762982,3.933333333333333,0.9553639707262576,0.236759,0.0365,0.235,0.186254,1.219005,-1.375807,0.495204,0.421835,0,-0,0,0,8.341768697507904,4.949627187294528,7.742975347123353,8.624127590682104,5.886608905743949,0.9339337491391174
STU_000899,CSC 130,2024F,S02,INST_CSC130_02,2025SP,20243,CSC 130__2024F,CSC 130__2024F__S02,0,pre,2.3,-0.3260853184127238,3,3.8,3.1666666666666665,3,3.3333333333333335,-1.1586506739451512,0.5858549829497852,-0.5797003006762981,-0.8309508254868748,-0.2539911329435696,3.2333333333333334,-0.5731441109060194,0.236759,0.0365,0.235,0.186254,1.219005,-1.375807,0.495204,0.421835,0,-0,0,0,-5.7275620786792505,-2.388088828933069,-4.825871979173866,-5.60518850336718,-3.2784318639925947,-0.5864640807124378
STU_001431,CSC 130,2024F,S03,INST_CSC130_03,2025SP,20243,CSC 130__2024F,CSC 130__2024F__S03,0,pre,3,0.5541686055661302,3.75,3.4,4.166666666666667,4.2,4,0.3413610971400255,-0.1597786317135771,1.354278574771479,1.4154817510017808,1.0265815244696759,3.9,0.8825778716009113,0.236759,0.0365,0.235,0.186254,1.219005,-1.375807,0.495204,0.421835,0,-0,0,0,7.723871770378877,3.8247390386448714,7.219170103025916,8.227690846463977,5.120668820270239,0.8547042599519908
STU_001405,CSC 130,2024F,S03,INST_CSC130_03,2025SP,20243,CSC 130__2024F,CSC 130__2024F__S03,0,pre,2.7,0.17691692386090738,3.375,3.4,3.5,3.4,3.5,-0.40864478840256285,-0.1597786317135771,0.06495932447296097,-0.08213996665732322,0.06615203140974155,3.433333333333333,-0.13642751615394064,0.236759,0.0365,0.235,0.186254,1.219005,-1.375807,0.495204,0.421835,0,-0,0,0,-1.4485565360751413,-0.7370337049560107,-1.123035770913285,-1.3525971414840363,-0.7432162984367499,-0.14418967984548042
STU_001103,CSC 130,2024F,S03,INST_CSC130_03,2025SP,20243,CSC 130__2024F,CSC 130__2024F__S03,0,pre,2,-0.7033370001179466,3.25,3.8,3.8333333333333335,3.6,3,-0.6586467502500923,0.5858549829497852,0.7096189496222199,0.29226546275745297,-0.8942774616501927,3.466666666666667,-0.06364141702859338,0.236759,0.0365,0.235,0.186254,1.219005,-1.375807,0.495204,0.421835,0,-0,0,0,-1.0079240739131874,-0.08128448429641237,-0.3541076643951743,-0.6515337480116355,-0.8976238877303928,-0.07981825467199419
STU_000263,CSC 130,2024F,S04,INST_CSC130_01,2025SP,20243,CSC 130__2024F,CSC 130__2024F__S04,0,pre,1.7,-1.0805886818231698,4.375,4,3.5,3.6,4,1.5913709063776729,0.9586717902814668,0.06495932447296097,0.29226546275745297,1.0265815244696759,3.933333333333333,0.9553639707262576,0.236759,0.0365,0.235,0.186254,1.219005,-1.375807,0.495204,0.421835,0,-0,0,0,8.758561612673683,4.623093672005521,7.1261812014367,8.370879777028934,5.361282080399029,0.9065201763176823
STU_001241,CSC 130,2024F,S04,INST_CSC130_01,2025SP,20243,CSC 130__2024F,CSC 130__2024F__S04,0,pre,2.7,0.17691692386090738,2.875,3.4,2.8333333333333335,3,3.5,-1.4086526357926807,-0.1597786317135771,-1.2243599258255562,-0.8309508254868748,0.06615203140974155,3.1,-0.8642885074074055,0.236759,0.0365,0.235,0.186254,1.219005,-1.375807,0.495204,0.421835,0,-0,0,0,-7.967635820734324,-3.850026309224777,-6.957037359192539,-7.825197469011833,-4.388881805178569,-0.8287959357245945
STU_001244,CSC 130,2024F,S04,INST_CSC130_01,2025SP,20243,CSC 130__2024F,CSC 130__2024F__S04,0,pre,3,0.5541686055661302,4.625,4.6,4.166666666666667,4.6,4.333333333333333,2.0913748300727315,2.07712221227651,1.354278574771479,2.1642926098313313,1.6668678531762982,4.466666666666667,2.119941556731803,0.236759,0.0365,0.235,0.186254,1.219005,-1.375807,0.495204,0.421835,0,-0,0,0,19.41155659953043,10.616166793326608,16.814763434012203,19.660030674036133,11.978964959585381,2.07955949740556
STU_000359,CSC 130,2024F,S04,INST_CSC130_01,2025SP,20243,CSC 130__2024F,CSC 130__2024F__S04,0,pre,3.3,0.9314202872713531,4.375,4,3.8333333333333335,3.6,4,1.5913709063776729,0.9586717902814668,0.7096189496222199,0.29226546275745297,1.0265815244696759,4,1.100936168976951,0.236759,0.0365,0.235,0.186254,1.219005,-1.375807,0.495204,0.421835,0,-0,0,0,10.131128037811624,5.34018515393146,8.589207170758234,9.787866793654327,6.214117304815277,1.0614155819515507
STU_001121,CSC 130,2024F,S04,INST_CSC130_01,2025SP,20243,CSC 130__2024F,CSC 130__2024F__S04,0,pre,1.7,-1.0805886818231698,4,3.6,3.6666666666666665,3.8,4,0.8413650208350845,0.21303817561810445,0.38728913704759005,0.6666708921722283,1.0265815244696759,3.8333333333333335,0.7370056733502187,0.236759,0.0365,0.235,0.186254,1.219005,-1.375807,0.495204,0.421835,0,-0,0,0,6.29509763125248,3.142983081163864,5.395359743043,6.309421022622445,4.114247554930472,0.6702023960199239
STU_000152,CSC 130,2024F,S04,INST_CSC130_01,2025SP,20243,CSC 130__2024F,CSC 130__2024F__S04,0,pre,2,-0.7033370001179466,3.625,3.8,3.8333333333333335,3.4,3,0.09135913529249606,0.5858549829497852,0.7096189496222199,-0.08213996665732322,-0.8942774616501927,3.533333333333333,0.0819307812220992,0.236759,0.0365,0.235,0.186254,1.219005,-1.375807,0.495204,0.421835,0,-0,0,0,0.5211804568946632,0.559685018051328,0.7027726448740779,0.4708644220709597,-0.22122315557383385,0.0549721558464718
STU_000126,CSC 130,2024F,S04,INST_CSC130_01,2025SP,20243,CSC 130__2024F,CSC 130__2024F__S04,0,pre,2.3,-0.3260853184127238,3.875,4,3.3333333333333335,3.8,3.6666666666666665,0.5913630589875549,0.9586717902814668,-0.25737048810166807,0.6666708921722283,0.3862951957630527,3.7333333333333334,0.5186473759741789,0.236759,0.0365,0.235,0.186254,1.219005,-1.375807,0.495204,0.421835,0,-0,0,0,4.41896063245872,2.646643841892504,3.589423316112817,4.494485471118159,2.6857514924334573,0.47053572395622256
STU_000551,CSC 130,2024F,S04,INST_CSC130_01,2025SP,20243,CSC 130__2024F,CSC 130__2024F__S04,0,pre,2,-0.7033370001179466,3.25,3.2,3,3,2.8333333333333335,-0.6586467502500923,-0.5325954390452579,-0.9020301132509271,-0.8309508254868748,-1.214420626003504,3.066666666666667,-0.9370746065327518,0.236759,0.0365,0.235,0.186254,1.219005,-1.375807,0.495204,0.421835,0,-0,0,0,-8.241650906775977,-4.3304140343861,-7.357979834329921,-8.408738708470077,-5.395170228985653,-0.8938401673482769
STU_000189,CSC 130,2024F,S05,INST_CSC130_02,2025SP,20243,CSC 130__2024F,CSC 130__2024F__S05,0,pre,1.3,-1.5835909240968005,3.75,3.6,3.8333333333333335,3.6,3.5,0.3413610971400255,0.21303817561810445,0.7096189496222199,0.29226546275745297,0.06615203140974155,3.6666666666666665,0.3730751777234853,0.236759,0.0365,0.235,0.186254,1.219005,-1.375807,0.495204,0.421835,0,-0,0,0,3.4516713343295984,1.7861049467419838,3.2207648177507604,3.5057938975235423,2.044351786612396,0.37302505005012826
STU_000974,CSC 130,2025SP,S01,INST_CSC130_01,2025SP,20251,CSC 130__2025SP,CSC 130__2025SP__S01,1,post,2.7,0.17691692386090738,3.625,3.8,3.5,3.4,3.3333333333333335,0.09135913529249606,0.5858549829497852,0.06495932447296097,-0.08213996665732322,-0.2539911329435696,3.533333333333333,0.0819307812220992,0.236759,0.0365,0.235,0.186254,1.219005,-1.375807,0.495204,0.421835,1.219005,-1.375807,0.495204,0.421835,0.46356096877240355,0.5577739097598219,0.42735216973556356,0.4543548249667029,0.17472793576794687,0.05279884561970399
STU_001450,CSC 130,2025SP,S01,INST_CSC130_01,2025SP,20251,CSC 130__2025SP,CSC 130__2025SP__S01,1,post,2,-0.7033370001179466,3.5,3,3,2.6,3,-0.1586428265550334,-0.9054122463769394,-0.9020301132509271,-1.5797616843164264,-0.8942774616501927,3.066666666666667,-0.9370746065327518,0.236759,0.0365,0.235,0.186254,1.219005,-1.375807,0.495204,0.421835,1.219005,-1.375807,0.495204,0.421835,-8.201456695094416,-4.607772544940939,-7.504506167302256,-8.790518727976476,-5.3628410737030805,-0.9125114987269717
STU_000058,CSC 130,2025SP,S01,INST_CSC130_01,2025SP,20251,CSC 130__2025SP,CSC 130__2025SP__S01,1,post,2.7,0.17691692386090738,4.25,3.8,4,4.4,4.333333333333333,1.3413689445301433,0.5858549829497852,1.031948762196849,1.789887180416557,1.6668678531762982,4.166666666666667,1.4648666646036845,0.236759,0.0365,0.235,0.186254,1.219005,-1.375807,0.495204,0.421835,1.219005,-1.375807,0.495204,0.421835,13.009147069276306,6.691107968495091,11.365512725985669,13.318447512691614,8.36441515250395,1.4002192215279385
STU_000809,CSC 130,2025SP,S01,INST_CSC130_01,2025SP,20251,CSC 130__2025SP,CSC 130__2025SP__S01,1,post,3.3,0.9314202872713531,3.5,3,3.6666666666666665,2.8,3,-0.1586428265550334,-0.9054122463769394,0.38728913704759005,-1.205356254901651,-0.8942774616501927,3.2333333333333334,-0.5731441109060194,0.236759,0.0365,0.235,0.186254,1.219005,-1.375807,0.495204,0.421835,1.219005,-1.375807,0.495204,0.421835,-4.874015956416255,-2.9169655057788706,-4.090578031331265,-5.2772632601015035,-3.337609712504831,-0.5397860490577502
STU_000971,CSC 130,2025SP,S01,INST_CSC130_01,2025SP,20251,CSC 130__2025SP,CSC 130__2025SP__S01,1,post,1.7,-1.0805886818231698,4.375,3.8,3.5,4,3.8333333333333335,1.5913709063776729,0.5858549829497852,0.06495932447296097,1.0410763215870045,0.7064383601163647,3.933333333333333,0.9553639707262576,0.236759,0.0365,0.235,0.186254,1.219005,-1.375807,0.495204,0.421835,1.219005,-1.375807,0.495204,0.421835,8.57555492873136,4.352903152707066,6.974609363061241,8.4245415168999,5.144621506785729,0.8897443480135253
STU_000320,CSC 130,2025SP,S01,INST_CSC130_01,2025SP,20251,CSC 130__2025SP,CSC 130__2025SP__S01,1,post,2.3,-0.3260853184127238,3.875,3.6,3.8333333333333335,3.6,3.6666666666666665,0.5913630589875549,0.21303817561810445,0.7096189496222199,0.29226546275745297,0.3862951957630527,3.7333333333333334,0.5186473759741789,0.236759,0.0365,0.235,0.186254,1.219005,-1.375807,0.495204,0.421835,1.219005,-1.375807,0.495204,0.421835,4.526867961687523,2.3020383923716885,4.040232160074944,4.496883744877754,2.7650597382474413,0.4820120573666061
STU_000530,CSC 130,2025SP,S01,INST_CSC130_01,2025SP,20251,CSC 130__2025SP,CSC 130__2025SP__S01,1,post,3.3,0.9314202872713531,3.375,2.8,3,3,2.8333333333333335,-0.40864478840256285,-1.278229053708621,-0.9020301132509271,-0.8309508254868748,-1.214420626003504,3.033333333333333,-1.009860705658099,0.236759,0.0365,0.235,0.186254,1.219005,-1.375807,0.495204,0.421835,1.219005,-1.375807,0.495204,0.421835,-8.679403382218922,-5.0144433656428955,-7.8677482609423315,-9.01207901772198,-5.761875124914209,-0.9585518257382047
STU_001037,CSC 130,2025SP,S02,INST_CSC130_02,2025SP,20251,CSC 130__2025SP,CSC 130__2025SP__S02,1,post,1,-1.9608426058020236,3,3.2,2.5,3.6,2.5,-1.1586506739451512,-0.5325954390452579,-1.869019550974815,0.29226546275745297,-1.8547069547101271,2.933333333333333,-1.228219003034139,0.236759,0.0365,0.235,0.186254,1.219005,-1.375807,0.495204,0.421835,1.219005,-1.375807,0.495204,0.421835,-10.83184893119077,-5.587174337720522,-9.822021297666952,-10.557868222503036,-7.133919557729121,-1.162550566682864
STU_000760,CSC 130,2025SP,S02,INST_CSC130_02,2025SP,20251,CSC 130__2025SP,CSC 130__2025SP__S02,1,post,3.3,0.9314202872713531,3,3.6,2.6666666666666665,3,3,-1.1586506739451512,0.21303817561810445,-1.546689738400186,-0.8309508254868748,-0.8942774616501927,3.033333333333333,-1.009860705658099,0.236759,0.0365,0.235,0.186254,1.219005,-1.375807,0.495204,0.421835,1.219005,-1.375807,0.495204,0.421835,-9.250896782115559,-4.372038176244372,-8.287504906123324,-9.227504136680936,-5.705785222631497,-0.9825885904607156
STU_001192,CSC 130,2025SP,S02,INST_CSC130_02,2025SP,20251,CSC 130__2025SP,CSC 130__2025SP__S02,1,post,2.3,-0.3260853184127238,3.125,3.4,3,2.6,3,-0.9086487120976218,-0.1597786317135771,-0.9020301132509271,-1.5797616843164264,-0.8942774616501927,3.033333333333333,-1.009860705658099,0.236759,0.0365,0.235,0.186254,1.219005,-1.375807,0.495204,0.421835,1.219005,-1.375807,0.495204,0.421835,-9.126637413570675,-4.59235579073822,-8.06653658661336,-9.444654633367119,-5.731256087639944,-0.9836842313349184
STU_000781,CSC 130,2025SP,S02,INST_CSC130_02,2025SP,20251,CSC 130__2025SP,CSC 130__2025SP__S02,1,post,3.3,0.9314202872713531,3.75,3.6,3.5,4.2,3.6666666666666665,0.3413610971400255,0.21303817561810445,0.06495932447296097,1.4154817510017808,0.3862951957630527,3.7333333333333334,0.5186473759741789,0.236759,0.0365,0.235,0.186254,1.219005,-1.375807,0.495204,0.421835,1.219005,-1.375807,0.495204,0.421835,4.432746429946218,2.323920789896064,3.831357072402272,4.847916911395057,2.8315466834200027,0.4860456234681421
STU_001334,CSC 130,2025SP,S02,INST_CSC130_02,2025SP,20251,CSC 130__2025SP,CSC 130__2025SP__S02,1,post,3,0.5541686055661302,3.875,3.6,3.8333333333333335,3.8,3.3333333333333335,0.5913630589875549,0.21303817561810445,0.7096189496222199,0.6666708921722283,-0.2539911329435696,3.7,0.4458612768488326,0.236759,0.0365,0.235,0.186254,1.219005,-1.375807,0.495204,0.421835,1.219005,-1.375807,0.495204,0.421835,4.061959554171727,2.0758889430563365,3.6680739884605216,4.118828725069242,2.1472435484493557,0.4300146149507494
STU_000331,CSC 130,2025SP,S02,INST_CSC130_02,2025SP,20251,CSC 130__2025SP,CSC 130__2025SP__S02,1,post,2.3,-0.3260853184127238,4.125,3.6,3.3333333333333335,3.8,3.1666666666666665,1.0913669826826138,0.21303817561810445,-0.25737048810166807,0.6666708921722283,-0.5741342972968816,3.6333333333333333,0.300289078598139,0.236759,0.0365,0.235,0.186254,1.219005,-1.375807,0.495204,0.421835,1.219005,-1.375807,0.495204,0.421835,2.7748260944530756,1.262698831302112,1.951060984656086,2.5542645246530773,1.027095068272023,0.2594685879406114
STU_000449,CSC 130,2025SP,S02,INST_CSC130_02,2025SP,20251,CSC 130__2025SP,CSC 130__2025SP__S02,1,post,2.7,0.17691692386090738,3.25,3.6,3.5,2.8,3.8333333333333335,-0.6586467502500923,0.21303817561810445,0.06495932447296097,-1.205356254901651,0.7064383601163647,3.4,-0.20921361527928692,0.236759,0.0365,0.235,0.186254,1.219005,-1.375807,0.495204,0.421835,1.219005,-1.375807,0.495204,0.421835,-2.6571384735361216,-1.120154567352075,-2.029150658597164,-2.7547410903704215,-1.0705598638530063,-0.26269761278553466
STU_000208,CSC 130,2025SP,S03,INST_CSC130_03,2025SP,20251,CSC 130__2025SP,CSC 130__2025SP__S03,1,post,2.3,-0.3260853184127238,3.5,3.6,3.3333333333333335,3.6,3,-0.1586428265550334,0.21303817561810445,-0.25737048810166807,0.29226546275745297,-0.8942774616501927,3.4,-0.20921361527928692,0.236759,0.0365,0.235,0.186254,1.219005,-1.375807,0.495204,0.421835,1.219005,-1.375807,0.495204,0.421835,-1.8226515938302887,-0.804209570518418,-1.6314197123817937,-1.74340482922361,-1.530787333819631,-0.19812531031381186
STU_001551,CSC 130,2025SP,S03,INST_CSC130_03,2025SP,20251,CSC 130__2025SP,CSC 130__2025SP__S03,1,post,1.7,-1.0805886818231698,3.25,3.2,3.5,3,3.5,-0.6586467502500923,-0.5325954390452579,0.06495932447296097,-0.8309508254868748,0.06615203140974155,3.3,-0.4275719126553268,0.236759,0.0365,0.235,0.186254,1.219005,-1.375807,0.495204,0.421835,1.219005,-1.375807,0.495204,0.421835,-3.9159847884513495,-2.1320640856640227,-3.1983734333727054,-3.985541766154739,-2.187549772397872,-0.41027063482792103
STU_000347,CSC 130,2025SP,S03,INST_CSC130_03,2025SP,20251,CSC 130__2025SP,CSC 130__2025SP__S03,1,post,2.7,0.17691692386090738,2.375,3,2.8333333333333335,3,2.8333333333333335,-2.4086604831827985,-0.9054122463769394,-1.2243599258255562,-0.8309508254868748,-1.214420626003504,2.7666666666666666,-1.5921494986608713,0.236759,0.0365,0.235,0.186254,1.219005,-1.375807,0.495204,0.421835,1.219005,-1.375807,0.495204,0.421835,-14.562048429403783,-7.4244902375898905,-12.40998259237928,-14.184706572135111,-8.81317430963277,-1.5245374436739054
STU_000736,CSC 130,2025SP,S03,INST_CSC130_03,2025SP,20251,CSC 130__2025SP,CSC 130__2025SP__S03,1,post,2.7,0.17691692386090738,4.125,3.2,4,4.4,3.8333333333333335,1.0913669826826138,-0.5325954390452579,1.031948762196849,1.789887180416557,0.7064383601163647,3.933333333333333,0.9553639707262576,0.236759,0.0365,0.235,0.186254,1.219005,-1.375807,0.495204,0.421835,1.219005,-1.375807,0.495204,0.421835,8.488538523148529,3.80985383087406,7.444673647096518,8.755117283937553,5.178370010840523,0.9018074716655493
STU_000423,CSC 130,2025SP,S03,INST_CSC130_03,2025SP,20251,CSC 130__2025SP,CSC 130__2025SP__S03,1,post,2.7,0.17691692386090738,4.25,3.6,4.166666666666667,4,3.8333333333333335,1.3413689445301433,0.21303817561810445,1.354278574771479,1.0410763215870045,0.7064383601163647,4,1.100936168976951,0.236759,0.0365,0.235,0.186254,1.219005,-1.375807,0.495204,0.421835,1.219005,-1.375807,0.495204,0.421835,9.876726902296676,4.8835997464660865,8.759014681142714,9.901602916289479,5.985905408881423,1.0497371926116479
STU_001029,CSC 130,2025SP,S03,INST_CSC130_03,2025SP,20251,CSC 130__2025SP,CSC 130__2025SP__S03,1,post,3,0.5541686055661302,3.875,3.6,3.8333333333333335,3.4,4,0.5913630589875549,0.21303817561810445,0.7096189496222199,-0.08213996665732322,1.0265815244696759,3.7666666666666666,0.5914334750995252,0.236759,0.0365,0.235,0.186254,1.219005,-1.375807,0.495204,0.421835,1.219005,-1.375807,0.495204,0.421835,5.398239605444307,2.730020258472346,4.82415422642641,5.274814278484228,3.689823086194224,0.5795530560389992
STU_000037,CSC 130,2025SP,S03,INST_CSC130_03,2025SP,20251,CSC 130__2025SP,CSC 130__2025SP__S03,1,post,2,-0.7033370001179466,2.875,2.4,2.6666666666666665,2,1.8333333333333333,-1.4086526357926807,-2.0238626683719834,-1.546689738400186,-2.702977972560754,-3.135279612123373,2.4,-2.3927965890396834,0.236759,0.0365,0.235,0.186254,1.219005,-1.375807,0.495204,0.421835,1.219005,-1.375807,0.495204,0.421835,-20.272579483326894,-11.12963309122491,-17.939266842271348,-20.989785943656734,-13.349605501219147,-2.2133379326300644
STU_000803,CSC 130,2025F,S01,INST_CSC130_01,2025SP,20253,CSC 130__2025F,CSC 130__2025F__S01,1,post,3,0.5541686055661302,4,3,3.3333333333333335,3.6,3.5,0.8413650208350845,-0.9054122463769394,-0.25737048810166807,0.29226546275745297,0.06615203140974155,3.533333333333333,0.0819307812220992,0.236759,0.0365,0.235,0.186254,1.219005,-1.375807,0.495204,0.421835,1.219005,-1.375807,0.495204,0.421835,0.9014395300786364,-0.18326298950871184,0.38180939769436606,0.6497368284655306,0.35593581595597995,0.06236506161856107
STU_000752,CSC 130,2025F,S01,INST_CSC130_01,2025SP,20253,CSC 130__2025F,CSC 130__2025F__S01,1,post,1.7,-1.0805886818231698,2.875,4,2.8333333333333335,3.6,3.5,-1.4086526357926807,0.9586717902814668,-1.2243599258255562,0.29226546275745297,0.06615203140974155,3.3,-0.4275719126553268,0.236759,0.0365,0.235,0.186254,1.219005,-1.375807,0.495204,0.421835,1.219005,-1.375807,0.495204,0.421835,-4.281092601271093,-1.425240776509938,-3.719954350690514,-3.702105352008751,-2.177040222582989,-0.4149182218756445
STU_000379,CSC 130,2025F,S01,INST_CSC130_01,2025SP,20253,CSC 130__2025F,CSC 130__2025F__S01,1,post,2.7,0.17691692386090738,3.5,3,2.8333333333333335,2.8,3.5,-0.1586428265550334,-0.9054122463769394,-1.2243599258255562,-1.205356254901651,0.06615203140974155,3.1666666666666665,-0.7187163091567129,0.236759,0.0365,0.235,0.186254,1.219005,-1.375807,0.495204,0.421835,1.219005,-1.375807,0.495204,0.421835,-6.14510039300933,-3.5809151020103993,-5.831134053348087,-6.59644801458769,-3.6336255439113874,-0.6844028270664553
STU_001255,CSC 130,2025F,S01,INST_CSC130_01,2025SP,20253,CSC 130__2025F,CSC 130__2025F__S01,1,post,1.3,-1.5835909240968005,4.125,4,4.333333333333333,3.4,3.8333333333333335,1.0913669826826138,0.9586717902814668,1.6766083873461073,-0.08213996665732322,0.7064383601163647,3.966666666666667,1.0281500698516048,0.236759,0.0365,0.235,0.186254,1.219005,-1.375807,0.495204,0.421835,1.219005,-1.375807,0.495204,0.421835,9.427491360691116,5.087694369975804,8.533144518909845,9.183020860837384,5.751019050263075,1.0061095299227865
STU_001055,CSC 130,2025F,S01,INST_CSC130_01,2025SP,20253,CSC 130__2025F,CSC 130__2025F__S01,1,post,2.7,0.17691692386090738,4.5,3.8,3.6666666666666665,3,4,1.8413728682252022,0.5858549829497852,0.38728913704759005,-0.8309508254868748,1.0265815244696759,3.8666666666666667,0.809791772475565,0.236759,0.0365,0.235,0.186254,1.219005,-1.375807,0.495204,0.421835,1.219005,-1.375807,0.495204,0.421835,7.856555822345609,3.949134821980718,6.383934606114842,7.031865433137127,4.8176426132677985,0.794896339636704
STU_001143,CSC 130,2025F,S01,INST_CSC130_01,2025SP,20253,CSC 130__2025F,CSC 130__2025F__S01,1,post,3,0.5541686055661302,3.25,3,3.5,3.6,3.3333333333333335,-0.6586467502500923,-0.9054122463769394,0.06495932447296097,0.29226546275745297,-0.2539911329435696,3.3333333333333335,-0.3547858135299795,0.236759,0.0365,0.235,0.186254,1.219005,-1.375807,0.495204,0.421835,1.219005,-1.375807,0.495204,0.421835,-3.3528942802468342,-2.0368510894757867,-2.6778957444868183,-3.068548083792397,-1.9838677817487065,-0.34453230895581277
STU_000992,CSC 130,2025F,S01,INST_CSC130_01,2025SP,20253,CSC 130__2025F,CSC 130__2025F__S01,1,post,3,0.5541686055661302,3.625,3.8,3.6666666666666665,3.6,3.6666666666666665,0.09135913529249606,0.5858549829497852,0.38728913704759005,0.29226546275745297,0.3862951957630527,3.6666666666666665,0.3730751777234853,0.236759,0.0365,0.235,0.186254,1.219005,-1.375807,0.495204,0.421835,1.219005,-1.375807,0.495204,0.421835,3.2524291394117593,1.9295777946203958,2.952272561752177,3.3700048367847897,2.1602761375078243,0.3599466588460633
STU_000565,CSC 130,2025F,S02,INST_CSC130_02,2025SP,20253,CSC 130__2025F,CSC 130__2025F__S02,1,post,2,-0.7033370001179466,3.5,3.2,3.5,3.4,2.6666666666666665,-0.1586428265550334,-0.5325954390452579,0.06495932447296097,-0.08213996665732322,-1.534563790356816,3.2666666666666666,-0.5003580117806731,0.236759,0.0365,0.235,0.186254,1.219005,-1.375807,0.495204,0.421835,1.219005,-1.375807,0.495204,0.421835,-4.591107193959244,-2.6101687874470274,-3.93204221047207,-4.647241342877585,-3.513308370391146,-0.5053307240055153
STU_000488,CSC 130,2025F,S02,INST_CSC130_02,2025SP,20253,CSC 130__2025F,CSC 130__2025F__S02,1,post,2.7,0.17691692386090738,3.75,4,3.8333333333333335,3.6,3.5,0.3413610971400255,0.9586717902814668,0.7096189496222199,0.29226546275745297,0.06615203140974155,3.7333333333333334,0.5186473759741789,0.236759,0.0365,0.235,0.186254,1.219005,-1.375807,0.495204,0.421835,1.219005,-1.375807,0.495204,0.421835,4.177904511028105,2.572440017970564,3.8217742332617353,4.24292162874973,2.44271144293817,0.4556222660344514
STU_000843,CSC 130,2025F,S02,INST_CSC130_02,2025SP,20253,CSC 130__2025F,CSC 130__2025F__S02,1,post,3,0.5541686055661302,2.875,2.4,3.6666666666666665,3.4,3.3333333333333335,-1.4086526357926807,-2.0238626683719834,0.38728913704759005,-0.08213996665732322,-0.2539911329435696,3.1333333333333333,-0.7915024082820592,0.236759,0.0365,0.235,0.186254,1.219005,-1.375807,0.495204,0.421835,1.219005,-1.375807,0.495204,0.421835,-7.191539166805501,-4.444499045685225,-5.693643360141707,-6.838124660792074,-4.12100252905162,-0.7443013880425786
STU_001320,CSC 130,2025F,S02,INST_CSC130_02,2025SP,20253,CSC 130__2025F,CSC 130__2025F__S02,1,post,3,0.5541686055661302,4,3.6,3.6666666666666665,4.2,3.6666666666666665,0.8413650208350845,0.21303817561810445,0.38728913704759005,1.4154817510017808,0.3862951957630527,3.8333333333333335,0.7370056733502187,0.236759,0.0365,0.235,0.186254,1.219005,-1.375807,0.495204,0.421835,1.219005,-1.375807,0.495204,0.421835,6.642994347201593,3.3481464167237402,5.717700493958708,6.889424073134804,4.0053422583648155,0.7091582011373858
STU_000904,CSC 130,2025F,S02,INST_CSC130_02,2025SP,20253,CSC 130__2025F,CSC 130__2025F__S02,1,post,2.7,0.17691692386090738,4.125,3.6,4.166666666666667,4.2,3.6666666666666665,1.0913669826826138,0.21303817561810445,1.354278574771479,1.4154817510017808,0.3862951957630527,3.966666666666667,1.0281500698516048,0.236759,0.0365,0.235,0.186254,1.219005,-1.375807,0.495204,0.421835,1.219005,-1.375807,0.495204,0.421835,9.643493829984427,4.830407826552747,8.59487508062424,9.81414595209637,5.7283711076308235,1.0294753924869668
STU_000004,CSC 130,2025F,S02,INST_CSC130_02,2025SP,20253,CSC 130__2025F,CSC 130__2025F__S02,1,post,3.3,0.9314202872713531,3.875,3.2,3.1666666666666665,3.2,3.6666666666666665,0.5913630589875549,-0.5325954390452579,-0.5797003006762981,-0.4565453960720986,0.3862951957630527,3.466666666666667,-0.06364141702859338,0.236759,0.0365,0.235,0.186254,1.219005,-1.375807,0.495204,0.421835,1.219005,-1.375807,0.495204,0.421835,-0.3495668661404522,-0.5676185804648218,-0.7559155463387679,-0.7402413269174076,-0.12244331975873095,-0.06631313495912151
STU_000918,CSC 130,2025F,S02,INST_CSC130_02,2025SP,20253,CSC 130__2025F,CSC 130__2025F__S02,1,post,2.3,-0.3260853184127238,3.5,3.2,3,3,2.6666666666666665,-0.1586428265550334,-0.5325954390452579,-0.9020301132509271,-0.8309508254868748,-1.534563790356816,3.1,-0.8642885074074055,0.236759,0.0365,0.235,0.186254,1.219005,-1.375807,0.495204,0.421835,1.219005,-1.375807,0.495204,0.421835,-7.600945703668253,-4.138458307938478,-6.977948583840653,-7.968000765412929,-5.326618548259467,-0.8454202872445489
STU_001219,CSC 130,2025F,S03,INST_CSC130_03,2025SP,20253,CSC 130__2025F,CSC 130__2025F__S03,1,post,2,-0.7033370001179466,2.75,2.6,3.1666666666666665,2.6,2.5,-1.65865459764021,-1.6510458610403016,-0.5797003006762981,-1.5797616843164264,-1.8547069547101271,2.7333333333333334,-1.6649355977862175,0.236759,0.0365,0.235,0.186254,1.219005,-1.375807,0.495204,0.421835,1.219005,-1.375807,0.495204,0.421835,-14.863054088226349,-8.128715621901867,-12.726581352485265,-15.01469858016987,-9.523217006493843,-1.59382486171269
STU_000952,CSC 130,2025F,S03,INST_CSC130_03,2025SP,20253,CSC 130__2025F,CSC 130__2025F__S03,1,post,2.3,-0.3260853184127238,3.875,4.8,3.8333333333333335,4.4,4.166666666666667,0.5913630589875549,2.449939019608191,0.7096189496222199,1.789887180416557,1.3467246888229878,4.166666666666667,1.4648666646036845,0.236759,0.0365,0.235,0.186254,1.219005,-1.375807,0.495204,0.421835,1.219005,-1.375807,0.495204,0.421835,12.999517242137305,7.852362950384648,11.535375775330847,13.632433237621951,8.406231271956957,1.4344805865725456
STU_000710,CSC 130,2025F,S03,INST_CSC130_03,2025SP,20253,CSC 130__2025F,CSC 130__2025F__S03,1,post,1,-1.9608426058020236,3.25,3.2,2.8333333333333335,3.6,3.8333333333333335,-0.6586467502500923,-0.5325954390452579,-1.2243599258255562,0.29226546275745297,0.7064383601163647,3.3333333333333335,-0.3547858135299795,0.236759,0.0365,0.235,0.186254,1.219005,-1.375807,0.495204,0.421835,1.219005,-1.375807,0.495204,0.421835,-3.7008323163662387,-2.0327355138054415,-3.463361398148582,-3.414819882080426,-1.6811598840956967,-0.38156077791933607
STU_000470,CSC 130,2025F,S03,INST_CSC130_03,2025SP,20253,CSC 130__2025F,CSC 130__2025F__S03,1,post,3,0.5541686055661302,3,4,3.5,2.8,3.1666666666666665,-1.1586506739451512,0.9586717902814668,0.06495932447296097,-1.205356254901651,-0.5741342972968816,3.2666666666666666,-0.5003580117806731,0.236759,0.0365,0.235,0.186254,1.219005,-1.375807,0.495204,0.421835,1.219005,-1.375807,0.495204,0.421835,-4.916877556183218,-1.778619286679465,-3.901216397718436,-4.895782464061739,-2.9905880038737385,-0.4983949344331201
STU_000059,CSC 130,2025F,S03,INST_CSC130_03,2025SP,20253,CSC 130__2025F,CSC 130__2025F__S03,1,post,3.3,0.9314202872713531,4.5,4.2,4.833333333333333,4.4,4.5,1.8413728682252022,1.3314885976131483,2.643597825069995,1.789887180416557,1.98701101752961,4.5,2.192727655857149,0.236759,0.0365,0.235,0.186254,1.219005,-1.375807,0.495204,0.421835,1.219005,-1.375807,0.495204,0.421835,20.62970692390383,10.892079131595791,18.526712603175266,20.90772367625265,13.040364661805352,2.2278609187130582
STU_000465,CSC 130,2025F,S03,INST_CSC130_03,2025SP,20253,CSC 130__2025F,CSC 130__2025F__S03,1,post,2.7,0.17691692386090738,3.375,2.8,3.3333333333333335,3.8,3.3333333333333335,-0.40864478840256285,-1.278229053708621,-0.25737048810166807,0.6666708921722283,-0.2539911329435696,3.3333333333333335,-0.3547858135299795,0.236759,0.0365,0.235,0.186254,1.219005,-1.375807,0.495204,0.421835,1.219005,-1.375807,0.495204,0.421835,-3.395856937311896,-2.2949381492500045,-2.921299928789006,-3.089233386879605,-2.035729377677077,-0.35842305716357914
STU_001135,CSC 130,2025F,S03,INST_CSC130_03,2025SP,20253,CSC 130__2025F,CSC 130__2025F__S03,1,post,1,-1.9608426058020236,3.625,3.4,3.3333333333333335,3.4,3.8333333333333335,0.09135913529249606,-0.1597786317135771,-0.25737048810166807,-0.08213996665732322,0.7064383601163647,3.533333333333333,0.0819307812220992,0.236759,0.0365,0.235,0.186254,1.219005,-1.375807,0.495204,0.421835,1.219005,-1.375807,0.495204,0.421835,0.5230060913663235,0.16437629502483397,0.32672417484114163,0.4820371537236511,0.6297403351285432,0.05500902372992013
STU_000982,EEE 161,2025SP,S01,INST_EEE161_01,2026SP,20251,EEE 161__2025SP,EEE 161__2025SP__S01,0,pre,2.3,-0.3260853184127238,2.625,3,2.8333333333333335,3.2,2.6666666666666665,-1.9086565594877396,-0.9054122463769394,-1.2243599258255562,-0.4565453960720986,-1.534563790356816,2.8333333333333335,-1.4465773004101776,0.141394,0.344896,0.085909,0.178398,-0.371272,1.516041,-0.963813,0.157159,-0,0,-0,0,-13.127205485672617,-6.79624314865198,-11.312304292357583,-12.797915106051509,-8.195667238470252,-1.3846293801302278
STU_000013,EEE 161,2025SP,S01,INST_EEE161_01,2026SP,20251,EEE 161__2025SP,EEE 161__2025SP__S01,0,pre,3.3,0.9314202872713531,3.125,2.8,2.8333333333333335,2.8,2.6666666666666665,-0.9086487120976218,-1.278229053708621,-1.2243599258255562,-1.205356254901651,-1.534563790356816,2.8666666666666667,-1.3737912012848315,0.141394,0.344896,0.085909,0.178398,-0.371272,1.516041,-0.963813,0.157159,-0,0,-0,0,-12.070836120505382,-6.675098641619342,-10.786166130812433,-12.36932630485495,-7.832590948852941,-1.3152675534868712
STU_000500,EEE 161,2025SP,S01,INST_EEE161_01,2026SP,20251,EEE 161__2025SP,EEE 161__2025SP__S01,0,pre,2.7,0.17691692386090738,3.5,3.6,2.8333333333333335,3,3.5,-0.1586428265550334,0.21303817561810445,-1.2243599258255562,-0.8309508254868748,0.06615203140974155,3.3,-0.4275719126553268,0.141394,0.344896,0.085909,0.178398,-0.371272,1.516041,-0.963813,0.157159,-0,0,-0,0,-3.997773417170613,-1.9334085747952237,-3.929003581945792,-4.261689526520387,-2.336386719729446,-0.4408849449053133
STU_000508,EEE 161,2025SP,S01,INST_EEE161_01,2026SP,20251,EEE 161__2025SP,EEE 161__2025SP__S01,0,pre,2.3,-0.3260853184127238,4,3.8,3.1666666666666665,3.8,4,0.8413650208350845,0.5858549829497852,-0.5797003006762981,0.6666708921722283,1.0265815244696759,3.7666666666666666,0.5914334750995252,0.141394,0.344896,0.085909,0.178398,-0.371272,1.516041,-0.963813,0.157159,-0,0,-0,0,5.347250456632109,2.875975095192596,4.159862257007579,5.299351939046,3.514384824729555,0.5597061842000735
STU_001338,EEE 161,2025SP,S01,INST_EEE161_01,2026SP,20251,EEE 161__2025SP,EEE 161__2025SP__S01,0,pre,3.3,0.9314202872713531,3.5,3.2,3.1666666666666665,3.4,3.3333333333333335,-0.1586428265550334,-0.5325954390452579,-0.5797003006762981,-0.08213996665732322,-0.2539911329435696,3.3333333333333335,-0.3547858135299795,0.141394,0.344896,0.085909,0.178398,-0.371272,1.516041,-0.963813,0.157159,-0,0,-0,0,-3.352199662525556,-1.9488355329405722,-3.1121008915509085,-3.3847995743041754,-2.098133063858799,-0.36695895168391873
STU_001350,EEE 161,2025SP,S01,INST_EEE161_01,2026SP,20251,EEE 161__2025SP,EEE 161__2025SP__S01,0,pre,3,0.5541686055661302,4.375,4,4.166666666666667,4.4,3.8333333333333335,1.5913709063776729,0.9586717902814668,1.354278574771479,1.789887180416557,0.7064383601163647,4.166666666666667,1.4648666646036845,0.141394,0.344896,0.085909,0.178398,-0.371272,1.516041,-0.963813,0.157159,-0,0,-0,0,13.418283658217188,7.05976570218752,11.76220129108092,13.624177813182309,8.066408529749486,1.4335792349917647
STU_000729,EEE 161,2025SP,S01,INST_EEE161_01,2026SP,20251,EEE 161__2025SP,EEE 161__2025SP__S01,0,pre,3,0.5541686055661302,4.625,4.6,4.166666666666667,4.4,4.166666666666667,2.0913748300727315,2.07712221227651,1.354278574771479,1.789887180416557,1.3467246888229878,4.4,1.9743693584811104,0.141394,0.344896,0.085909,0.178398,-0.371272,1.516041,-0.963813,0.157159,-0,0,-0,0,18.31889908347582,10.06078840445384,15.886822604832059,18.44069497079828,11.210658513854037,1.9583697228157937
STU_000437,EEE 161,2025SP,S01,INST_EEE161_01,2026SP,20251,EEE 161__2025SP,EEE 161__2025SP__S01,0,pre,2.3,-0.3260853184127238,3.5,3.4,3.5,3.4,3.3333333333333335,-0.1586428265550334,-0.1597786317135771,0.06495932447296097,-0.08213996665732322,-0.2539911329435696,3.433333333333333,-0.13642751615394064,0.141394,0.344896,0.085909,0.178398,-0.371272,1.516041,-0.963813,0.157159,-0,0,-0,0,-1.267426572733275,-0.6571695525981783,-1.0434446688708572,-1.252434647360718,-0.8779806983494098,-0.13457578085746405
STU_000635,EEE 161,2025SP,S01,INST_EEE161_01,2026SP,20251,EEE 161__2025SP,EEE 161__2025SP__S01,0,pre,3.3,0.9314202872713531,3.75,4,3.5,3.8,3.5,0.3413610971400255,0.9586717902814668,0.06495932447296097,0.6666708921722283,0.06615203140974155,3.7,0.4458612768488326,0.141394,0.344896,0.085909,0.178398,-0.371272,1.516041,-0.963813,0.157159,-0,0,-0,0,3.489700733386392,2.2030541998228936,2.9705536053808457,3.6418466917805645,2.018921279412475,0.3780864739045987
STU_001387,EEE 161,2025SP,S01,INST_EEE161_01,2026SP,20251,EEE 161__2025SP,EEE 161__2025SP__S01,0,pre,2.7,0.17691692386090738,5,4.4,4.5,4.8,4.5,2.84138071561532,1.7043054049448298,1.9989381999207372,2.538698039246108,1.98701101752961,4.666666666666667,2.556658151483883,0.141394,0.344896,0.085909,0.178398,-0.371272,1.516041,-0.963813,0.157159,-0,0,-0,0,25.135256222292476,13.147722240306635,21.801362914847417,25.255565523034242,15.465216676552243,2.6763764415930362
STU_000387,EEE 161,2025SP,S01,INST_EEE161_01,2026SP,20251,EEE 161__2025SP,EEE 161__2025SP__S01,0,pre,3,0.5541686055661302,4,3.8,4,3.4,3.8333333333333335,0.8413650208350845,0.5858549829497852,1.031948762196849,-0.08213996665732322,0.7064383601163647,3.8333333333333335,0.7370056733502187,0.141394,0.344896,0.085909,0.178398,-0.371272,1.516041,-0.963813,0.157159,-0,0,-0,0,6.803308011089743,3.5885966484562557,6.060515753614547,6.589167445711324,4.250275954510133,0.7227792536612262
STU_001339,EEE 161,2025SP,S01,INST_EEE161_01,2026SP,20251,EEE 161__2025SP,EEE 161__2025SP__S01,0,pre,2.7,0.17691692386090738,4.375,4.4,3.6666666666666665,3.8,4,1.5913709063776729,1.7043054049448298,0.38728913704759005,0.6666708921722283,1.0265815244696759,4.066666666666666,1.2465083672276438,0.141394,0.344896,0.085909,0.178398,-0.371272,1.516041,-0.963813,0.157159,-0,0,-0,0,11.338868680188726,6.378486845911351,9.554977501657767,11.150539858216481,6.953305242084964,1.1991378145545482
STU_000719,EEE 161,2025SP,S01,INST_EEE161_01,2026SP,20251,EEE 161__2025SP,EEE 161__2025SP__S01,0,pre,3,0.5541686055661302,3.25,3.4,3.3333333333333335,3,3.5,-0.6586467502500923,-0.1597786317135771,-0.25737048810166807,-0.8309508254868748,0.06615203140974155,3.3,-0.4275719126553268,0.141394,0.344896,0.085909,0.178398,-0.371272,1.516041,-0.963813,0.157159,-0,0,-0,0,-4.2413651539200306,-2.1567152197915926,-3.6061189092047736,-4.325628126767674,-2.4033492449750544,-0.44662482143556714
STU_001500,EEE 161,2025SP,S01,INST_EEE161_01,2026SP,20251,EEE 161__2025SP,EEE 161__2025SP__S01,0,pre,1.7,-1.0805886818231698,3.375,3.6,3.6666666666666665,3.4,3.3333333333333335,-0.40864478840256285,0.21303817561810445,0.38728913704759005,-0.08213996665732322,-0.2539911329435696,3.466666666666667,-0.06364141702859338,0.141394,0.344896,0.085909,0.178398,-0.371272,1.516041,-0.963813,0.157159,-0,0,-0,0,-0.7941103712238023,-0.21965225939380714,-0.3949347451782729,-0.6660757281031366,-0.5305612325568587,-0.06999296706931793
STU_001206,EEE 161,2025SP,S01,INST_EEE161_01,2026SP,20251,EEE 161__2025SP,EEE 161__2025SP__S01,0,pre,1.3,-1.5835909240968005,3.125,2.6,2.6666666666666665,2.8,2.8333333333333335,-0.9086487120976218,-1.6510458610403016,-1.546689738400186,-1.205356254901651,-1.214420626003504,2.8333333333333335,-1.4465773004101776,0.141394,0.344896,0.085909,0.178398,-0.371272,1.516041,-0.963813,0.157159,-0,0,-0,0,-12.56252194570361,-7.101295672172563,-11.335840374955646,-12.889974985414662,-7.995322085825592,-1.371916650825667
STU_000362,EEE 161,2025SP,S02,INST_EEE161_02,2026SP,20251,EEE 161__2025SP,EEE 161__2025SP__S02,0,pre,2,-0.7033370001179466,3.625,3.4,3.1666666666666665,3.4,3.6666666666666665,0.09135913529249606,-0.1597786317135771,-0.5797003006762981,-0.08213996665732322,0.3862951957630527,3.466666666666667,-0.06364141702859338,0.141394,0.344896,0.085909,0.178398,-0.371272,1.516041,-0.963813,0.157159,-0,0,-0,0,-0.6122057826676622,-0.4317971783149987,-0.8275351633788196,-0.7066289885291567,-0.22833039229888333,-0.07510698789051949
STU_000227,EEE 161,2025SP,S02,INST_EEE161_02,2026SP,20251,EEE 161__2025SP,EEE 161__2025SP__S02,0,pre,3.3,0.9314202872713531,4,4,4.166666666666667,4.4,4,0.8413650208350845,0.9586717902814668,1.354278574771479,1.789887180416557,1.0265815244696759,4.1,1.31929446635299,0.141394,0.344896,0.085909,0.178398,-0.371272,1.516041,-0.963813,0.157159,-0,0,-0,0,11.673648765541259,6.31047543466795,10.491605886065889,12.157199065900743,7.349539108318907,1.2729612849835497
STU_000162,EEE 161,2025SP,S03,INST_EEE161_03,2026SP,20251,EEE 161__2025SP,EEE 161__2025SP__S03,0,pre,2.7,0.17691692386090738,3.625,3,3.1666666666666665,3.6,3.3333333333333335,0.09135913529249606,-0.9054122463769394,-0.5797003006762981,0.29226546275745297,-0.2539911329435696,3.3666666666666667,-0.28199971440463323,0.141394,0.344896,0.085909,0.178398,-0.371272,1.516041,-0.963813,0.157159,-0,0,-0,0,-2.58816265603378,-1.8327619238230521,-2.5306962659929244,-2.598570385784067,-1.6836600414555842,-0.2930280659320878
STU_001358,EEE 161,2025SP,S03,INST_EEE161_03,2026SP,20251,EEE 161__2025SP,EEE 161__2025SP__S03,0,pre,1,-1.9608426058020236,3,3,3.1666666666666665,2.8,3.1666666666666665,-1.1586506739451512,-0.9054122463769394,-0.5797003006762981,-1.205356254901651,-0.5741342972968816,3.033333333333333,-1.009860705658099,0.141394,0.344896,0.085909,0.178398,-0.371272,1.516041,-0.963813,0.157159,-0,0,-0,0,-9.301469482083512,-4.984632879962495,-8.004935440057302,-9.407623781084956,-5.627867849789015,-0.9907737598935519
STU_001234,EEE 161,2025SP,S03,INST_EEE161_03,2026SP,20251,EEE 161__2025SP,EEE 161__2025SP__S03,0,pre,2.7,0.17691692386090738,3,2.6,3.6666666666666665,3.4,2.8333333333333335,-1.1586506739451512,-1.6510458610403016,0.38728913704759005,-0.08213996665732322,-1.214420626003504,3.1,-0.8642885074074055,0.141394,0.344896,0.085909,0.178398,-0.371272,1.516041,-0.963813,0.157159,-0,0,-0,0,-7.748944025133168,-4.562326047245239,-6.262824092623878,-7.500139317846436,-5.0032449585389855,-0.816701289032291
STU_000509,EEE 161,2025F,S01,INST_EEE161_01,2026SP,20253,EEE 161__2025F,EEE 161__2025F__S01,0,pre,0.7,-2.338094287507247,3.25,3.6,3.3333333333333335,3,3.6666666666666665,-0.6586467502500923,0.21303817561810445,-0.25737048810166807,-0.8309508254868748,0.3862951957630527,3.3666666666666667,-0.28199971440463323,0.141394,0.344896,0.085909,0.178398,-0.371272,1.516041,-0.963813,0.157159,-0,0,-0,0,-2.7390911989743705,-1.1716100238665192,-2.297166159240264,-2.7836040938194944,-1.3022764719857527,-0.2787558162099706
STU_001303,EEE 161,2025F,S01,INST_EEE161_01,2026SP,20253,EEE 161__2025F,EEE 161__2025F__S01,0,pre,1.3,-1.5835909240968005,3.25,3.4,3.3333333333333335,3.2,3,-0.6586467502500923,-0.1597786317135771,-0.25737048810166807,-0.4565453960720986,-0.8942774616501927,3.2333333333333334,-0.5731441109060194,0.141394,0.344896,0.085909,0.178398,-0.371272,1.516041,-0.963813,0.157159,-0,0,-0,0,-5.489052433504227,-2.790665132825497,-4.7059708511074065,-5.510705790210871,-3.6486050071406915,-0.5867284166213101
STU_001509,EEE 161,2025F,S01,INST_EEE161_01,2026SP,20253,EEE 161__2025F,EEE 161__2025F__S01,0,pre,2.7,0.17691692386090738,3.375,3.6,3.1666666666666665,3.4,3.3333333333333335,-0.40864478840256285,0.21303817561810445,-0.5797003006762981,-0.08213996665732322,-0.2539911329435696,3.3666666666666667,-0.28199971440463323,0.141394,0.344896,0.085909,0.178398,-0.371272,1.516041,-0.963813,0.157159,-0,0,-0,0,-2.7195963899731352,-1.2012684317539177,-2.449749934821087,-2.627153743264763,-1.6611218497856541,-0.2848401492060464
STU_000888,EEE 161,2025F,S01,INST_EEE161_01,2026SP,20253,EEE 161__2025F,EEE 161__2025F__S01,0,pre,1.7,-1.0805886818231698,3.75,3.4,3.3333333333333335,3.2,3.8333333333333335,0.3413610971400255,-0.1597786317135771,-0.25737048810166807,-0.4565453960720986,0.7064383601163647,3.533333333333333,0.0819307812220992,0.141394,0.344896,0.085909,0.178398,-0.371272,1.516041,-0.963813,0.157159,-0,0,-0,0,0.7569883494305919,0.22146906766896388,0.42243649107773823,0.4884154904896539,0.7304887463075195,0.0679327487391414
STU_001300,EEE 161,2025F,S01,INST_EEE161_01,2026SP,20253,EEE 161__2025F,EEE 161__2025F__S01,0,pre,2.3,-0.3260853184127238,3.625,3.2,3.3333333333333335,3.6,3.5,0.09135913529249606,-0.5325954390452579,-0.25737048810166807,0.29226546275745297,0.06615203140974155,3.466666666666667,-0.06364141702859338,0.141394,0.344896,0.085909,0.178398,-0.371272,1.516041,-0.963813,0.157159,-0,0,-0,0,-0.5528497711969572,-0.5762190183894239,-0.6261657337958154,-0.5182434154574405,-0.3041607979198242,-0.06577067708258547
STU_000570,EEE 161,2025F,S01,INST_EEE161_01,2026SP,20253,EEE 161__2025F,EEE 161__2025F__S01,0,pre,1,-1.9608426058020236,3.625,3.8,3.5,4.2,3.3333333333333335,0.09135913529249606,0.5858549829497852,0.06495932447296097,1.4154817510017808,-0.2539911329435696,3.6666666666666665,0.3730751777234853,0.141394,0.344896,0.085909,0.178398,-0.371272,1.516041,-0.963813,0.157159,-0,0,-0,0,3.032264226417835,1.8342514599532658,2.6571965286097496,3.4960752395499024,1.6751841237027538,0.3381046234465924
STU_001074,EEE 161,2025F,S01,INST_EEE161_01,2026SP,20253,EEE 161__2025F,EEE 161__2025F__S01,0,pre,1.3,-1.5835909240968005,3.375,3,3.6666666666666665,3,3.5,-0.40864478840256285,-0.9054122463769394,0.38728913704759005,-0.8309508254868748,0.06615203140974155,3.3333333333333335,-0.3547858135299795,0.141394,0.344896,0.085909,0.178398,-0.371272,1.516041,-0.963813,0.157159,-0,0,-0,0,-3.015002406634359,-1.9284130744903187,-2.3296037322090672,-3.159001734188456,-1.6802240645706483,-0.31978083526678663
STU_000818,EEE 161,2025F,S01,INST_EEE161_01,2026SP,20253,EEE 161__2025F,EEE 161__2025F__S01,0,pre,3.3,0.9314202872713531,4,3.8,3.8333333333333335,3.6,4.166666666666667,0.8413650208350845,0.5858549829497852,0.7096189496222199,0.29226546275745297,1.3467246888229878,3.9,0.8825778716009113,0.141394,0.344896,0.085909,0.178398,-0.371272,1.516041,-0.963813,0.157159,-0,0,-0,0,7.766930889411813,4.0985312180861655,6.782873194738638,7.690791285241841,5.157553816193016,0.8326388950662614
STU_000985,EEE 161,2025F,S01,INST_EEE161_01,2026SP,20253,EEE 161__2025F,EEE 161__2025F__S01,0,pre,3.7,1.4344225295449842,3.5,3.8,4,3.8,4,-0.1586428265550334,0.5858549829497852,1.031948762196849,0.6666708921722283,1.0265815244696759,3.8,0.6642195742248714,0.141394,0.344896,0.085909,0.178398,-0.371272,1.516041,-0.963813,0.157159,-0,0,-0,0,5.671622156072981,3.2442446700065832,5.447351710460147,6.086161288467589,4.029062841635565,0.6454257162770821
STU_000545,EEE 161,2025F,S01,INST_EEE161_01,2026SP,20253,EEE 161__2025F,EEE 161__2025F__S01,0,pre,2.7,0.17691692386090738,4.125,3.4,4.166666666666667,3.6,3.6666666666666665,1.0913669826826138,-0.1597786317135771,1.354278574771479,0.29226546275745297,0.3862951957630527,3.8333333333333335,0.7370056733502187,0.141394,0.344896,0.085909,0.178398,-0.371272,1.516041,-0.963813,0.157159,-0,0,-0,0,6.670955386288185,3.118652727768572,5.9814747379006645,6.475876766765596,3.975041644216233,0.6998679776888411
STU_000409,EEE 161,2025F,S01,INST_EEE161_01,2026SP,20253,EEE 161__2025F,EEE 161__2025F__S01,0,pre,2.7,0.17691692386090738,3.375,3.2,2.8333333333333335,3.4,3.6666666666666665,-0.40864478840256285,-0.5325954390452579,-1.2243599258255562,-0.08213996665732322,0.3862951957630527,3.3,-0.4275719126553268,0.141394,0.344896,0.085909,0.178398,-0.371272,1.516041,-0.963813,0.157159,-0,0,-0,0,-3.6400165898232393,-2.078250957785871,-3.534747505970607,-3.574811561878323,-1.820178940242309,-0.3900706637056635
STU_001015,EEE 161,2025F,S01,INST_EEE161_01,2026SP,20253,EEE 161__2025F,EEE 161__2025F__S01,0,pre,1,-1.9608426058020236,2.75,2.2,2.5,2.8,2.5,-1.65865459764021,-2.396679475703664,-1.869019550974815,-1.205356254901651,-1.8547069547101271,2.566666666666667,-2.02886609341295,0.141394,0.344896,0.085909,0.178398,-0.371272,1.516041,-0.963813,0.157159,-0,0,-0,0,-17.141227655120264,-9.63087378077907,-15.240884620275889,-17.300322120866504,-10.844448819034238,-1.8545523227793534
STU_000512,EEE 161,2025F,S01,INST_EEE161_01,2026SP,20253,EEE 161__2025F,EEE 161__2025F__S01,0,pre,3.3,0.9314202872713531,4,4.2,4.333333333333333,3.8,4.5,0.8413650208350845,1.3314885976131483,1.6766083873461073,0.6666708921722283,1.98701101752961,4.166666666666667,1.4648666646036845,0.141394,0.344896,0.085909,0.178398,-0.371272,1.516041,-0.963813,0.157159,-0,0,-0,0,13.063001988409296,7.209428264146641,11.83464137723681,13.24123035103671,8.688528652254112,1.4271148270713232
STU_000846,EEE 161,2025F,S02,INST_EEE161_02,2026SP,20253,EEE 161__2025F,EEE 161__2025F__S02,0,pre,1.3,-1.5835909240968005,2.875,2.4,2.5,2.6,2.5,-1.4086526357926807,-2.0238626683719834,-1.869019550974815,-1.5797616843164264,-1.8547069547101271,2.6,-1.9560799942876037,0.141394,0.344896,0.085909,0.178398,-0.371272,1.516041,-0.963813,0.157159,-0,0,-0,0,-16.84001091434718,-9.372216957758042,-15.043821128581568,-17.155212208863258,-10.702707854754488,-1.828313149026391
STU_001207,EEE 161,2025F,S03,INST_EEE161_03,2026SP,20253,EEE 161__2025F,EEE 161__2025F__S03,0,pre,1.7,-1.0805886818231698,3.375,3,3.1666666666666665,2.6,2.6666666666666665,-0.40864478840256285,-0.9054122463769394,-0.5797003006762981,-1.5797616843164264,-1.534563790356816,3,-1.0826468047834452,0.141394,0.344896,0.085909,0.178398,-0.371272,1.516041,-0.963813,0.157159,-0,0,-0,0,-9.302423945386865,-5.145126850639445,-8.271447525166035,-9.818135693638972,-6.273881480899337,-1.0260397248385755
STU_000020,EEE 161,2025F,S04,INST_EEE161_01,2026SP,20253,EEE 161__2025F,EEE 161__2025F__S04,0,pre,1.3,-1.5835909240968005,2.25,2,1.8333333333333333,2.4,2.1666666666666665,-2.658662445030328,-2.7694962830353456,-3.1583388012733327,-1.9541671137312024,-2.49499328341675,2.1333333333333333,-2.9750853820424554,0.141394,0.344896,0.085909,0.178398,-0.371272,1.516041,-0.963813,0.157159,-0,0,-0,0,-25.185064066661635,-13.735539420489738,-22.407703681759248,-25.370932937852665,-15.781602995916835,-2.7139091185472823
STU_001514,EEE 161,2025F,S04,INST_EEE161_01,2026SP,20253,EEE 161__2025F,EEE 161__2025F__S04,0,pre,3,0.5541686055661302,3.5,3.2,3.3333333333333335,3.4,3,-0.1586428265550334,-0.5325954390452579,-0.25737048810166807,-0.08213996665732322,-0.8942774616501927,3.3,-0.4275719126553268,0.141394,0.344896,0.085909,0.178398,-0.371272,1.516041,-0.963813,0.157159,-0,0,-0,0,-3.6954913066086728,-2.147738001073962,-3.292035108925388,-3.7499262371446807,-2.6128214772544465,-0.4071209951125985
STU_000141,EEE 161,2025F,S05,INST_EEE161_02,2026SP,20253,EEE 161__2025F,EEE 161__2025F__S05,0,pre,2.7,0.17691692386090738,3.25,2.6,2.5,2.8,3.3333333333333335,-0.6586467502500923,-1.6510458610403016,-1.869019550974815,-1.205356254901651,-0.2539911329435696,2.933333333333333,-1.228219003034139,0.141394,0.344896,0.085909,0.178398,-0.371272,1.516041,-0.963813,0.157159,-0,0,-0,0,-10.820263904079454,-6.242442778708305,-9.995747318957704,-11.185957536279886,-6.505748023776365,-1.1853206434780754
STU_000360,EEE 161,2025F,S05,INST_EEE161_02,2026SP,20253,EEE 161__2025F,EEE 161__2025F__S05,0,pre,2,-0.7033370001179466,3.375,3.4,3,3.6,3.3333333333333335,-0.40864478840256285,-0.1597786317135771,-0.9020301132509271,0.29226546275745297,-0.2539911329435696,3.3333333333333335,-0.3547858135299795,0.141394,0.344896,0.085909,0.178398,-0.371272,1.516041,-0.963813,0.157159,-0,0,-0,0,-3.3980471917515915,-1.7589469897074976,-3.19003599273189,-3.247252651200383,-2.0820423261629717,-0.36272627462169227
STU_000480,EEE 161,2026SP,S01,INST_EEE161_01,2026SP,20261,EEE 161__2026SP,EEE 161__2026SP__S01,1,post,1.7,-1.0805886818231698,4.125,4.4,4.333333333333333,4.6,3.8333333333333335,1.0913669826826138,1.7043054049448298,1.6766083873461073,2.1642926098313313,0.7064383601163647,4.233333333333333,1.610438862854377,0.141394,0.344896,0.085909,0.178398,-0.371272,1.516041,-0.963813,0.157159,-0.371272,1.516041,-0.963813,0.157159,14.457366513372383,8.078161635951648,12.990022823173739,15.023648691810738,8.795392780186553,1.573848195840886
STU_001229,EEE 161,2026SP,S01,INST_EEE161_01,2026SP,20261,EEE 161__2026SP,EEE 161__2026SP__S01,1,post,3.7,1.4344225295449842,4.625,3.8,4.333333333333333,4.4,4,2.0913748300727315,0.5858549829497852,1.6766083873461073,1.789887180416557,1.0265815244696759,4.266666666666667,1.6832249619797233,0.141394,0.344896,0.085909,0.178398,-0.371272,1.516041,-0.963813,0.157159,-0.371272,1.516041,-0.963813,0.157159,15.657115331946802,7.886517312736891,13.66439408007064,15.682479136612141,9.397011183459776,1.6582760095470934
STU_001220,EEE 161,2026SP,S01,INST_EEE161_01,2026SP,20261,EEE 161__2026SP,EEE 161__2026SP__S01,1,post,3,0.5541686055661302,4.125,4,3.6666666666666665,4.2,4.5,1.0913669826826138,0.9586717902814668,0.38728913704759005,1.4154817510017808,1.98701101752961,4.1,1.31929446635299,0.141394,0.344896,0.085909,0.178398,-0.371272,1.516041,-0.963813,0.157159,-0.371272,1.516041,-0.963813,0.157159,11.992895135933473,6.441181894297529,10.316866773779036,12.264263439077482,8.029361740400136,1.29671614195368
STU_001108,EEE 161,2026SP,S01,INST_EEE161_01,2026SP,20261,EEE 161__2026SP,EEE 161__2026SP__S01,1,post,3.7,1.4344225295449842,3.25,3,2.8333333333333335,2.6,2.6666666666666665,-0.6586467502500923,-0.9054122463769394,-1.2243599258255562,-1.5797616843164264,-1.534563790356816,2.9,-1.301005102159485,0.141394,0.344896,0.085909,0.178398,-0.371272,1.516041,-0.963813,0.157159,-0.371272,1.516041,-0.963813,0.157159,-11.307929188491212,-6.1306163993758735,-10.204526124972897,-11.79087737411002,-7.460408238041333,-1.2415543652719494
STU_000044,EEE 161,2026SP,S01,INST_EEE161_01,2026SP,20261,EEE 161__2026SP,EEE 161__2026SP__S01,1,post,2.3,-0.3260853184127238,3.875,4,3.5,3.4,3.6666666666666665,0.5913630589875549,0.9586717902814668,0.06495932447296097,-0.08213996665732322,0.3862951957630527,3.7,0.4458612768488326,0.141394,0.344896,0.085909,0.178398,-0.371272,1.516041,-0.963813,0.157159,-0.371272,1.516041,-0.963813,0.157159,4.1318249586855105,2.508542458975212,3.4340239233996197,3.955855482878906,2.493386960888357,0.4345877575444851
STU_000704,EEE 161,2026SP,S01,INST_EEE161_01,2026SP,20261,EEE 161__2026SP,EEE 161__2026SP__S01,1,post,2.3,-0.3260853184127238,2.75,2.8,3,3,3.1666666666666665,-1.65865459764021,-1.278229053708621,-0.9020301132509271,-0.8309508254868748,-0.5741342972968816,2.933333333333333,-1.228219003034139,0.141394,0.344896,0.085909,0.178398,-0.371272,1.516041,-0.963813,0.157159,-0.371272,1.516041,-0.963813,0.157159,-11.158295348188972,-5.998684203591623,-9.579176689197514,-10.999098457641047,-6.57996864427142,-1.175958357322445
STU_001022,EEE 161,2026SP,S01,INST_EEE161_01,2026SP,20261,EEE 161__2026SP,EEE 161__2026SP__S01,1,post,2,-0.7033370001179466,3.625,3.4,3.5,3.8,3.6666666666666665,0.09135913529249606,-0.1597786317135771,0.06495932447296097,0.6666708921722283,0.3862951957630527,3.6,0.22750297947279274,0.141394,0.344896,0.085909,0.178398,-0.371272,1.516041,-0.963813,0.157159,-0.371272,1.516041,-0.963813,0.157159,1.8749458966426737,0.8733961710708131,1.6478676417873495,2.0825676722055078,1.3005190290880408,0.2074945551421575
STU_000993,EEE 161,2026SP,S02,INST_EEE161_02,2026SP,20261,EEE 161__2026SP,EEE 161__2026SP__S02,1,post,3,0.5541686055661302,4.125,3.8,3.8333333333333335,4,3,1.0913669826826138,0.5858549829497852,0.7096189496222199,1.0410763215870045,-0.8942774616501927,3.7666666666666666,0.5914334750995252,0.141394,0.344896,0.085909,0.178398,-0.371272,1.516041,-0.963813,0.157159,-0.371272,1.516041,-0.963813,0.157159,5.3497458034530405,2.8011174042860536,4.577684918037297,5.321272767145282,2.4722318316750957,0.5504620617501848
STU_000118,EEE 161,2026SP,S02,INST_EEE161_02,2026SP,20261,EEE 161__2026SP,EEE 161__2026SP__S02,1,post,2.3,-0.3260853184127238,3.875,3.6,4.166666666666667,3.6,4,0.5913630589875549,0.21303817561810445,1.354278574771479,0.29226546275745297,1.0265815244696759,3.8666666666666667,0.809791772475565,0.141394,0.344896,0.085909,0.178398,-0.371272,1.516041,-0.963813,0.157159,-0.371272,1.516041,-0.963813,0.157159,7.41751357224785,3.7855458935547643,6.866959664381806,7.450705464204045,4.875373597591488,0.8059767684723254
STU_000609,EEE 161,2026SP,S02,INST_EEE161_02,2026SP,20261,EEE 161__2026SP,EEE 161__2026SP__S02,1,post,3.3,0.9314202872713531,3.625,3.8,3.8333333333333335,4,3.6666666666666665,0.09135913529249606,0.5858549829497852,0.7096189496222199,1.0410763215870045,0.3862951957630527,3.7666666666666666,0.5914334750995252,0.141394,0.344896,0.085909,0.178398,-0.371272,1.516041,-0.963813,0.157159,-0.371272,1.516041,-0.963813,0.157159,4.8561924038103434,2.7714047877890375,4.531589760914453,5.27573225422203,3.1037013941825657,0.5442503060486797
STU_001467,EEE 161,2026SP,S02,INST_EEE161_02,2026SP,20261,EEE 161__2026SP,EEE 161__2026SP__S02,1,post,3.3,0.9314202872713531,4,4.2,4.166666666666667,4.2,4.333333333333333,0.8413650208350845,1.3314885976131483,1.354278574771479,1.4154817510017808,1.6668678531762982,4.166666666666667,1.4648666646036845,0.141394,0.344896,0.085909,0.178398,-0.371272,1.516041,-0.963813,0.157159,-0.371272,1.516041,-0.963813,0.157159,13.1937279443798,7.275473103785616,11.85945765673377,13.606528767629445,8.612121802297095,1.4428701564626008
STU_000464,EEE 161,2026SP,S02,INST_EEE161_02,2026SP,20261,EEE 161__2026SP,EEE 161__2026SP__S02,1,post,2.3,-0.3260853184127238,4.25,4,4.166666666666667,4.4,4,1.3413689445301433,0.9586717902814668,1.354278574771479,1.789887180416557,1.0265815244696759,4.166666666666667,1.4648666646036845,0.141394,0.344896,0.085909,0.178398,-0.371272,1.516041,-0.963813,0.157159,-0.371272,1.516041,-0.963813,0.157159,13.08741934032799,6.918014420108112,11.559881346617637,13.385316133743121,8.024973553986806,1.4072321333489746
STU_001039,EEE 161,2026SP,S02,INST_EEE161_02,2026SP,20261,EEE 161__2026SP,EEE 161__2026SP__S02,1,post,2.7,0.17691692386090738,3.875,3.4,3.8333333333333335,3,3.3333333333333335,0.5913630589875549,-0.1597786317135771,0.7096189496222199,-0.8309508254868748,-0.2539911329435696,3.533333333333333,0.0819307812220992,0.141394,0.344896,0.085909,0.178398,-0.371272,1.516041,-0.963813,0.157159,-0.371272,1.516041,-0.963813,0.157159,0.8076175958848116,0.19719153495647318,0.7641415774585927,0.35816001472626785,0.22368019965797106,0.06452873923040896
STU_000072,EEE 161,2026SP,S02,INST_EEE161_02,2026SP,20261,EEE 161__2026SP,EEE 161__2026SP__S02,1,post,3,0.5541686055661302,4.125,4.4,3.6666666666666665,4.2,3.8333333333333335,1.0913669826826138,1.7043054049448298,0.38728913704759005,1.4154817510017808,0.7064383601163647,4.033333333333333,1.1737222681022974,0.141394,0.344896,0.085909,0.178398,-0.371272,1.516041,-0.963813,0.157159,-0.371272,1.516041,-0.963813,0.157159,10.608523361998094,6.104752672957819,9.086660392547174,10.83220882669383,6.460991467743295,1.1398286679501735
STU_000239,EEE 161,2026SP,S02,INST_EEE161_02,2026SP,20261,EEE 161__2026SP,EEE 161__2026SP__S02,1,post,2.7,0.17691692386090738,3.75,4.2,3.6666666666666665,3.8,3.5,0.3413610971400255,1.3314885976131483,0.38728913704759005,0.6666708921722283,0.06615203140974155,3.7666666666666666,0.5914334750995252,0.141394,0.344896,0.085909,0.178398,-0.371272,1.516041,-0.963813,0.157159,-0.371272,1.516041,-0.963813,0.157159,4.989314013397491,3.1654147613322703,4.406042187841325,5.16004576299972,2.9166245613697064,0.5442649111207984
STU_000306,EEE 161,2026SP,S03,INST_EEE161_03,2026SP,20261,EEE 161__2026SP,EEE 161__2026SP__S03,1,post,2.3,-0.3260853184127238,3,2.4,3.3333333333333335,2.4,3.3333333333333335,-1.1586506739451512,-2.0238626683719834,-0.25737048810166807,-1.9541671137312024,-0.2539911329435696,2.933333333333333,-1.228219003034139,0.141394,0.344896,0.085909,0.178398,-0.371272,1.516041,-0.963813,0.157159,-0.371272,1.516041,-0.963813,0.157159,-10.996426256688967,-6.437283341210009,-9.360451719976318,-11.349337907626143,-6.465642064068818,-1.1810442769715248
STU_001488,EEE 161,2026SP,S03,INST_EEE161_03,2026SP,20261,EEE 161__2026SP,EEE 161__2026SP__S03,1,post,2.7,0.17691692386090738,3.5,3.6,3,3.4,3.1666666666666665,-0.1586428265550334,0.21303817561810445,-0.9020301132509271,-0.08213996665732322,-0.5741342972968816,3.3333333333333335,-0.3547858135299795,0.141394,0.344896,0.085909,0.178398,-0.371272,1.516041,-0.963813,0.157159,-0.371272,1.516041,-0.963813,0.157159,-3.547673440683142,-1.6854061211557787,-3.396256423539939,-3.584725289502486,-2.4130358408146324,-0.3886809446182125
STU_000426,EEE 161,2026SP,S03,INST_EEE161_03,2026SP,20261,EEE 161__2026SP,EEE 161__2026SP__S03,1,post,2.7,0.17691692386090738,3.75,3.6,3.5,3.2,3.3333333333333335,0.3413610971400255,0.21303817561810445,0.06495932447296097,-0.4565453960720986,-0.2539911329435696,3.5,0.009144682096752907,0.141394,0.344896,0.085909,0.178398,-0.371272,1.516041,-0.963813,0.157159,-0.371272,1.516041,-0.963813,0.157159,-0.07513581649663716,-0.025818705723568296,-0.16861993113238005,-0.3506594290756177,-0.2901808529380899,-0.02390742322838028
STU_001271,EEE 161,2026SP,S03,INST_EEE161_03,2026SP,20261,EEE 161__2026SP,EEE 161__2026SP__S03,1,post,2.3,-0.3260853184127238,4.25,3.6,4,4.2,4.166666666666667,1.3413689445301433,0.21303817561810445,1.031948762196849,1.4154817510017808,1.3467246888229878,4.066666666666666,1.2465083672276438,0.141394,0.344896,0.085909,0.178398,-0.371272,1.516041,-0.963813,0.157159,-0.371272,1.516041,-0.963813,0.157159,11.298423143977288,5.618254799073047,9.87270226291869,11.441768636388192,7.176758703480139,1.2073158320364117
STU_001048,EEE 161,2026SP,S03,INST_EEE161_03,2026SP,20261,EEE 161__2026SP,EEE 161__2026SP__S03,1,post,2.7,0.17691692386090738,4.125,3.8,4,3.4,3.5,1.0913669826826138,0.5858549829497852,1.031948762196849,-0.08213996665732322,0.06615203140974155,3.8,0.6642195742248714,0.141394,0.344896,0.085909,0.178398,-0.371272,1.516041,-0.963813,0.157159,-0.371272,1.516041,-0.963813,0.157159,5.96696318510356,3.1094614848060282,5.272599085229514,5.6548045922025985,3.350674783651239,0.6209552368682401
STU_001392,EEE 161,2026SP,S03,INST_EEE161_03,2026SP,20261,EEE 161__2026SP,EEE 161__2026SP__S03,1,post,2.7,0.17691692386090738,4.125,4.2,4,4,4.666666666666667,1.0913669826826138,1.3314885976131483,1.031948762196849,1.0410763215870045,2.307154181882922,4.2,1.5376527637290307,0.141394,0.344896,0.085909,0.178398,-0.371272,1.516041,-0.963813,0.157159,-0.371272,1.516041,-0.963813,0.157159,13.538258827145132,7.40733321861641,11.933975417219404,13.749961438710258,9.100610373048266,1.4716490777075997
STU_000961,EEE 161,2026SP,S03,INST_EEE161_03,2026SP,20261,EEE 161__2026SP,EEE 161__2026SP__S03,1,post,3.3,0.9314202872713531,3.875,3.6,3.8333333333333335,3.4,4.166666666666667,0.5913630589875549,0.21303817561810445,0.7096189496222199,-0.08213996665732322,1.3467246888229878,3.8,0.6642195742248714,0.141394,0.344896,0.085909,0.178398,-0.371272,1.516041,-0.963813,0.157159,-0.371272,1.516041,-0.963813,0.157159,5.561160772104666,2.8355194586732346,4.95746544001993,5.468570850910435,3.8912687948269187,0.5999155087341301
STU_001276,EEE 161,2026SP,S04,INST_EEE161_01,2026SP,20261,EEE 161__2026SP,EEE 161__2026SP__S04,1,post,2.7,0.17691692386090738,3.75,4,4.166666666666667,3.4,4,0.3413610971400255,0.9586717902814668,1.354278574771479,-0.08213996665732322,1.0265815244696759,3.8666666666666667,0.809791772475565,0.141394,0.344896,0.085909,0.178398,-0.371272,1.516041,-0.963813,0.157159,-0.371272,1.516041,-0.963813,0.157159,6.895530552253399,3.9924378910492346,6.462285651949496,6.928797636073622,4.58839319175692,0.7604266293370111
STU_000221,EEE 161,2026SP,S04,INST_EEE161_01,2026SP,20261,EEE 161__2026SP,EEE 161__2026SP__S04,1,post,2.3,-0.3260853184127238,3.25,3.6,3.8333333333333335,3.4,3.6666666666666665,-0.6586467502500923,0.21303817561810445,0.7096189496222199,-0.08213996665732322,0.3862951957630527,3.533333333333333,0.0819307812220992,0.141394,0.344896,0.085909,0.178398,-0.371272,1.516041,-0.963813,0.157159,-0.371272,1.516041,-0.963813,0.157159,0.37421528495669404,0.4471530667734706,0.8370225198912273,0.6542104041151704,0.58301371055014,0.07348532045158407
STU_001469,EEE 161,2026SP,S04,INST_EEE161_01,2026SP,20261,EEE 161__2026SP,EEE 161__2026SP__S04,1,post,3,0.5541686055661302,3.5,3.6,3.3333333333333335,3.4,3.1666666666666665,-0.1586428265550334,0.21303817561810445,-0.25737048810166807,-0.08213996665732322,-0.5741342972968816,3.4,-0.20921361527928692,0.141394,0.344896,0.085909,0.178398,-0.371272,1.516041,-0.963813,0.157159,-0.371272,1.516041,-0.963813,0.157159,-1.976127434134773,-0.8800562605030114,-1.7777937258855396,-1.9837081739074256,-1.4742454415489938,-0.2145297061853595
STU_000873,EEE 161,2026SP,S04,INST_EEE161_01,2026SP,20261,EEE 161__2026SP,EEE 161__2026SP__S04,1,post,2.7,0.17691692386090738,3.75,3.4,3.6666666666666665,3.8,3.6666666666666665,0.3413610971400255,-0.1597786317135771,0.38728913704759005,0.6666708921722283,0.3862951957630527,3.6666666666666665,0.3730751777234853,0.141394,0.344896,0.085909,0.178398,-0.371272,1.516041,-0.963813,0.157159,-0.371272,1.516041,-0.963813,0.157159,2.867618864766817,1.3126791800318427,2.5532106744284015,3.015977684985713,1.829158237444295,0.30948164873712897
STU_001260,EEE 161,2026SP,S04,INST_EEE161_01,2026SP,20261,EEE 161__2026SP,EEE 161__2026SP__S04,1,post,2,-0.7033370001179466,3.625,3.6,3.3333333333333335,4,3.6666666666666665,0.09135913529249606,0.21303817561810445,-0.25737048810166807,1.0410763215870045,0.3862951957630527,3.6333333333333333,0.300289078598139,0.141394,0.344896,0.085909,0.178398,-0.371272,1.516041,-0.963813,0.157159,-0.371272,1.516041,-0.963813,0.157159,2.548589571146271,1.3895145869842906,2.133650745060344,2.896355627054193,1.7239930178555514,0.28372002073003855
STU_001157,EEE 161,2026SP,S04,INST_EEE161_01,2026SP,20261,EEE 161__2026SP,EEE 161__2026SP__S04,1,post,2.3,-0.3260853184127238,3.125,3.8,3.5,3.8,4,-0.9086487120976218,0.5858549829497852,0.06495932447296097,0.6666708921722283,1.0265815244696759,3.6,0.22750297947279274,0.141394,0.344896,0.085909,0.178398,-0.371272,1.516041,-0.963813,0.157159,-0.371272,1.516041,-0.963813,0.157159,1.6032815094950152,1.3058508880356021,1.7762740577154426,2.217373834244894,1.7280729862347606,0.22226672608318893
STU_000201,EEE 161,2026SP,S04,INST_EEE161_01,2026SP,20261,EEE 161__2026SP,EEE 161__2026SP__S04,1,post,3,0.5541686055661302,4,4.4,3.8333333333333335,4,3.8333333333333335,0.8413650208350845,1.7043054049448298,0.7096189496222199,1.0410763215870045,0.7064383601163647,4,1.100936168976951,0.141394,0.344896,0.085909,0.178398,-0.371272,1.516041,-0.963813,0.157159,-0.371272,1.516041,-0.963813,0.157159,9.57747324055576,5.622028464957752,8.395513348453667,9.786551141888935,5.921130663623377,1.0380367830038373
STU_000493,EEE 161,2026SP,S04,INST_EEE161_01,2026SP,20261,EEE 161__2026SP,EEE 161__2026SP__S04,1,post,3.3,0.9314202872713531,3.875,4.4,3.5,3.8,4,0.5913630589875549,1.7043054049448298,0.06495932447296097,0.6666708921722283,1.0265815244696759,3.9,0.8825778716009113,0.141394,0.344896,0.085909,0.178398,-0.371272,1.516041,-0.963813,0.157159,-0.371272,1.516041,-0.963813,0.157159,7.6586238932307555,4.693249078207138,6.5417236292826075,7.78758914947956,4.94389173501159,0.8315212082464278
STU_001362,EEE 161,2026SP,S05,INST_EEE161_02,2026SP,20261,EEE 161__2026SP,EEE 161__2026SP__S05,1,post,4,1.8116742112502071,3.875,3.2,4,3.4,3.6666666666666665,0.5913630589875549,-0.5325954390452579,1.031948762196849,-0.08213996665732322,0.3862951957630527,3.6666666666666665,0.3730751777234853,0.141394,0.344896,0.085909,0.178398,-0.371272,1.516041,-0.963813,0.157159,-0.371272,1.516041,-0.963813,0.157159,3.541536439041716,1.3947074587302082,3.302484368224668,3.349360473000838,2.1376655712620103,0.3684265013110603
STU_000745,EEE 161,2026SP,S05,INST_EEE161_02,2026SP,20261,EEE 161__2026SP,EEE 161__2026SP__S05,1,post,3,0.5541686055661302,4,4,4,3.6,4,0.8413650208350845,0.9586717902814668,1.031948762196849,0.29226546275745297,1.0265815244696759,3.933333333333333,0.9553639707262576,0.141394,0.344896,0.085909,0.178398,-0.371272,1.516041,-0.963813,0.157159,-0.371272,1.516041,-0.963813,0.157159,8.215340366037179,4.52926722861386,7.336275158632877,8.185984544473804,5.2537527857744415,0.886047600022742
STU_001520,EEE 161,2026SP,S05,INST_EEE161_02,2026SP,20261,EEE 161__2026SP,EEE 161__2026SP__S05,1,post,3.3,0.9314202872713531,4.375,4.6,3.6666666666666665,4.2,4.5,1.5913709063776729,2.07712221227651,0.38728913704759005,1.4154817510017808,1.98701101752961,4.266666666666667,1.6832249619797233,0.141394,0.344896,0.085909,0.178398,-0.371272,1.516041,-0.963813,0.157159,-0.371272,1.516041,-0.963813,0.157159,15.223376879042865,8.560664953916167,12.976124725375444,15.366234058451685,9.798323501739612,1.6352293331851435
STU_001435,EEE 161,2026SP,S05,INST_EEE161_02,2026SP,20261,EEE 161__2026SP,EEE 161__2026SP__S05,1,post,2.7,0.17691692386090738,4.375,3.6,4.166666666666667,3.8,4,1.5913709063776729,0.21303817561810445,1.354278574771479,0.6666708921722283,1.0265815244696759,4.033333333333333,1.1737222681022974,0.141394,0.344896,0.085909,0.178398,-0.371272,1.516041,-0.963813,0.157159,-0.371272,1.516041,-0.963813,0.157159,10.935299236165504,5.382609946360544,9.602046590258551,10.755878623498493,6.736061743331864,1.1548618044742829
STU_000960,EEE 161,2026SP,S05,INST_EEE161_02,2026SP,20261,EEE 161__2026SP,EEE 161__2026SP__S05,1,post,3,0.5541686055661302,3.875,3.4,3.6666666666666665,3.8,3.3333333333333335,0.5913630589875549,-0.1597786317135771,0.38728913704759005,0.6666708921722283,-0.2539911329435696,3.6333333333333333,0.300289078598139,0.141394,0.344896,0.085909,0.178398,-0.371272,1.516041,-0.963813,0.157159,-0.371272,1.516041,-0.963813,0.157159,2.808956240883004,1.2095170910923405,2.390245901855225,2.8045997236924354,1.3904041805010356,0.286435311544982
STU_001330,EEE 161,2026SP,S05,INST_EEE161_02,2026SP,20261,EEE 161__2026SP,EEE 161__2026SP__S05,1,post,3,0.5541686055661302,4.125,4,3.3333333333333335,3.6,4.166666666666667,1.0913669826826138,0.9586717902814668,-0.25737048810166807,0.29226546275745297,1.3467246888229878,3.8666666666666667,0.809791772475565,0.141394,0.344896,0.085909,0.178398,-0.371272,1.516041,-0.963813,0.157159,-0.371272,1.516041,-0.963813,0.157159,6.973330149607835,3.84194206248868,5.660596702539498,6.811203670405305,4.606051021093371,0.7351731953655353
STU_000894,EEE 161,2026SP,S05,INST_EEE161_02,2026SP,20261,EEE 161__2026SP,EEE 161__2026SP__S05,1,post,3,0.5541686055661302,4,3.8,3.6666666666666665,4,3.5,0.8413650208350845,0.5858549829497852,0.38728913704759005,1.0410763215870045,0.06615203140974155,3.8,0.6642195742248714,0.141394,0.344896,0.085909,0.178398,-0.371272,1.516041,-0.963813,0.157159,-0.371272,1.516041,-0.963813,0.157159,5.865890969485704,3.1228670961619622,5.03979702871581,5.967875142825358,3.326062946461732,0.6210353589558074
STU_001125,EEE 161,2026SP,S06,INST_EEE161_03,2026SP,20261,EEE 161__2026SP,EEE 161__2026SP__S06,1,post,2.7,0.17691692386090738,2.625,3.4,3.1666666666666665,3,2.8333333333333335,-1.9086565594877396,-0.1597786317135771,-0.5797003006762981,-0.8309508254868748,-1.214420626003504,2.966666666666667,-1.1554329039087916,0.141394,0.344896,0.085909,0.178398,-0.371272,1.516041,-0.963813,0.157159,-0.371272,1.516041,-0.963813,0.157159,-10.685332786264574,-5.155503426947558,-8.910495603542673,-10.394104910400653,-6.586600061927935,-1.11034908063288
STU_001349,EEE 161,2026SP,S06,INST_EEE161_03,2026SP,20261,EEE 161__2026SP,EEE 161__2026SP__S06,1,post,2.7,0.17691692386090738,3.25,3.6,3.5,3.4,3.6666666666666665,-0.6586467502500923,0.21303817561810445,0.06495932447296097,-0.08213996665732322,0.3862951957630527,3.466666666666667,-0.06364141702859338,0.141394,0.344896,0.085909,0.178398,-0.371272,1.516041,-0.963813,0.157159,-0.371272,1.516041,-0.963813,0.157159,-1.2047104249634524,-0.3770499423140144,-0.7929526783876255,-0.9663344566989205,-0.3761892965824411,-0.10252496400360389
STU_000235,EEE 161,2026SP,S06,INST_EEE161_03,2026SP,20261,EEE 161__2026SP,EEE 161__2026SP__S06,1,post,3.7,1.4344225295449842,3.875,3.6,4,4.2,3.6666666666666665,0.5913630589875549,0.21303817561810445,1.031948762196849,1.4154817510017808,0.3862951957630527,3.8666666666666667,0.809791772475565,0.141394,0.344896,0.085909,0.178398,-0.371272,1.516041,-0.963813,0.157159,-0.371272,1.516041,-0.963813,0.157159,7.237150515945727,3.700642697755539,6.574760479984036,7.599055064197712,4.4363357525208,0.787201569760218
STU_001181,EEE 161,2026SP,S06,INST_EEE161_03,2026SP,20261,EEE 161__2026SP,EEE 161__2026SP__S06,1,post,3,0.5541686055661302,3.125,2.6,2.8333333333333335,2.6,2.6666666666666665,-0.9086487120976218,-1.6510458610403016,-1.2243599258255562,-1.5797616843164264,-1.534563790356816,2.8,-1.519363399535525,0.141394,0.344896,0.085909,0.178398,-0.371272,1.516041,-0.963813,0.157159,-0.371272,1.516041,-0.963813,0.157159,-13.048984496289208,-7.31544582844372,-11.585788072527615,-13.454696412105935,-8.426065571333725,-1.4232768767328388
STU_001344,EEE 161,2026SP,S06,INST_EEE161_03,2026SP,20261,EEE 161__2026SP,EEE 161__2026SP__S06,1,post,3.7,1.4344225295449842,4.75,4.2,4.833333333333333,4.6,4.333333333333333,2.3413767919202613,1.3314885976131483,2.643597825069995,2.1642926098313313,1.6668678531762982,4.566666666666666,2.338299854107842,0.141394,0.344896,0.085909,0.178398,-0.371272,1.516041,-0.963813,0.157159,-0.371272,1.516041,-0.963813,0.157159,22.23460442079644,11.567053124245747,19.722193350827908,22.4082360949062,13.623618519106255,2.3793516975666593
STU_000351,EEE 161,2026SP,S06,INST_EEE161_03,2026SP,20261,EEE 161__2026SP,EEE 161__2026SP__S06,1,post,2,-0.7033370001179466,3.75,3.4,2.6666666666666665,3.8,3.3333333333333335,0.3413610971400255,-0.1597786317135771,-1.546689738400186,0.6666708921722283,-0.2539911329435696,3.4,-0.20921361527928692,0.141394,0.344896,0.085909,0.178398,-0.371272,1.516041,-0.963813,0.157159,-0.371272,1.516041,-0.963813,0.157159,-1.9465245594717522,-1.1727380722580263,-2.4357009273434347,-1.972278054754388,-1.4107280626592587,-0.2348026673769618
STU_000648,EEE 161,2026SP,S06,INST_EEE161_03,2026SP,20261,EEE 161__2026SP,EEE 161__2026SP__S06,1,post,2.7,0.17691692386090738,3.125,3.2,3.1666666666666665,3.2,3,-0.9086487120976218,-0.5325954390452579,-0.5797003006762981,-0.4565453960720986,-0.8942774616501927,3.1333333333333333,-0.7915024082820592,0.141394,0.344896,0.085909,0.178398,-0.371272,1.516041,-0.963813,0.157159,-0.371272,1.516041,-0.963813,0.157159,-7.142633807270605,-3.7725751842479576,-6.207520547467515,-7.10613572257191,-4.568561952101423,-0.7626279131310995
STU_001294,EHTN 11,2024SP,S01,INST_EHTN11_01,2025F,20241,EHTN 11__2024SP,EHTN 11__2024SP__S01,0,pre,2.3,-0.3260853184127238,3,3,3,2.6,3.3333333333333335,-1.1586506739451512,-0.9054122463769394,-0.9020301132509271,-1.5797616843164264,-0.2539911329435696,3,-1.0826468047834452,0.203644,0.079167,0.2795,0.191489,0.666794,-0.975719,0.930685,0.598184,0,-0,0,0,-9.798583854535279,-5.246291925553927,-8.544389328598744,-10.012756346709493,-5.708858559314475,-1.0456385826154952
STU_000380,EHTN 11,2024SP,S01,INST_EHTN11_01,2025F,20241,EHTN 11__2024SP,EHTN 11__2024SP__S01,0,pre,1.3,-1.5835909240968005,3,3,3,3.2,2.8333333333333335,-1.1586506739451512,-0.9054122463769394,-0.9020301132509271,-0.4565453960720986,-1.214420626003504,3,-1.0826468047834452,0.203644,0.079167,0.2795,0.191489,0.666794,-0.975719,0.930685,0.598184,0,-0,0,0,-9.79603533332959,-5.265416495515615,-8.565234042843528,-9.71672195533739,-6.250610782901283,-1.0476546178470294
STU_000955,EHTN 11,2024SP,S01,INST_EHTN11_01,2025F,20241,EHTN 11__2024SP,EHTN 11__2024SP__S01,0,pre,1.7,-1.0805886818231698,3.625,3.6,3.3333333333333335,3.8,3.5,0.09135913529249606,0.21303817561810445,-0.25737048810166807,0.6666708921722283,0.06615203140974155,3.566666666666667,0.15471688034744646,0.203644,0.079167,0.2795,0.191489,0.666794,-0.975719,0.930685,0.598184,0,-0,0,0,1.2156130469514999,0.6763390514449297,0.9069983910398153,1.3765108424772479,0.7219547454591266,0.13044661470842112
STU_000999,EHTN 11,2024SP,S01,INST_EHTN11_01,2025F,20241,EHTN 11__2024SP,EHTN 11__2024SP__S01,0,pre,1,-1.9608426058020236,3,2.8,2.5,2.6,2.8333333333333335,-1.1586506739451512,-1.278229053708621,-1.869019550974815,-1.5797616843164264,-1.214420626003504,2.7666666666666666,-1.5921494986608713,0.203644,0.079167,0.2795,0.191489,0.666794,-0.975719,0.930685,0.598184,0,-0,0,0,-13.600828785537487,-7.379994068777646,-12.261873793057728,-13.962014650073618,-8.53913697710138,-1.4778334809371674
STU_001433,EHTN 11,2024SP,S01,INST_EHTN11_01,2025F,20241,EHTN 11__2024SP,EHTN 11__2024SP__S01,0,pre,4,1.8116742112502071,3.125,3.2,2.8333333333333335,2.8,2.8333333333333335,-0.9086487120976218,-0.5325954390452579,-1.2243599258255562,-1.205356254901651,-1.214420626003504,2.966666666666667,-1.1554329039087916,0.203644,0.079167,0.2795,0.191489,0.666794,-0.975719,0.930685,0.598184,0,-0,0,0,-10.418682740688055,-5.423904040668912,-9.307627839536128,-10.643701517847866,-6.674773482987232,-1.1268947140462815
STU_000532,EHTN 11,2024SP,S01,INST_EHTN11_01,2025F,20241,EHTN 11__2024SP,EHTN 11__2024SP__S01,0,pre,2.7,0.17691692386090738,4.125,3.4,3.3333333333333335,3.6,3.6666666666666665,1.0913669826826138,-0.1597786317135771,-0.25737048810166807,0.29226546275745297,0.3862951957630527,3.6666666666666665,0.3730751777234853,0.203644,0.079167,0.2795,0.191489,0.666794,-0.975719,0.930685,0.598184,0,-0,0,0,3.5824409686262033,1.524665675132759,2.6609131237696597,3.288118509045873,2.0639645173025984,0.35105208327929543
STU_000487,EHTN 11,2024SP,S01,INST_EHTN11_01,2025F,20241,EHTN 11__2024SP,EHTN 11__2024SP__S01,0,pre,0,-3.2183482114861004,3.625,3,3,3.4,3.5,0.09135913529249606,-0.9054122463769394,-0.9020301132509271,-0.08213996665732322,0.06615203140974155,3.3333333333333335,-0.3547858135299795,0.203644,0.079167,0.2795,0.191489,0.666794,-0.975719,0.930685,0.598184,0,-0,0,0,-3.224948158961054,-2.1390600316952377,-3.213773889284007,-3.376169666782565,-1.952891174284864,-0.3658848073822854
STU_001009,EHTN 11,2024SP,S02,INST_EHTN11_02,2025F,20241,EHTN 11__2024SP,EHTN 11__2024SP__S02,0,pre,3.3,0.9314202872713531,4.125,3.4,3.3333333333333335,3.4,3.6666666666666665,1.0913669826826138,-0.1597786317135771,-0.25737048810166807,-0.08213996665732322,0.3862951957630527,3.6333333333333333,0.300289078598139,0.203644,0.079167,0.2795,0.191489,0.666794,-0.975719,0.930685,0.598184,0,-0,0,0,3.1389944565915995,1.2943143976639169,2.2661102438870926,2.7424511686208506,1.7991688758274342,0.3006103479384919
STU_000258,EHTN 11,2024SP,S02,INST_EHTN11_02,2025F,20241,EHTN 11__2024SP,EHTN 11__2024SP__S02,0,pre,3.3,0.9314202872713531,3.25,3.4,3.3333333333333335,3.4,3.8333333333333335,-0.6586467502500923,-0.1597786317135771,-0.25737048810166807,-0.08213996665732322,0.7064383601163647,3.433333333333333,-0.13642751615394064,0.203644,0.079167,0.2795,0.191489,0.666794,-0.975719,0.930685,0.598184,0,-0,0,0,-1.6881406949935602,-0.8105049954815269,-1.3460382503036854,-1.476671787115804,-0.51190401968407,-0.15828839192454722
STU_000969,EHTN 11,2024SP,S02,INST_EHTN11_02,2025F,20241,EHTN 11__2024SP,EHTN 11__2024SP__S02,0,pre,3,0.5541686055661302,4,3.2,3.5,3,3.6666666666666665,0.8413650208350845,-0.5325954390452579,0.06495932447296097,-0.8309508254868748,0.3862951957630527,3.533333333333333,0.0819307812220992,0.203644,0.079167,0.2795,0.191489,0.666794,-0.975719,0.930685,0.598184,0,-0,0,0,0.6970708555819827,-0.10752450814226193,0.3414464408770322,0.12199383967494312,0.372703743899117,0.04003956224500778
STU_000074,EHTN 11,2024SP,S02,INST_EHTN11_02,2025F,20241,EHTN 11__2024SP,EHTN 11__2024SP__S02,0,pre,3.3,0.9314202872713531,3.5,3.4,3.8333333333333335,3.8,3.3333333333333335,-0.1586428265550334,-0.1597786317135771,0.7096189496222199,0.6666708921722283,-0.2539911329435696,3.566666666666667,0.15471688034744646,0.203644,0.079167,0.2795,0.191489,0.666794,-0.975719,0.930685,0.598184,0,-0,0,0,1.1385672515843117,0.5139995713018769,1.3079166361024015,1.4096883271306766,0.5792184464283079,0.13455861478042522
STU_001174,EHTN 11,2024SP,S02,INST_EHTN11_02,2025F,20241,EHTN 11__2024SP,EHTN 11__2024SP__S02,0,pre,3.7,1.4344225295449842,3.75,3.4,3.1666666666666665,3.4,3,0.3413610971400255,-0.1597786317135771,-0.5797003006762981,-0.08213996665732322,-0.8942774616501927,3.3666666666666667,-0.28199971440463323,0.203644,0.079167,0.2795,0.191489,0.666794,-0.975719,0.930685,0.598184,0,-0,0,0,-2.5766948563973546,-1.4554301627291073,-2.614473648440626,-2.810351614371512,-2.109605970252698,-0.30352908971138526
STU_000896,EHTN 11,2024SP,S02,INST_EHTN11_02,2025F,20241,EHTN 11__2024SP,EHTN 11__2024SP__S02,0,pre,2.7,0.17691692386090738,3.125,3,3.5,3,2.8333333333333335,-0.9086487120976218,-0.9054122463769394,0.06495932447296097,-0.8309508254868748,-1.214420626003504,3.1,-0.8642885074074055,0.203644,0.079167,0.2795,0.191489,0.666794,-0.975719,0.930685,0.598184,0,-0,0,0,-7.8174758690410515,-4.278626449011612,-6.541691037007229,-7.873659116122409,-5.136627521156211,-0.8359441530500173
STU_001070,EHTN 11,2024SP,S03,INST_EHTN11_03,2025F,20241,EHTN 11__2024SP,EHTN 11__2024SP__S03,0,pre,2.7,0.17691692386090738,3.875,4.2,4,4.4,3.8333333333333335,0.5913630589875549,1.3314885976131483,1.031948762196849,1.789887180416557,0.7064383601163647,4.033333333333333,1.1737222681022974,0.203644,0.079167,0.2795,0.191489,0.666794,-0.975719,0.930685,0.598184,0,-0,0,0,10.242938848884313,5.820144532175099,9.212832898077592,10.803578275583734,6.3946083811444145,1.125064808651845
STU_000623,EHTN 11,2024SP,S03,INST_EHTN11_03,2025F,20241,EHTN 11__2024SP,EHTN 11__2024SP__S03,0,pre,2.7,0.17691692386090738,3.125,2.2,3,3.2,3,-0.9086487120976218,-2.396679475703664,-0.9020301132509271,-0.4565453960720986,-0.8942774616501927,2.933333333333333,-1.228219003034139,0.203644,0.079167,0.2795,0.191489,0.666794,-0.975719,0.930685,0.598184,0,-0,0,0,-10.76181022217373,-6.517357689857962,-9.496336227682356,-10.7932292174739,-6.716245564270962,-1.166283619879493
STU_000681,EHTN 11,2024SP,S03,INST_EHTN11_03,2025F,20241,EHTN 11__2024SP,EHTN 11__2024SP__S03,0,pre,3.3,0.9314202872713531,3.375,2.8,3,2.4,2.8333333333333335,-0.40864478840256285,-1.278229053708621,-0.9020301132509271,-1.9541671137312024,-1.214420626003504,2.933333333333333,-1.228219003034139,0.203644,0.079167,0.2795,0.191489,0.666794,-0.975719,0.930685,0.598184,0,-0,0,0,-10.68075268696834,-6.052687159808543,-9.61178631381524,-11.345436231569952,-6.9432304798036135,-1.1808461554819367
STU_001077,EHTN 11,2024SP,S03,INST_EHTN11_03,2025F,20241,EHTN 11__2024SP,EHTN 11__2024SP__S03,0,pre,3,0.5541686055661302,3,2.6,3,3.2,2.8333333333333335,-1.1586506739451512,-1.6510458610403016,-0.9020301132509271,-0.4565453960720986,-1.214420626003504,2.933333333333333,-1.228219003034139,0.203644,0.079167,0.2795,0.191489,0.666794,-0.975719,0.930685,0.598184,0,-0,0,0,-10.960120936220916,-6.220371382146436,-9.579675984611347,-10.891680662638667,-6.901243038564783,-1.176387708403046
STU_000435,EHTN 11,2024SP,S03,INST_EHTN11_03,2025F,20241,EHTN 11__2024SP,EHTN 11__2024SP__S03,0,pre,3.3,0.9314202872713531,3.875,3.8,3.8333333333333335,3.6,3.8333333333333335,0.5913630589875549,0.5858549829497852,0.7096189496222199,0.29226546275745297,0.7064383601163647,3.8,0.6642195742248714,0.203644,0.079167,0.2795,0.191489,0.666794,-0.975719,0.930685,0.598184,0,-0,0,0,5.83874204683224,3.1631733437258305,5.183187503309987,5.8214446240804865,3.7151386977123493,0.6277071825568978
STU_001259,EHTN 11,2024SP,S03,INST_EHTN11_03,2025F,20241,EHTN 11__2024SP,EHTN 11__2024SP__S03,0,pre,2.3,-0.3260853184127238,3,3.2,3.5,3,3.3333333333333335,-1.1586506739451512,-0.5325954390452579,0.06495932447296097,-0.8309508254868748,-0.2539911329435696,3.2,-0.6459302100313656,0.203644,0.079167,0.2795,0.191489,0.666794,-0.975719,0.930685,0.598184,0,-0,0,0,-6.116181755558812,-3.143451826549798,-4.892772334507811,-5.996140663184992,-3.5066972221473565,-0.6294772543285094
STU_000142,EHTN 11,2024SP,S03,INST_EHTN11_03,2025F,20241,EHTN 11__2024SP,EHTN 11__2024SP__S03,0,pre,1.3,-1.5835909240968005,2.5,3,2.5,2.6,2.3333333333333335,-2.158658521335269,-0.9054122463769394,-1.869019550974815,-1.5797616843164264,-2.1748501190634384,2.566666666666667,-2.02886609341295,0.203644,0.079167,0.2795,0.191489,0.666794,-0.975719,0.930685,0.598184,0,-0,0,0,-17.69444010010631,-9.103639908831456,-15.529043767160871,-17.735978007316927,-11.200486091576227,-1.8912060860579987
STU_000495,EHTN 11,2024F,S01,INST_EHTN11_01,2025F,20243,EHTN 11__2024F,EHTN 11__2024F__S01,0,pre,2,-0.7033370001179466,3.25,4.2,3.5,3.4,3,-0.6586467502500923,1.3314885976131483,0.06495932447296097,-0.08213996665732322,-0.8942774616501927,3.433333333333333,-0.13642751615394064,0.203644,0.079167,0.2795,0.191489,0.666794,-0.975719,0.930685,0.598184,0,-0,0,0,-1.5729055275154664,0.03285107509890423,-1.1001198992024568,-1.3538416097527703,-1.271149272365386,-0.14484014262682424
STU_001356,EHTN 11,2024F,S01,INST_EHTN11_01,2025F,20243,EHTN 11__2024F,EHTN 11__2024F__S01,0,pre,2.3,-0.3260853184127238,3,3.2,2.8333333333333335,3.2,3,-1.1586506739451512,-0.5325954390452579,-1.2243599258255562,-0.4565453960720986,-0.8942774616501927,3.033333333333333,-1.009860705658099,0.203644,0.079167,0.2795,0.191489,0.666794,-0.975719,0.930685,0.598184,0,-0,0,0,-8.939716362408056,-4.615788569451293,-7.883709765993832,-8.810888387096991,-5.540113694094017,-0.9498192300940913
STU_000289,EHTN 11,2024F,S01,INST_EHTN11_01,2025F,20243,EHTN 11__2024F,EHTN 11__2024F__S01,0,pre,2,-0.7033370001179466,3.375,2.8,3,3,3.6666666666666665,-0.40864478840256285,-1.278229053708621,-0.9020301132509271,-0.8309508254868748,0.3862951957630527,3.2,-0.6459302100313656,0.203644,0.079167,0.2795,0.191489,0.666794,-0.975719,0.930685,0.598184,0,-0,0,0,-5.83920760044519,-3.5757406238220955,-5.326039517980962,-6.056598238369212,-3.2041174790592706,-0.6359506563547181
STU_000677,EHTN 11,2024F,S01,INST_EHTN11_01,2025F,20243,EHTN 11__2024F,EHTN 11__2024F__S01,0,pre,3,0.5541686055661302,3.375,3,3.3333333333333335,3.4,3.3333333333333335,-0.40864478840256285,-0.9054122463769394,-0.25737048810166807,-0.08213996665732322,-0.2539911329435696,3.3,-0.4275719126553268,0.203644,0.079167,0.2795,0.191489,0.666794,-0.975719,0.930685,0.598184,0,-0,0,0,-4.0315763686725905,-2.449928751695916,-3.484699617534814,-3.9742533643208047,-2.43107145068962,-0.43126896025420325
STU_001454,EHTN 11,2024F,S01,INST_EHTN11_01,2025F,20243,EHTN 11__2024F,EHTN 11__2024F__S01,0,pre,3,0.5541686055661302,3.625,3.6,3.3333333333333335,3.4,3.1666666666666665,0.09135913529249606,0.21303817561810445,-0.25737048810166807,-0.08213996665732322,-0.5741342972968816,3.433333333333333,-0.13642751615394064,0.203644,0.079167,0.2795,0.191489,0.666794,-0.975719,0.930685,0.598184,0,-0,0,0,-1.143274043162338,-0.5351985202190257,-1.156921413076508,-1.25974497105538,-1.0253827559608217,-0.13487798467942475
STU_000433,EHTN 11,2024F,S01,INST_EHTN11_01,2025F,20243,EHTN 11__2024F,EHTN 11__2024F__S01,0,pre,4,1.8116742112502071,3.5,3.4,3.5,3.6,3.5,-0.1586428265550334,-0.1597786317135771,0.06495932447296097,0.29226546275745297,0.06615203140974155,3.5,0.009144682096752907,0.203644,0.079167,0.2795,0.191489,0.666794,-0.975719,0.930685,0.598184,0,-0,0,0,-0.15871510238780698,-0.1396912935815119,-0.0596457314566464,-7.569593582443827e-4,-0.018653212948417937,-0.009230300906382242
STU_000624,EHTN 11,2024F,S02,INST_EHTN11_02,2025F,20243,EHTN 11__2024F,EHTN 11__2024F__S02,0,pre,1.3,-1.5835909240968005,3.5,3.4,3.3333333333333335,3.2,3.6666666666666665,-0.1586428265550334,-0.1597786317135771,-0.25737048810166807,-0.4565453960720986,0.3862951957630527,3.433333333333333,-0.13642751615394064,0.203644,0.079167,0.2795,0.191489,0.666794,-0.975719,0.930685,0.598184,0,-0,0,0,-1.495291340871541,-0.8253632905155427,-1.359188731739583,-1.5844405433366822,-0.659068962377473,-0.15915195245377609
STU_000071,EHTN 11,2024F,S02,INST_EHTN11_02,2025F,20243,EHTN 11__2024F,EHTN 11__2024F__S02,0,pre,2.7,0.17691692386090738,2.625,2.4,2.1666666666666665,2.8,2.3333333333333335,-1.9086565594877396,-2.0238626683719834,-2.513679176124074,-1.205356254901651,-2.1748501190634384,2.466666666666667,-2.2472243907889897,0.203644,0.079167,0.2795,0.191489,0.666794,-0.975719,0.930685,0.598184,0,-0,0,0,-19.435985081143304,-10.605483382378546,-17.369625713575772,-19.525599953173558,-12.311299969828733,-2.097452625211722
STU_001526,EHTN 11,2024F,S02,INST_EHTN11_02,2025F,20243,EHTN 11__2024F,EHTN 11__2024F__S02,0,pre,3.7,1.4344225295449842,3,3.4,2.8333333333333335,3,3,-1.1586506739451512,-0.1597786317135771,-1.2243599258255562,-0.8309508254868748,-0.8942774616501927,3.033333333333333,-1.009860705658099,0.203644,0.079167,0.2795,0.191489,0.666794,-0.975719,0.930685,0.598184,0,-0,0,0,-9.179523878141094,-4.553453761604258,-8.125832336125553,-9.180435105261383,-5.702158946838854,-0.9774603896710499
STU_000987,EHTN 11,2024F,S02,INST_EHTN11_02,2025F,20243,EHTN 11__2024F,EHTN 11__2024F__S02,0,pre,3.3,0.9314202872713531,3.75,3.8,3.8333333333333335,3.6,3.6666666666666665,0.3413610971400255,0.5858549829497852,0.7096189496222199,0.29226546275745297,0.3862951957630527,3.7333333333333334,0.5186473759741789,0.203644,0.079167,0.2795,0.191489,0.666794,-0.975719,0.930685,0.598184,0,-0,0,0,4.6056696640781105,2.5853136672996233,4.183248045518685,4.658954678721667,2.861937496977797,0.49998649142235724
STU_000686,EHTN 11,2024F,S02,INST_EHTN11_02,2025F,20243,EHTN 11__2024F,EHTN 11__2024F__S02,0,pre,3,0.5541686055661302,3.125,4,3.5,3.4,3.3333333333333335,-0.9086487120976218,0.9586717902814668,0.06495932447296097,-0.08213996665732322,-0.2539911329435696,3.433333333333333,-0.13642751615394064,0.203644,0.079167,0.2795,0.191489,0.666794,-0.975719,0.930685,0.598184,0,-0,0,0,-1.6869144803432923,-0.19570924644268256,-1.1253976434050394,-1.363199008073981,-0.8956035733856675,-0.14588666537586592
STU_000095,EHTN 11,2024F,S02,INST_EHTN11_02,2025F,20243,EHTN 11__2024F,EHTN 11__2024F__S02,0,pre,0.7,-2.338094287507247,3,3,2.5,2,2.6666666666666665,-1.1586506739451512,-0.9054122463769394,-1.869019550974815,-2.702977972560754,-1.534563790356816,2.6666666666666665,-1.8105077960369111,0.203644,0.079167,0.2795,0.191489,0.666794,-0.975719,0.930685,0.598184,0,-0,0,0,-15.817079212325735,-8.336842677261751,-14.252692927701828,-16.53073164294639,-10.038387217106962,-1.7256251340181987
STU_000553,EHTN 11,2024F,S02,INST_EHTN11_02,2025F,20243,EHTN 11__2024F,EHTN 11__2024F__S02,0,pre,3.3,0.9314202872713531,4.5,4.6,4.166666666666667,4.6,4.666666666666667,1.8413728682252022,2.07712221227651,1.354278574771479,2.1642926098313313,2.307154181882922,4.5,2.192727655857149,0.203644,0.079167,0.2795,0.191489,0.666794,-0.975719,0.930685,0.598184,0,-0,0,0,20.176552829175552,11.061896130547805,17.594375228104198,20.574290083420696,12.927516298406129,2.1787159388192645
STU_000411,EHTN 11,2024F,S03,INST_EHTN11_03,2025F,20243,EHTN 11__2024F,EHTN 11__2024F__S03,0,pre,2.3,-0.3260853184127238,3.375,4,3.6666666666666665,3.6,3.6666666666666665,-0.40864478840256285,0.9586717902814668,0.38728913704759005,0.29226546275745297,0.3862951957630527,3.6333333333333333,0.300289078598139,0.203644,0.079167,0.2795,0.191489,0.666794,-0.975719,0.930685,0.598184,0,-0,0,0,2.1364437004644166,1.666727897397225,2.1905864649664712,2.46930526826603,1.587682181990941,0.26116909177531933
STU_000633,EHTN 11,2024F,S03,INST_EHTN11_03,2025F,20243,EHTN 11__2024F,EHTN 11__2024F__S03,0,pre,3.3,0.9314202872713531,3.5,3.4,3.3333333333333335,3.8,3.6666666666666665,-0.1586428265550334,-0.1597786317135771,-0.25737048810166807,0.6666708921722283,0.3862951957630527,3.533333333333333,0.0819307812220992,0.203644,0.079167,0.2795,0.191489,0.666794,-0.975719,0.930685,0.598184,0,-0,0,0,0.15409383770661864,0.010771814818296496,0.09518711075774312,0.42037531659809557,0.29827520975507227,0.02643267784805462
STU_000196,EHTN 11,2024F,S03,INST_EHTN11_03,2025F,20243,EHTN 11__2024F,EHTN 11__2024F__S03,0,pre,2.3,-0.3260853184127238,3.25,3.6,3.5,3,3.1666666666666665,-0.6586467502500923,0.21303817561810445,0.06495932447296097,-0.8309508254868748,-0.5741342972968816,3.3,-0.4275719126553268,0.203644,0.079167,0.2795,0.191489,0.666794,-0.975719,0.930685,0.598184,0,-0,0,0,-4.040668171585689,-1.7675380846466786,-3.2823045397049744,-4.0838906003328725,-2.572429684141158,-0.420852327600164
STU_001528,EHTN 11,2024F,S03,INST_EHTN11_03,2025F,20243,EHTN 11__2024F,EHTN 11__2024F__S03,0,pre,4,1.8116742112502071,4,4.4,4.666666666666667,4.2,4.166666666666667,0.8413650208350845,1.7043054049448298,2.321268012495367,1.4154817510017808,1.3467246888229878,4.266666666666667,1.6832249619797233,0.203644,0.079167,0.2795,0.191489,0.666794,-0.975719,0.930685,0.598184,0,-0,0,0,15.246274242786258,8.553879956714859,14.063907816828886,15.729424856093605,9.700785144174555,1.6748978121516753
STU_000427,EHTN 11,2024F,S03,INST_EHTN11_03,2025F,20243,EHTN 11__2024F,EHTN 11__2024F__S03,0,pre,3.3,0.9314202872713531,3.75,3.4,3.5,3.2,3.5,0.3413610971400255,-0.1597786317135771,0.06495932447296097,-0.4565453960720986,0.06615203140974155,3.5,0.009144682096752907,0.203644,0.079167,0.2795,0.191489,0.666794,-0.975719,0.930685,0.598184,0,-0,0,0,0.13759229564504472,-0.1087057629449506,0.03465292141202872,-0.1325852197582281,0.04293454929904907,6.417361932020739e-5
STU_001275,EHTN 11,2024F,S03,INST_EHTN11_03,2025F,20243,EHTN 11__2024F,EHTN 11__2024F__S03,0,pre,2.3,-0.3260853184127238,3.625,3.6,3.3333333333333335,3,3,0.09135913529249606,0.21303817561810445,-0.25737048810166807,-0.8309508254868748,-0.8942774616501927,3.3333333333333335,-0.3547858135299795,0.203644,0.079167,0.2795,0.191489,0.666794,-0.975719,0.930685,0.598184,0,-0,0,0,-3.1806820782110683,-1.5666650279576892,-2.9513341931544015,-3.5468621354382064,-2.417341291607522,-0.362166484941515
STU_001428,EHTN 11,2025SP,S01,INST_EHTN11_01,2025F,20251,EHTN 11__2025SP,EHTN 11__2025SP__S01,0,pre,2.3,-0.3260853184127238,3.25,3,3.3333333333333335,3,3,-0.6586467502500923,-0.9054122463769394,-0.25737048810166807,-0.8309508254868748,-0.8942774616501927,3.1333333333333333,-0.7915024082820592,0.203644,0.079167,0.2795,0.191489,0.666794,-0.975719,0.930685,0.598184,0,-0,0,0,-6.986992108641878,-3.893614739817318,-6.024575192045767,-7.146262197681165,-4.4904587124247515,-0.7546027029263667
STU_000489,EHTN 11,2025SP,S01,INST_EHTN11_01,2025F,20251,EHTN 11__2025SP,EHTN 11__2025SP__S01,0,pre,2.7,0.17691692386090738,3.75,3.8,3.6666666666666665,3.4,3.5,0.3413610971400255,0.5858549829497852,0.38728913704759005,-0.08213996665732322,0.06615203140974155,3.6333333333333333,0.300289078598139,0.203644,0.079167,0.2795,0.191489,0.666794,-0.975719,0.930685,0.598184,0,-0,0,0,2.401787361224774,1.4308615458296456,2.121193001798077,2.3023707332828436,1.3565258939095313,0.25386619162931584
STU_000750,EHTN 11,2025SP,S01,INST_EHTN11_01,2025F,20251,EHTN 11__2025SP,EHTN 11__2025SP__S01,0,pre,2.7,0.17691692386090738,3.5,2.8,3.3333333333333335,2.8,3.5,-0.1586428265550334,-1.278229053708621,-0.25737048810166807,-1.205356254901651,0.06615203140974155,3.2333333333333334,-0.5731441109060194,0.203644,0.079167,0.2795,0.191489,0.666794,-0.975719,0.930685,0.598184,0,-0,0,0,-4.868430197125646,-3.106457769902895,-4.327769354422752,-5.280176032314812,-2.8356855448820224,-0.5396147040260737
STU_000147,EHTN 11,2025SP,S01,INST_EHTN11_01,2025F,20251,EHTN 11__2025SP,EHTN 11__2025SP__S01,0,pre,2.3,-0.3260853184127238,3.5,3.6,3.3333333333333335,3,3,-0.1586428265550334,0.21303817561810445,-0.25737048810166807,-0.8309508254868748,-0.8942774616501927,3.3,-0.4275719126553268,0.203644,0.079167,0.2795,0.191489,0.666794,-0.975719,0.930685,0.598184,0,-0,0,0,-4.10362519380184,-1.9768919885798466,-3.657137181874564,-4.373023155704297,-2.9311353361094845,-0.4524477622175095
STU_000146,EHTN 11,2025SP,S01,INST_EHTN11_01,2025F,20251,EHTN 11__2025SP,EHTN 11__2025SP__S01,0,pre,3,0.5541686055661302,3.25,3.4,3.6666666666666665,3.6,3.3333333333333335,-0.6586467502500923,-0.1597786317135771,0.38728913704759005,0.29226546275745297,-0.2539911329435696,3.433333333333333,-0.13642751615394064,0.203644,0.079167,0.2795,0.191489,0.666794,-0.975719,0.930685,0.598184,0,-0,0,0,-1.5836960213011035,-0.7910034584381691,-1.0112194180196228,-1.2672436286469806,-0.9274367639304821,-0.14710677966639105
STU_001110,EHTN 11,2025SP,S01,INST_EHTN11_01,2025F,20251,EHTN 11__2025SP,EHTN 11__2025SP__S01,0,pre,1.3,-1.5835909240968005,3.625,3.2,4,3.6,3.5,0.09135913529249606,-0.5325954390452579,1.031948762196849,0.29226546275745297,0.06615203140974155,3.6,0.22750297947279274,0.203644,0.079167,0.2795,0.191489,0.666794,-0.975719,0.930685,0.598184,0,-0,0,0,2.0388888860158216,0.7594147703965545,2.149757754304429,2.1328480704959896,1.2286008635103032,0.22450154943331596
STU_000288,EHTN 11,2025SP,S01,INST_EHTN11_01,2025F,20251,EHTN 11__2025SP,EHTN 11__2025SP__S01,0,pre,3.3,0.9314202872713531,3.375,2.6,3.1666666666666665,3.2,3.1666666666666665,-0.40864478840256285,-1.6510458610403016,-0.5797003006762981,-0.4565453960720986,-0.5741342972968816,3.1333333333333333,-0.7915024082820592,0.203644,0.079167,0.2795,0.191489,0.666794,-0.975719,0.930685,0.598184,0,-0,0,0,-6.885202471197928,-4.264922106617319,-6.138769919507952,-7.036483084130795,-4.342568580715643,-0.7544531185614896
STU_001184,EHTN 11,2025SP,S02,INST_EHTN11_02,2025F,20251,EHTN 11__2025SP,EHTN 11__2025SP__S02,0,pre,3.3,0.9314202872713531,3.375,3.2,3.3333333333333335,3.6,3.6666666666666665,-0.40864478840256285,-0.5325954390452579,-0.25737048810166807,0.29226546275745297,0.3862951957630527,3.433333333333333,-0.13642751615394064,0.203644,0.079167,0.2795,0.191489,0.666794,-0.975719,0.930685,0.598184,0,-0,0,0,-1.732891252597571,-1.1038168220024944,-1.4814485553824175,-1.5200333272593982,-0.7801145026456235,-0.17476940819684383
STU_000100,EHTN 11,2025SP,S02,INST_EHTN11_02,2025F,20251,EHTN 11__2025SP,EHTN 11__2025SP__S02,0,pre,1.3,-1.5835909240968005,2.625,3,2.3333333333333335,2.8,2.8333333333333335,-1.9086565594877396,-0.9054122463769394,-2.191349363549444,-1.205356254901651,-1.214420626003504,2.7,-1.7377216969115639,0.203644,0.079167,0.2795,0.191489,0.666794,-0.975719,0.930685,0.598184,0,-0,0,0,-15.417705787654775,-7.941895641012367,-13.690588557685285,-15.37545227675515,-9.432808623080223,-1.643610087163743
STU_000343,EHTN 11,2025SP,S02,INST_EHTN11_02,2025F,20251,EHTN 11__2025SP,EHTN 11__2025SP__S02,0,pre,4,1.8116742112502071,3.75,3.8,3.5,3.8,3.6666666666666665,0.3413610971400255,0.5858549829497852,0.06495932447296097,0.6666708921722283,0.3862951957630527,3.7,0.4458612768488326,0.203644,0.079167,0.2795,0.191489,0.666794,-0.975719,0.930685,0.598184,0,-0,0,0,3.8964296606781157,2.2339947745229924,3.341187180069995,4.046884388865659,2.4701832223763116,0.4226261769547394
STU_000596,EHTN 11,2025SP,S02,INST_EHTN11_02,2025F,20251,EHTN 11__2025SP,EHTN 11__2025SP__S02,0,pre,0,-3.2183482114861004,3.375,3.4,3.6666666666666665,3.4,3.5,-0.40864478840256285,-0.1597786317135771,0.38728913704759005,-0.08213996665732322,0.06615203140974155,3.466666666666667,-0.06364141702859338,0.203644,0.079167,0.2795,0.191489,0.666794,-0.975719,0.930685,0.598184,0,-0,0,0,-1.041603295562496,-0.5332605412110909,-0.6096583995715223,-0.8946889590085895,-0.48596553190025016,-0.0949791536190059
STU_000589,EHTN 11,2025SP,S02,INST_EHTN11_02,2025F,20251,EHTN 11__2025SP,EHTN 11__2025SP__S02,0,pre,3.3,0.9314202872713531,3.875,3.4,3.6666666666666665,3.4,3.1666666666666665,0.5913630589875549,-0.1597786317135771,0.38728913704759005,-0.08213996665732322,-0.5741342972968816,3.533333333333333,0.0819307812220992,0.203644,0.079167,0.2795,0.191489,0.666794,-0.975719,0.930685,0.598184,0,-0,0,0,0.9084004982689997,0.24377220056594676,0.7308548467275326,0.6644355040324309,0.11303085939286442,0.07494743863880339
STU_000546,EHTN 11,2025SP,S02,INST_EHTN11_02,2025F,20251,EHTN 11__2025SP,EHTN 11__2025SP__S02,0,pre,3.3,0.9314202872713531,3.375,3.8,4.166666666666667,3.2,3.1666666666666665,-0.40864478840256285,0.5858549829497852,1.354278574771479,-0.4565453960720986,-0.5741342972968816,3.533333333333333,0.0819307812220992,0.203644,0.079167,0.2795,0.191489,0.666794,-0.975719,0.930685,0.598184,0,-0,0,0,0.39948497196287164,0.6408759794932872,1.0480977558347064,0.4823689776741902,0.03498240387494657,0.06727184488118158
STU_001056,EHTN 11,2025SP,S02,INST_EHTN11_02,2025F,20251,EHTN 11__2025SP,EHTN 11__2025SP__S02,0,pre,3.3,0.9314202872713531,3.5,3.6,3.6666666666666665,3.2,3.1666666666666665,-0.1586428265550334,0.21303817561810445,0.38728913704759005,-0.4565453960720986,-0.5741342972968816,3.433333333333333,-0.13642751615394064,0.203644,0.079167,0.2795,0.191489,0.666794,-0.975719,0.930685,0.598184,0,-0,0,0,-1.4401125860546615,-0.6134637120303688,-1.0746053248699445,-1.5374080253957998,-1.113226972088224,-0.15348236048761696
STU_001136,EHTN 11,2025SP,S03,INST_EHTN11_03,2025F,20251,EHTN 11__2025SP,EHTN 11__2025SP__S03,0,pre,3.7,1.4344225295449842,3.125,3.6,3.3333333333333335,3.2,3.8333333333333335,-0.9086487120976218,0.21303817561810445,-0.25737048810166807,-0.4565453960720986,0.7064383601163647,3.4,-0.20921361527928692,0.203644,0.079167,0.2795,0.191489,0.666794,-0.975719,0.930685,0.598184,0,-0,0,0,-2.197453288422287,-0.8402481164136351,-1.7157754727009198,-2.016559659757605,-0.7694843988081264,-0.2064259272256046
STU_001325,EHTN 11,2025SP,S03,INST_EHTN11_03,2025F,20251,EHTN 11__2025SP,EHTN 11__2025SP__S03,0,pre,4,1.8116742112502071,3.625,4,3,3.2,3.8333333333333335,0.09135913529249606,0.9586717902814668,-0.9020301132509271,-0.4565453960720986,0.7064383601163647,3.533333333333333,0.0819307812220992,0.203644,0.079167,0.2795,0.191489,0.666794,-0.975719,0.930685,0.598184,0,-0,0,0,0.6852240206117568,0.8034884583069897,0.2279046875761795,0.5382068662204978,0.7772106716632111,0.07256153282633185
STU_001193,EHTN 11,2025SP,S03,INST_EHTN11_03,2025F,20251,EHTN 11__2025SP,EHTN 11__2025SP__S03,0,pre,3.7,1.4344225295449842,3.625,3.2,3.3333333333333335,3.2,3,0.09135913529249606,-0.5325954390452579,-0.25737048810166807,-0.4565453960720986,-0.8942774616501927,3.3,-0.4275719126553268,0.203644,0.079167,0.2795,0.191489,0.666794,-0.975719,0.930685,0.598184,0,-0,0,0,-3.572144371534677,-2.133620926870322,-3.2619022150779706,-3.83970568196062,-2.641645786599959,-0.40562196042859255
STU_000970,EHTN 11,2025SP,S03,INST_EHTN11_03,2025F,20251,EHTN 11__2025SP,EHTN 11__2025SP__S03,0,pre,3,0.5541686055661302,4.125,4.2,3.3333333333333335,4,3.6666666666666665,1.0913669826826138,1.3314885976131483,-0.25737048810166807,1.0410763215870045,0.3862951957630527,3.8666666666666667,0.809791772475565,0.203644,0.079167,0.2795,0.191489,0.666794,-0.975719,0.930685,0.598184,0,-0,0,0,7.40171168892269,4.2648795881095936,5.982243305096683,7.406802557720241,4.357087622780459,0.7779983914513933
STU_000946,EHTN 11,2025SP,S03,INST_EHTN11_03,2025F,20251,EHTN 11__2025SP,EHTN 11__2025SP__S03,0,pre,3.3,0.9314202872713531,3.875,3.4,3.5,3.2,3.3333333333333335,0.5913630589875549,-0.1597786317135771,0.06495932447296097,-0.4565453960720986,-0.2539911329435696,3.5,0.009144682096752907,0.203644,0.079167,0.2795,0.191489,0.666794,-0.975719,0.930685,0.598184,0,-0,0,0,0.09484253484767793,-0.16051983506848072,-0.11547668229196627,-0.2703669183165334,-0.22412844765541515,-0.015666697540380203
STU_001113,EHTN 11,2025SP,S03,INST_EHTN11_03,2025F,20251,EHTN 11__2025SP,EHTN 11__2025SP__S03,0,pre,3.7,1.4344225295449842,3.625,3.4,3.3333333333333335,3.6,3.3333333333333335,0.09135913529249606,-0.1597786317135771,-0.25737048810166807,0.29226546275745297,-0.2539911329435696,3.466666666666667,-0.06364141702859338,0.203644,0.079167,0.2795,0.191489,0.666794,-0.975719,0.930685,0.598184,0,-0,0,0,-0.9130352854677508,-0.5610473868496475,-0.9256375734090336,-0.8734974660363327,-0.686905808713068,-0.10328956417023416
STU_000585,EHTN 11,2025SP,S03,INST_EHTN11_03,2025F,20251,EHTN 11__2025SP,EHTN 11__2025SP__S03,0,pre,3.7,1.4344225295449842,4.375,4,4.666666666666667,4,4.166666666666667,1.5913709063776729,0.9586717902814668,2.321268012495367,1.0410763215870045,1.3467246888229878,4.266666666666667,1.6832249619797233,0.203644,0.079167,0.2795,0.191489,0.666794,-0.975719,0.930685,0.598184,0,-0,0,0,15.32447309123752,8.021205634014578,13.834241602241056,15.370717159332008,9.544968688253102,1.647978555794594
STU_000914,EHTN 11,2025F,S01,INST_EHTN11_01,2025F,20253,EHTN 11__2025F,EHTN 11__2025F__S01,1,post,3.3,0.9314202872713531,4.25,4.2,3.8333333333333335,4,4,1.3413689445301433,1.3314885976131483,0.7096189496222199,1.0410763215870045,1.0265815244696759,4.066666666666666,1.2465083672276438,0.203644,0.079167,0.2795,0.191489,0.666794,-0.975719,0.930685,0.598184,0.666794,-0.975719,0.930685,0.598184,11.23081871074224,6.156355052250664,9.6647379073723,11.260999531480232,6.955228800301979,1.1985857883086568
STU_001216,EHTN 11,2025F,S01,INST_EHTN11_01,2025F,20253,EHTN 11__2025F,EHTN 11__2025F__S01,1,post,3.7,1.4344225295449842,3.375,2.6,2.8333333333333335,2.8,2.8333333333333335,-0.40864478840256285,-1.6510458610403016,-1.2243599258255562,-1.205356254901651,-1.214420626003504,2.933333333333333,-1.228219003034139,0.203644,0.079167,0.2795,0.191489,0.666794,-0.975719,0.930685,0.598184,0.666794,-0.975719,0.930685,0.598184,-10.584710865867038,-6.163597571165414,-9.650000982487526,-11.05453021267954,-6.896934752770051,-1.170775376660668
STU_001395,EHTN 11,2025F,S01,INST_EHTN11_01,2025F,20253,EHTN 11__2025F,EHTN 11__2025F__S01,1,post,2.3,-0.3260853184127238,2.5,3.6,2.8333333333333335,3.2,3,-2.158658521335269,0.21303817561810445,-1.2243599258255562,-0.4565453960720986,-0.8942774616501927,2.966666666666667,-1.1554329039087916,0.203644,0.079167,0.2795,0.191489,0.666794,-0.975719,0.930685,0.598184,0.666794,-0.975719,0.930685,0.598184,-10.94657944867817,-5.0629443867900825,-9.317424890803029,-10.449585908285059,-6.502853668136088,-1.1280667397933473
STU_000216,EHTN 11,2025F,S01,INST_EHTN11_01,2025F,20253,EHTN 11__2025F,EHTN 11__2025F__S01,1,post,3.7,1.4344225295449842,3.375,2.8,3.5,3.4,3.3333333333333335,-0.40864478840256285,-1.278229053708621,0.06495932447296097,-0.08213996665732322,-0.2539911329435696,3.3,-0.4275719126553268,0.203644,0.079167,0.2795,0.191489,0.666794,-0.975719,0.930685,0.598184,0.666794,-0.975719,0.930685,0.598184,-3.694005072843831,-2.4881677282389623,-3.0859692229458413,-3.66966636228674,-2.2417961927981054,-0.39745155715238023
STU_001274,EHTN 11,2025F,S01,INST_EHTN11_01,2025F,20253,EHTN 11__2025F,EHTN 11__2025F__S01,1,post,3,0.5541686055661302,4,4.6,3.8333333333333335,4,3.8333333333333335,0.8413650208350845,2.07712221227651,0.7096189496222199,1.0410763215870045,0.7064383601163647,4.033333333333333,1.1737222681022974,0.203644,0.079167,0.2795,0.191489,0.666794,-0.975719,0.930685,0.598184,0.666794,-0.975719,0.930685,0.598184,10.3647674518341,6.242299610158231,9.1028618164826,10.591544434598068,6.387324478325621,1.1260834885200273
STU_000618,EHTN 11,2025F,S01,INST_EHTN11_01,2025F,20253,EHTN 11__2025F,EHTN 11__2025F__S01,1,post,3,0.5541686055661302,3.875,3.8,3.8333333333333335,3.6,3.8333333333333335,0.5913630589875549,0.5858549829497852,0.7096189496222199,0.29226546275745297,0.7064383601163647,3.8,0.6642195742248714,0.203644,0.079167,0.2795,0.191489,0.666794,-0.975719,0.930685,0.598184,0.666794,-0.975719,0.930685,0.598184,5.89822805212492,3.2053710846522403,5.239051064555761,5.883756147715421,3.7524878242145077,0.6344355662911044
STU_000006,EHTN 11,2025F,S01,INST_EHTN11_01,2025F,20253,EHTN 11__2025F,EHTN 11__2025F__S01,1,post,4,1.8116742112502071,3.75,3.6,3.6666666666666665,3.2,3.5,0.3413610971400255,0.21303817561810445,0.38728913704759005,-0.4565453960720986,0.06615203140974155,3.566666666666667,0.15471688034744646,0.203644,0.079167,0.2795,0.191489,0.666794,-0.975719,0.930685,0.598184,0.666794,-0.975719,0.930685,0.598184,1.205169602060776,0.651163805414202,1.1138507974721747,0.9919306386241034,0.7042974045713041,0.12296836141146697
STU_000368,EHTN 11,2025F,S02,INST_EHTN11_02,2025F,20253,EHTN 11__2025F,EHTN 11__2025F__S02,1,post,2.7,0.17691692386090738,3.875,3.6,3.6666666666666665,3.8,3.5,0.5913630589875549,0.21303817561810445,0.38728913704759005,0.6666708921722283,0.06615203140974155,3.7,0.4458612768488326,0.203644,0.079167,0.2795,0.191489,0.666794,-0.975719,0.930685,0.598184,0.666794,-0.975719,0.930685,0.598184,4.081085870320375,2.0634309664461576,3.5218837101058287,4.102161777372143,2.2976179707572184,0.42880320901059255
STU_000601,EHTN 11,2025F,S02,INST_EHTN11_02,2025F,20253,EHTN 11__2025F,EHTN 11__2025F__S02,1,post,4,1.8116742112502071,3.75,3.8,3.5,3.6,3.5,0.3413610971400255,0.5858549829497852,0.06495932447296097,0.29226546275745297,0.06615203140974155,3.6333333333333333,0.300289078598139,0.203644,0.079167,0.2795,0.191489,0.666794,-0.975719,0.930685,0.598184,0.666794,-0.975719,0.930685,0.598184,2.4566747218631333,1.4759924839128906,2.0703798307372705,2.4672128654859744,1.4009610120617824,0.2609404576618385
STU_001057,EHTN 11,2025F,S02,INST_EHTN11_02,2025F,20253,EHTN 11__2025F,EHTN 11__2025F__S02,1,post,3.3,0.9314202872713531,3.875,3.4,3.5,3.4,3.6666666666666665,0.5913630589875549,-0.1597786317135771,0.06495932447296097,-0.08213996665732322,0.3862951957630527,3.6,0.22750297947279274,0.203644,0.079167,0.2795,0.191489,0.666794,-0.975719,0.930685,0.598184,0.666794,-0.975719,0.930685,0.598184,2.027454723728533,0.8346074497354143,1.593579547875056,1.8179564249612898,1.292696120865674,0.20165576083648212
STU_000424,EHTN 11,2025F,S02,INST_EHTN11_02,2025F,20253,EHTN 11__2025F,EHTN 11__2025F__S02,1,post,3,0.5541686055661302,3.125,3.6,3.3333333333333335,2.8,3.5,-0.9086487120976218,0.21303817561810445,-0.25737048810166807,-1.205356254901651,0.06615203140974155,3.2666666666666666,-0.5003580117806731,0.203644,0.079167,0.2795,0.191489,0.666794,-0.975719,0.930685,0.598184,0.666794,-0.975719,0.930685,0.598184,-4.705629762175814,-2.1251061062143686,-3.923558494701401,-4.790982017047157,-2.583616512004222,-0.487104229725622
STU_000615,EHTN 11,2025F,S02,INST_EHTN11_02,2025F,20253,EHTN 11__2025F,EHTN 11__2025F__S02,1,post,3,0.5541686055661302,3.625,3.6,3.3333333333333335,3.6,3.5,0.09135913529249606,0.21303817561810445,-0.25737048810166807,0.29226546275745297,0.06615203140974155,3.533333333333333,0.0819307812220992,0.203644,0.079167,0.2795,0.191489,0.666794,-0.975719,0.930685,0.598184,0.666794,-0.975719,0.930685,0.598184,0.4819349196593572,0.3104045777298906,0.28521510618394624,0.5351440945274798,0.290710328175118,0.050150921522260215
STU_000429,EHTN 11,2025F,S02,INST_EHTN11_02,2025F,20253,EHTN 11__2025F,EHTN 11__2025F__S02,1,post,3,0.5541686055661302,4.125,4.2,4,4.2,4,1.0913669826826138,1.3314885976131483,1.031948762196849,1.4154817510017808,1.0265815244696759,4.1,1.31929446635299,0.203644,0.079167,0.2795,0.191489,0.666794,-0.975719,0.930685,0.598184,0.666794,-0.975719,0.930685,0.598184,11.867471660363666,6.5609360284947416,10.443763756541058,12.128852442949386,7.3972077033291965,1.2818429525894681
STU_000205,EHTN 11,2025F,S02,INST_EHTN11_02,2025F,20253,EHTN 11__2025F,EHTN 11__2025F__S02,1,post,3.7,1.4344225295449842,3.375,3.4,4,3.8,3.5,-0.40864478840256285,-0.1597786317135771,1.031948762196849,0.6666708921722283,0.06615203140974155,3.6,0.22750297947279274,0.203644,0.079167,0.2795,0.191489,0.666794,-0.975719,0.930685,0.598184,0.666794,-0.975719,0.930685,0.598184,1.6922431382996825,0.862437334946102,2.0472074087265346,2.1090039643152823,1.1482897580332188,0.21042458471201284
STU_001169,EHTN 11,2025F,S03,INST_EHTN11_03,2025F,20253,EHTN 11__2025F,EHTN 11__2025F__S03,1,post,2.7,0.17691692386090738,3,3,3.3333333333333335,3.2,3.5,-1.1586506739451512,-0.9054122463769394,-0.25737048810166807,-0.4565453960720986,0.06615203140974155,3.2,-0.6459302100313656,0.203644,0.079167,0.2795,0.191489,0.666794,-0.975719,0.930685,0.598184,0.666794,-0.975719,0.930685,0.598184,-6.085349345693076,-3.3666862561067825,-5.02982686594964,-5.892236284997145,-3.336453208449622,-0.6294299438446022
STU_000476,EHTN 11,2025F,S03,INST_EHTN11_03,2025F,20253,EHTN 11__2025F,EHTN 11__2025F__S03,1,post,3.7,1.4344225295449842,3.75,3.4,3.3333333333333335,4,3.5,0.3413610971400255,-0.1597786317135771,-0.25737048810166807,1.0410763215870045,0.06615203140974155,3.6,0.22750297947279274,0.203644,0.079167,0.2795,0.191489,0.666794,-0.975719,0.930685,0.598184,0.666794,-0.975719,0.930685,0.598184,1.9491365196379107,0.8361831942461835,1.4966052482503436,2.1388392464464454,1.089539039675694,0.20273329965786305
STU_000703,EHTN 11,2025F,S03,INST_EHTN11_03,2025F,20253,EHTN 11__2025F,EHTN 11__2025F__S03,1,post,3.3,0.9314202872713531,4,3.2,3.1666666666666665,4.2,3.5,0.8413650208350845,-0.5325954390452579,-0.5797003006762981,1.4154817510017808,0.06615203140974155,3.6333333333333333,0.300289078598139,0.203644,0.079167,0.2795,0.191489,0.666794,-0.975719,0.930685,0.598184,0.666794,-0.975719,0.930685,0.598184,2.6414741494257763,0.9117753667114721,1.7753379578872723,2.7535663427027823,1.4042488236076514,0.25825091769441866
STU_000267,EHTN 11,2025F,S03,INST_EHTN11_03,2025F,20253,EHTN 11__2025F,EHTN 11__2025F__S03,1,post,3.7,1.4344225295449842,4,3.8,3.5,3.8,3.3333333333333335,0.8413650208350845,0.5858549829497852,0.06495932447296097,0.6666708921722283,-0.2539911329435696,3.7,0.4458612768488326,0.203644,0.079167,0.2795,0.191489,0.666794,-0.975719,0.930685,0.598184,0.666794,-0.975719,0.930685,0.598184,3.892402998344088,2.1067686056725843,3.1402369569863637,3.8252048501304103,1.9929999449464804,0.3987684147804474
STU_001155,EHTN 11,2025F,S03,INST_EHTN11_03,2025F,20253,EHTN 11__2025F,EHTN 11__2025F__S03,1,post,4,1.8116742112502071,3.875,3.4,3.5,3.6,2.6666666666666665,0.5913630589875549,-0.1597786317135771,0.06495932447296097,0.29226546275745297,-1.534563790356816,3.433333333333333,-0.13642751615394064,0.203644,0.079167,0.2795,0.191489,0.666794,-0.975719,0.930685,0.598184,0.666794,-0.975719,0.930685,0.598184,-0.8635500210592273,-0.6688690657955626,-0.9554869917280884,-1.0610463671419457,-1.4571721813103897,-0.12511109010878543
STU_001361,EHTN 11,2025F,S03,INST_EHTN11_03,2025F,20253,EHTN 11__2025F,EHTN 11__2025F__S03,1,post,3.7,1.4344225295449842,3.5,3.4,4,3.8,3.8333333333333335,-0.1586428265550334,-0.1597786317135771,1.031948762196849,0.6666708921722283,0.7064383601163647,3.7,0.4458612768488326,0.203644,0.079167,0.2795,0.191489,0.666794,-0.975719,0.930685,0.598184,0.666794,-0.975719,0.930685,0.598184,3.768162318612791,1.8854369665232231,3.7681234774839667,4.113891743332448,2.6366782914318647,0.42980022384369954
STU_001277,EHTN 11,2025F,S03,INST_EHTN11_03,2025F,20253,EHTN 11__2025F,EHTN 11__2025F__S03,1,post,3.7,1.4344225295449842,4.125,4,3.8333333333333335,3.8,4,1.0913669826826138,0.9586717902814668,0.7096189496222199,0.6666708921722283,1.0265815244696759,3.966666666666667,1.0281500698516048,0.203644,0.079167,0.2795,0.191489,0.666794,-0.975719,0.930685,0.598184,0.666794,-0.975719,0.930685,0.598184,9.114927709448738,4.940610384504549,7.888238307040815,9.086624226744778,5.717788333575273,0.9728070700770041
STU_000606,ENGL 20,2024SP,S01,INST_ENGL20_01,2025F,20241,ENGL 20__2024SP,ENGL 20__2024SP__S01,0,pre,3.3,0.9314202872713531,3.75,4,3.8333333333333335,3.8,3.5,0.3413610971400255,0.9586717902814668,0.7096189496222199,0.6666708921722283,0.06615203140974155,3.7666666666666666,0.5914334750995252,0.101917,0.184062,0.112636,0.125133,-1.029592,0.007896,-0.702257,-1.637386,-0,0,-0,-0,5.406904563218221,3.199866932822602,4.941809568800971,5.590330479452339,3.156826564722754,0.59040456570899
STU_001163,ENGL 20,2024SP,S01,INST_ENGL20_01,2025F,20241,ENGL 20__2024SP,ENGL 20__2024SP__S01,0,pre,1.7,-1.0805886818231698,3.75,3.8,3.8333333333333335,4,3.6666666666666665,0.3413610971400255,0.5858549829497852,0.7096189496222199,1.0410763215870045,0.3862951957630527,3.8,0.6642195742248714,0.101917,0.184062,0.112636,0.125133,-1.029592,0.007896,-0.702257,-1.637386,-0,0,-0,-0,6.007753036274889,3.2996904094905326,5.483616005946014,6.325373677545805,3.8085027628660653,0.6609311287800892
STU_001457,ENGL 20,2024SP,S02,INST_ENGL20_02,2025F,20241,ENGL 20__2024SP,ENGL 20__2024SP__S02,0,pre,2,-0.7033370001179466,3.375,3.4,3.6666666666666665,3.2,3,-0.40864478840256285,-0.1597786317135771,0.38728913704759005,-0.4565453960720986,-0.8942774616501927,3.3333333333333335,-0.3547858135299795,0.101917,0.184062,0.112636,0.125133,-1.029592,0.007896,-0.702257,-1.637386,-0,0,-0,-0,-3.0798524359284034,-1.588971676954335,-2.419295527883253,-3.1398439611457865,-2.2308593159651853,-0.3286173561585478
STU_001063,ENGL 20,2024SP,S02,INST_ENGL20_02,2025F,20241,ENGL 20__2024SP,ENGL 20__2024SP__S02,0,pre,3,0.5541686055661302,3.375,3.6,3,3,3.3333333333333335,-0.40864478840256285,0.21303817561810445,-0.9020301132509271,-0.8309508254868748,-0.2539911329435696,3.2666666666666666,-0.5003580117806731,0.101917,0.184062,0.112636,0.125133,-1.029592,0.007896,-0.702257,-1.637386,-0,0,-0,-0,-4.235523314349361,-1.9855812388999499,-3.910130179555436,-4.407471149609833,-2.5131200653810235,-0.456551441720434
STU_000261,ENGL 20,2024SP,S03,INST_ENGL20_03,2025F,20241,ENGL 20__2024SP,ENGL 20__2024SP__S03,0,pre,2.7,0.17691692386090738,3.625,3.4,3.5,2.8,3.8333333333333335,0.09135913529249606,-0.1597786317135771,0.06495932447296097,-1.205356254901651,0.7064383601163647,3.466666666666667,-0.06364141702859338,0.101917,0.184062,0.112636,0.125133,-1.029592,0.007896,-0.702257,-1.637386,-0,0,-0,-0,-0.7792038544015941,-0.4923788346787602,-0.7046464299572662,-1.1669552778266743,-0.15084989894429743,-0.09082208360286373
STU_000917,ENGL 20,2024SP,S03,INST_ENGL20_03,2025F,20241,ENGL 20__2024SP,ENGL 20__2024SP__S03,0,pre,1.7,-1.0805886818231698,3,3.6,3.1666666666666665,3,2.8333333333333335,-1.1586506739451512,0.21303817561810445,-0.5797003006762981,-0.8309508254868748,-1.214420626003504,3.1,-0.8642885074074055,0.101917,0.184062,0.112636,0.125133,-1.029592,0.007896,-0.702257,-1.637386,-0,0,-0,-0,-8.021472727853103,-3.7771216953855777,-6.866277155404663,-7.988562349224645,-5.177794676472838,-0.8471238466394827
STU_001097,ENGL 20,2024SP,S04,INST_ENGL20_01,2025F,20241,ENGL 20__2024SP,ENGL 20__2024SP__S04,0,pre,2,-0.7033370001179466,2.25,2.2,2.1666666666666665,2,2,-2.658662445030328,-2.396679475703664,-2.513679176124074,-2.702977972560754,-2.8151364477700613,2.1333333333333333,-2.9750853820424554,0.101917,0.184062,0.112636,0.125133,-1.029592,0.007896,-0.702257,-1.637386,-0,0,-0,-0,-25.38892802357307,-13.701900103732061,-22.374020676691853,-25.770888442450648,-16.028957678616184,-2.736010714053858
STU_000040,ENGL 20,2024SP,S04,INST_ENGL20_01,2025F,20241,ENGL 20__2024SP,ENGL 20__2024SP__S04,0,pre,1.3,-1.5835909240968005,2.625,2.2,2.6666666666666665,2.4,2.8333333333333335,-1.9086565594877396,-2.396679475703664,-1.546689738400186,-1.9541671137312024,-1.214420626003504,2.566666666666667,-2.02886609341295,0.101917,0.184062,0.112636,0.125133,-1.029592,0.007896,-0.702257,-1.637386,-0,0,-0,-0,-17.660601160568437,-9.823868121532378,-15.492343766177157,-17.937969009982094,-10.798766187987665,-1.899694643904978
STU_001282,ENGL 20,2024SP,S04,INST_ENGL20_01,2025F,20241,ENGL 20__2024SP,ENGL 20__2024SP__S04,0,pre,2.7,0.17691692386090738,3.75,4,4.166666666666667,3,3.8333333333333335,0.3413610971400255,0.9586717902814668,1.354278574771479,-0.8309508254868748,0.7064383601163647,3.7666666666666666,0.5914334750995252,0.101917,0.184062,0.112636,0.125133,-1.029592,0.007896,-0.702257,-1.637386,-0,0,-0,-0,5.11768182122164,3.07449284771201,4.931666356514766,4.882893380027282,3.3548772241701,0.5608207579023453
STU_001447,ENGL 20,2024SP,S04,INST_ENGL20_01,2025F,20241,ENGL 20__2024SP,ENGL 20__2024SP__S04,0,pre,2.7,0.17691692386090738,3.375,2.4,2.3333333333333335,3.2,2.8333333333333335,-0.40864478840256285,-2.0238626683719834,-2.191349363549444,-0.4565453960720986,-1.214420626003504,2.8666666666666667,-1.3737912012848315,0.101917,0.184062,0.112636,0.125133,-1.029592,0.007896,-0.702257,-1.637386,-0,0,-0,-0,-11.573953764354256,-6.904467513760263,-10.907880184764934,-11.894436134946572,-7.525158142403488,-1.286266425092546
STU_001537,ENGL 20,2024SP,S04,INST_ENGL20_01,2025F,20241,ENGL 20__2024SP,ENGL 20__2024SP__S04,0,pre,2.3,-0.3260853184127238,3.5,3.4,3.1666666666666665,4.4,4.166666666666667,-0.1586428265550334,-0.1597786317135771,-0.5797003006762981,1.789887180416557,1.3467246888229878,3.7,0.4458612768488326,0.101917,0.184062,0.112636,0.125133,-1.029592,0.007896,-0.702257,-1.637386,-0,0,-0,-0,3.5886188230754117,1.8090409841823838,3.0176096796828804,4.286557095644256,2.9012388734506525,0.41307101224156323
STU_001293,ENGL 20,2024SP,S04,INST_ENGL20_01,2025F,20241,ENGL 20__2024SP,ENGL 20__2024SP__S04,0,pre,1.7,-1.0805886818231698,3.875,4,3.8333333333333335,3.8,4.333333333333333,0.5913630589875549,0.9586717902814668,0.7096189496222199,0.6666708921722283,1.6668678531762982,3.966666666666667,1.0281500698516048,0.101917,0.184062,0.112636,0.125133,-1.029592,0.007896,-0.702257,-1.637386,-0,0,-0,-0,8.894239982479341,4.936809140310125,7.893248101396967,9.080863606517191,6.093027242803145,0.9731352910255119
STU_001482,ENGL 20,2024SP,S05,INST_ENGL20_02,2025F,20241,ENGL 20__2024SP,ENGL 20__2024SP__S05,0,pre,3.3,0.9314202872713531,4.125,3.8,3.6666666666666665,3.6,3.3333333333333335,1.0913669826826138,0.5858549829497852,0.38728913704759005,0.29226546275745297,-0.2539911329435696,3.7333333333333334,0.5186473759741789,0.101917,0.184062,0.112636,0.125133,-1.029592,0.007896,-0.702257,-1.637386,-0,0,-0,-0,4.845275112061983,2.5312053604534217,4.017662370108838,4.575240177439459,2.454897539696519,0.49149755103200204
STU_001085,ENGL 20,2024SP,S06,INST_ENGL20_03,2025F,20241,ENGL 20__2024SP,ENGL 20__2024SP__S06,0,pre,1.3,-1.5835909240968005,2.5,2.4,3.1666666666666665,3,2.1666666666666665,-2.158658521335269,-2.0238626683719834,-0.5797003006762981,-0.8309508254868748,-2.49499328341675,2.6333333333333333,-1.8832938951622573,0.101917,0.184062,0.112636,0.125133,-1.029592,0.007896,-0.702257,-1.637386,-0,0,-0,-0,-16.478767560381517,-9.002762217263477,-13.966977803258255,-16.274349006322367,-10.636600086606652,-1.7528925746352122
STU_001237,ENGL 20,2024SP,S06,INST_ENGL20_03,2025F,20241,ENGL 20__2024SP,ENGL 20__2024SP__S06,0,pre,3,0.5541686055661302,3.875,3.8,3.8333333333333335,3.8,3.8333333333333335,0.5913630589875549,0.5858549829497852,0.7096189496222199,0.6666708921722283,0.7064383601163647,3.8333333333333335,0.7370056733502187,0.101917,0.184062,0.112636,0.125133,-1.029592,0.007896,-0.702257,-1.637386,-0,0,-0,-0,6.4938872437030355,3.5026521916225373,5.77579620119196,6.637318593407938,4.130730211862239,0.7032447728602067
STU_000342,ENGL 20,2024SP,S06,INST_ENGL20_03,2025F,20241,ENGL 20__2024SP,ENGL 20__2024SP__S06,0,pre,0,-3.2183482114861004,2.625,2,2.6666666666666665,2.6,3,-1.9086565594877396,-2.7694962830353456,-1.546689738400186,-1.5797616843164264,-0.8942774616501927,2.6,-1.9560799942876037,0.101917,0.184062,0.112636,0.125133,-1.029592,0.007896,-0.702257,-1.637386,-0,0,-0,-0,-17.269943297945108,-9.836448297286118,-15.097258365901887,-17.390711213734065,-10.404518934672556,-1.852363977522012
STU_001550,ENGL 20,2024SP,S07,INST_ENGL20_01,2025F,20241,ENGL 20__2024SP,ENGL 20__2024SP__S07,0,pre,1.3,-1.5835909240968005,2.25,1.8,2.5,3,2.1666666666666665,-2.658662445030328,-3.1423130903670264,-1.869019550974815,-0.8309508254868748,-2.49499328341675,2.3333333333333335,-2.5383687872903757,0.101917,0.184062,0.112636,0.125133,-1.029592,0.007896,-0.702257,-1.637386,-0,0,-0,-0,-21.803729989439617,-12.166890082914973,-18.96172255879192,-21.55224378162662,-13.72420339073155,-2.3305074438028046
STU_001445,ENGL 20,2024SP,S08,INST_ENGL20_02,2025F,20241,ENGL 20__2024SP,ENGL 20__2024SP__S08,0,pre,3.3,0.9314202872713531,3.75,3.4,3.5,3.6,3,0.3413610971400255,-0.1597786317135771,0.06495932447296097,0.29226546275745297,-0.8942774616501927,3.466666666666667,-0.06364141702859338,0.101917,0.184062,0.112636,0.125133,-1.029592,0.007896,-0.702257,-1.637386,-0,0,-0,-0,-0.5425797176182063,-0.4288903430794673,-0.5811153317361061,-0.6097820745634719,-0.8854147802041065,-0.07586813272596929
STU_001148,ENGL 20,2024SP,S08,INST_ENGL20_02,2025F,20241,ENGL 20__2024SP,ENGL 20__2024SP__S08,0,pre,2.7,0.17691692386090738,3.25,2.8,3.6666666666666665,3.4,3.5,-0.6586467502500923,-1.278229053708621,0.38728913704759005,-0.08213996665732322,0.06615203140974155,3.3333333333333335,-0.3547858135299795,0.101917,0.184062,0.112636,0.125133,-1.029592,0.007896,-0.702257,-1.637386,-0,0,-0,-0,-3.3627283826652166,-2.227908605683052,-2.5771851447101053,-3.198298378452727,-1.8505319887660834,-0.34675334057099155
STU_000967,ENGL 20,2024SP,S09,INST_ENGL20_03,2025F,20241,ENGL 20__2024SP,ENGL 20__2024SP__S09,0,pre,2.7,0.17691692386090738,2.75,3,2.8333333333333335,2.8,3,-1.65865459764021,-0.9054122463769394,-1.2243599258255562,-1.205356254901651,-0.8942774616501927,2.8666666666666667,-1.3737912012848315,0.101917,0.184062,0.112636,0.125133,-1.029592,0.007896,-0.702257,-1.637386,-0,0,-0,-0,-12.303026436281835,-6.442424123172445,-10.730866528916188,-12.294304954357703,-7.486229960084966,-1.3080256296111472
STU_001175,ENGL 20,2024F,S01,INST_ENGL20_01,2025F,20243,ENGL 20__2024F,ENGL 20__2024F__S01,0,pre,2.7,0.17691692386090738,4,3.6,3.6666666666666665,4.2,3.5,0.8413650208350845,0.21303817561810445,0.38728913704759005,1.4154817510017808,0.06615203140974155,3.8,0.6642195742248714,0.101917,0.184062,0.112636,0.125133,-1.029592,0.007896,-0.702257,-1.637386,-0,0,-0,-0,5.857232903174197,2.9254214998461068,5.013877913301019,6.067395079780552,3.3541831522542727,0.620434154554954
STU_001119,ENGL 20,2024F,S01,INST_ENGL20_01,2025F,20243,ENGL 20__2024F,ENGL 20__2024F__S01,0,pre,3.3,0.9314202872713531,3.875,3.8,4,3.6,3.5,0.5913630589875549,0.5858549829497852,1.031948762196849,0.29226546275745297,0.06615203140974155,3.7666666666666666,0.5914334750995252,0.101917,0.184062,0.112636,0.125133,-1.029592,0.007896,-0.702257,-1.637386,-0,0,-0,-0,5.0754153431630975,2.7782617967320453,4.632911181782144,5.051719546118794,2.932391943851185,0.5435766829408175
STU_000048,ENGL 20,2024F,S02,INST_ENGL20_02,2025F,20243,ENGL 20__2024F,ENGL 20__2024F__S02,0,pre,3.7,1.4344225295449842,4.25,4,3.6666666666666665,4.4,4,1.3413689445301433,0.9586717902814668,0.38728913704759005,1.789887180416557,1.0265815244696759,4.066666666666666,1.2465083672276438,0.101917,0.184062,0.112636,0.125133,-1.029592,0.007896,-0.702257,-1.637386,-0,0,-0,-0,11.17631545811053,5.937092931310654,9.478491441296361,11.431893319353412,6.945485375762384,1.1933434475803404
STU_000297,ENGL 20,2024F,S02,INST_ENGL20_02,2025F,20243,ENGL 20__2024F,ENGL 20__2024F__S02,0,pre,2.3,-0.3260853184127238,3.125,2.6,3,2.6,3,-0.9086487120976218,-1.6510458610403016,-0.9020301132509271,-1.5797616843164264,-0.8942774616501927,2.9,-1.301005102159485,0.101917,0.184062,0.112636,0.125133,-1.029592,0.007896,-0.702257,-1.637386,-0,0,-0,-0,-11.408661633368608,-6.501242350214977,-10.088794339799335,-11.789866659881572,-7.103388589980139,-1.2407498719114778
STU_000614,ENGL 20,2024F,S03,INST_ENGL20_03,2025F,20243,ENGL 20__2024F,ENGL 20__2024F__S03,0,pre,3.3,0.9314202872713531,3.75,3.8,4.166666666666667,3.8,4,0.3413610971400255,0.5858549829497852,1.354278574771479,0.6666708921722283,1.0265815244696759,3.9,0.8825778716009113,0.101917,0.184062,0.112636,0.125133,-1.029592,0.007896,-0.702257,-1.637386,-0,0,-0,-0,7.532488059680162,4.102602463455974,7.028518419058308,7.806098248900146,5.015655901685442,0.8330174120417445
STU_001053,ENGL 20,2024F,S04,INST_ENGL20_01,2025F,20243,ENGL 20__2024F,ENGL 20__2024F__S04,0,pre,2,-0.7033370001179466,3.875,3.2,3.5,3.6,3.3333333333333335,0.5913630589875549,-0.5325954390452579,0.06495932447296097,0.29226546275745297,-0.2539911329435696,3.533333333333333,0.0819307812220992,0.101917,0.184062,0.112636,0.125133,-1.029592,0.007896,-0.702257,-1.637386,-0,0,-0,-0,1.0715769168760236,0.10154762405749737,0.7016894594409605,0.8831140693377814,0.32923662567560263,0.0878405121349256
STU_001179,ENGL 20,2024F,S04,INST_ENGL20_01,2025F,20243,ENGL 20__2024F,ENGL 20__2024F__S04,0,pre,0.7,-2.338094287507247,3.25,3.6,3.5,2.6,3.3333333333333335,-0.6586467502500923,0.21303817561810445,0.06495932447296097,-1.5797616843164264,-0.2539911329435696,3.2666666666666666,-0.5003580117806731,0.101917,0.184062,0.112636,0.125133,-1.029592,0.007896,-0.702257,-1.637386,-0,0,-0,-0,-4.94168679048538,-2.30203774585234,-4.07853614096062,-5.212701561830807,-2.9377747878005533,-0.5215792564803133
STU_001408,ENGL 20,2024F,S04,INST_ENGL20_01,2025F,20243,ENGL 20__2024F,ENGL 20__2024F__S04,0,pre,3,0.5541686055661302,3.625,3.2,3.6666666666666665,3.2,3.6666666666666665,0.09135913529249606,-0.5325954390452579,0.38728913704759005,-0.4565453960720986,0.3862951957630527,3.5,0.009144682096752907,0.101917,0.184062,0.112636,0.125133,-1.029592,0.007896,-0.702257,-1.637386,-0,0,-0,-0,-0.12363094944801958,-0.3655853548110768,0.01075573233142396,-0.2784903744970415,0.08311327120879745,-0.01670546237373348
STU_001547,ENGL 20,2024F,S04,INST_ENGL20_01,2025F,20243,ENGL 20__2024F,ENGL 20__2024F__S04,0,pre,2.7,0.17691692386090738,3.875,3.2,3.5,3.4,3,0.5913630589875549,-0.5325954390452579,0.06495932447296097,-0.08213996665732322,-0.8942774616501927,3.433333333333333,-0.13642751615394064,0.101917,0.184062,0.112636,0.125133,-1.029592,0.007896,-0.702257,-1.637386,-0,0,-0,-0,-0.7348416495641885,-0.8039818024159587,-0.8742962271678493,-1.0579853798590018,-1.0409979600685768,-0.11303945575105345
STU_001429,ENGL 20,2024F,S05,INST_ENGL20_02,2025F,20243,ENGL 20__2024F,ENGL 20__2024F__S05,0,pre,3,0.5541686055661302,3.25,3.6,2.8333333333333335,3.6,3,-0.6586467502500923,0.21303817561810445,-1.2243599258255562,0.29226546275745297,-0.8942774616501927,3.2333333333333334,-0.5731441109060194,0.101917,0.184062,0.112636,0.125133,-1.029592,0.007896,-0.702257,-1.637386,-0,0,-0,-0,-5.450434745207726,-2.5472878726982913,-5.028031256792775,-5.2311038060895685,-3.57608800988015,-0.5801106281058565
STU_000121,ENGL 20,2024F,S06,INST_ENGL20_03,2025F,20243,ENGL 20__2024F,ENGL 20__2024F__S06,0,pre,1.7,-1.0805886818231698,2.875,2.4,2.6666666666666665,2.2,2.3333333333333335,-1.4086526357926807,-2.0238626683719834,-1.546689738400186,-2.328572543145978,-2.1748501190634384,2.533333333333333,-2.1016521925382974,0.101917,0.184062,0.112636,0.125133,-1.029592,0.007896,-0.702257,-1.637386,-0,0,-0,-0,-18.08204637776321,-9.98776509289586,-16.015058662441437,-18.67649897181904,-11.645713979950257,-1.969109418894787
STU_000611,ENGL 20,2024F,S07,INST_ENGL20_01,2025F,20243,ENGL 20__2024F,ENGL 20__2024F__S07,0,pre,2.3,-0.3260853184127238,3.5,3,3.1666666666666665,3.6,3,-0.1586428265550334,-0.9054122463769394,-0.5797003006762981,0.29226546275745297,-0.8942774616501927,3.2666666666666666,-0.5003580117806731,0.101917,0.184062,0.112636,0.125133,-1.029592,0.007896,-0.702257,-1.637386,-0,0,-0,-0,-4.55401856870863,-2.7691735031370195,-4.184684529787054,-4.530083668335944,-3.1890318027780333,-0.503777556510542
STU_000706,ENGL 20,2024F,S08,INST_ENGL20_02,2025F,20243,ENGL 20__2024F,ENGL 20__2024F__S08,0,pre,2.3,-0.3260853184127238,2.875,2.6,2.5,2,2.3333333333333335,-1.4086526357926807,-1.6510458610403016,-1.869019550974815,-2.702977972560754,-2.1748501190634384,2.5,-2.1744382916636433,0.101917,0.184062,0.112636,0.125133,-1.029592,0.007896,-0.702257,-1.637386,-0,0,-0,-0,-18.77555371397358,-10.199016757978562,-16.75887793452159,-19.475676317590562,-12.08052224532621,-2.0476630924259824
STU_001096,ENGL 20,2024F,S08,INST_ENGL20_02,2025F,20243,ENGL 20__2024F,ENGL 20__2024F__S08,0,pre,2.7,0.17691692386090738,3.5,3.2,3.5,3,3.1666666666666665,-0.1586428265550334,-0.5325954390452579,0.06495932447296097,-0.8309508254868748,-0.5741342972968816,3.3,-0.4275719126553268,0.101917,0.184062,0.112636,0.125133,-1.029592,0.007896,-0.702257,-1.637386,-0,0,-0,-0,-3.770295731825779,-2.1674491355723084,-3.2537872677697335,-4.038235722202281,-2.5160820530175423,-0.41586305261322937
STU_001483,ENGL 20,2024F,S09,INST_ENGL20_03,2025F,20243,ENGL 20__2024F,ENGL 20__2024F__S09,0,pre,2.3,-0.3260853184127238,4.125,4.2,3.6666666666666665,4.4,3.3333333333333335,1.0913669826826138,1.3314885976131483,0.38728913704759005,1.789887180416557,-0.2539911329435696,3.933333333333333,0.9553639707262576,0.101917,0.184062,0.112636,0.125133,-1.029592,0.007896,-0.702257,-1.637386,-0,0,-0,-0,8.797764059783962,4.977564526160911,7.483938545621267,9.09789283061232,4.890515760890598,0.936998156880918
STU_000637,ENGL 20,2024F,S09,INST_ENGL20_03,2025F,20243,ENGL 20__2024F,ENGL 20__2024F__S09,0,pre,2,-0.7033370001179466,3.25,3.2,3.5,3,2.8333333333333335,-0.6586467502500923,-0.5325954390452579,0.06495932447296097,-0.8309508254868748,-1.214420626003504,3.1666666666666665,-0.7187163091567129,0.101917,0.184062,0.112636,0.125133,-1.029592,0.007896,-0.702257,-1.637386,-0,0,-0,-0,-6.499808796361309,-3.459252040056453,-5.46507063592751,-6.632705791307125,-4.363169980911845,-0.6985957560843316
STU_001161,ENGL 20,2024F,S09,INST_ENGL20_03,2025F,20243,ENGL 20__2024F,ENGL 20__2024F__S09,0,pre,2.7,0.17691692386090738,3.875,3.6,3.6666666666666665,4,4.666666666666667,0.5913630589875549,0.21303817561810445,0.38728913704759005,1.0410763215870045,2.307154181882922,3.966666666666667,1.0281500698516048,0.101917,0.184062,0.112636,0.125133,-1.029592,0.007896,-0.702257,-1.637386,-0,0,-0,-0,9.13567390895571,4.678483975414969,7.995783133327241,9.437458715115953,6.611566015008171,1.0002504966193582
STU_000385,ENGL 20,2024F,S09,INST_ENGL20_03,2025F,20243,ENGL 20__2024F,ENGL 20__2024F__S09,0,pre,2,-0.7033370001179466,4,3.8,4.166666666666667,4.2,3.8333333333333335,0.8413650208350845,0.5858549829497852,1.354278574771479,1.4154817510017808,0.7064383601163647,4,1.100936168976951,0.101917,0.184062,0.112636,0.125133,-1.029592,0.007896,-0.702257,-1.637386,-0,0,-0,-0,9.765956571348022,5.1261894435759725,8.809968524216144,10.087920992298208,6.043356613573105,1.0586733377886495
STU_001101,ENGL 20,2024F,S10,INST_ENGL20_01,2025F,20243,ENGL 20__2024F,ENGL 20__2024F__S10,0,pre,2.7,0.17691692386090738,3.125,3.4,2.8333333333333335,3.2,3.3333333333333335,-0.9086487120976218,-0.1597786317135771,-1.2243599258255562,-0.4565453960720986,-0.2539911329435696,3.1666666666666665,-0.7187163091567129,0.101917,0.184062,0.112636,0.125133,-1.029592,0.007896,-0.702257,-1.637386,-0,0,-0,-0,-6.624321408003617,-3.304776880280628,-5.959934246967431,-6.548850346753522,-3.894847065112123,-0.7016695998076872
STU_000084,ENGL 20,2025SP,S01,INST_ENGL20_01,2025F,20251,ENGL 20__2025SP,ENGL 20__2025SP__S01,0,pre,2,-0.7033370001179466,4,3.4,3.8333333333333335,3.6,3.6666666666666665,0.8413650208350845,-0.1597786317135771,0.7096189496222199,0.29226546275745297,0.3862951957630527,3.7333333333333334,0.5186473759741789,0.101917,0.184062,0.112636,0.125133,-1.029592,0.007896,-0.702257,-1.637386,-0,0,-0,-0,4.610221371038619,2.093742292528223,4.016292996903112,4.45784967492653,2.717661993334749,0.4783341264784381
STU_000155,ENGL 20,2025SP,S01,INST_ENGL20_01,2025F,20251,ENGL 20__2025SP,ENGL 20__2025SP__S01,0,pre,3,0.5541686055661302,3.75,3.4,4,3.6,3.8333333333333335,0.3413610971400255,-0.1597786317135771,1.031948762196849,0.29226546275745297,0.7064383601163647,3.7333333333333334,0.5186473759741789,0.101917,0.184062,0.112636,0.125133,-1.029592,0.007896,-0.702257,-1.637386,-0,0,-0,-0,4.481383083681124,2.136811552821606,4.2030637923162955,4.528736917278587,2.96149019466654,0.4870819454848847
STU_001007,ENGL 20,2025SP,S01,INST_ENGL20_01,2025F,20251,ENGL 20__2025SP,ENGL 20__2025SP__S01,0,pre,0,-3.2183482114861004,2.75,2.8,2.1666666666666665,2.2,2.1666666666666665,-1.65865459764021,-1.278229053708621,-2.513679176124074,-2.328572543145978,-2.49499328341675,2.433333333333333,-2.320010489914337,0.101917,0.184062,0.112636,0.125133,-1.029592,0.007896,-0.702257,-1.637386,-0,0,-0,-0,-19.893360826508676,-10.500153382263655,-17.835214109214398,-20.390963761130443,-12.81204517144021,-2.159222923854896
STU_000304,ENGL 20,2025SP,S01,INST_ENGL20_01,2025F,20251,ENGL 20__2025SP,ENGL 20__2025SP__S01,0,pre,3.3,0.9314202872713531,3.75,3.6,3.5,4,3.8333333333333335,0.3413610971400255,0.21303817561810445,0.06495932447296097,1.0410763215870045,0.7064383601163647,3.7333333333333334,0.5186473759741789,0.101917,0.184062,0.112636,0.125133,-1.029592,0.007896,-0.702257,-1.637386,-0,0,-0,-0,4.085537137948305,2.120693538465276,3.519973328022185,4.37006598519708,2.726090675024218,0.4464944040792723
STU_000893,ENGL 20,2025SP,S01,INST_ENGL20_01,2025F,20251,ENGL 20__2025SP,ENGL 20__2025SP__S01,0,pre,0,-3.2183482114861004,3.25,3.2,2.8333333333333335,2.6,3.3333333333333335,-0.6586467502500923,-0.5325954390452579,-1.2243599258255562,-1.5797616843164264,-0.2539911329435696,3.066666666666667,-0.9370746065327518,0.101917,0.184062,0.112636,0.125133,-1.029592,0.007896,-0.702257,-1.637386,-0,0,-0,-0,-8.353427415696219,-4.419272005075257,-7.602445752252853,-8.756600702448644,-5.006510260347498,-0.9087903287394764
STU_001223,ENGL 20,2025SP,S01,INST_ENGL20_01,2025F,20251,ENGL 20__2025SP,ENGL 20__2025SP__S01,0,pre,1.7,-1.0805886818231698,4,3.2,3.1666666666666665,3.4,3.3333333333333335,0.8413650208350845,-0.5325954390452579,-0.5797003006762981,-0.08213996665732322,-0.2539911329435696,3.466666666666667,-0.06364141702859338,0.101917,0.184062,0.112636,0.125133,-1.029592,0.007896,-0.702257,-1.637386,-0,0,-0,-0,-0.5293350166903769,-0.7397048155218664,-1.019202233106618,-0.9228942891478549,-0.6894721312623394,-0.09855463417443154
STU_000755,ENGL 20,2025SP,S01,INST_ENGL20_01,2025F,20251,ENGL 20__2025SP,ENGL 20__2025SP__S01,0,pre,2,-0.7033370001179466,3.625,3.6,3.5,3,3.1666666666666665,0.09135913529249606,0.21303817561810445,0.06495932447296097,-0.8309508254868748,-0.5741342972968816,3.4,-0.20921361527928692,0.101917,0.184062,0.112636,0.125133,-1.029592,0.007896,-0.702257,-1.637386,-0,0,-0,-0,-1.9139332560203577,-0.862825682020282,-1.6756103531302817,-2.223953668655356,-1.4890325509659408,-0.21734001099711048
STU_000730,ENGL 20,2025SP,S02,INST_ENGL20_02,2025F,20251,ENGL 20__2025SP,ENGL 20__2025SP__S02,0,pre,2.7,0.17691692386090738,2.75,3.2,2.6666666666666665,3.2,3.3333333333333335,-1.65865459764021,-0.5325954390452579,-1.546689738400186,-0.4565453960720986,-0.2539911329435696,3,-1.0826468047834452,0.101917,0.184062,0.112636,0.125133,-1.029592,0.007896,-0.702257,-1.637386,-0,0,-0,-0,-9.921506518664126,-5.023893095296746,-8.751872923354862,-9.631105511923876,-5.695451592880645,-1.039189929483186
STU_000808,ENGL 20,2025SP,S02,INST_ENGL20_02,2025F,20251,ENGL 20__2025SP,ENGL 20__2025SP__S02,0,pre,3.7,1.4344225295449842,3.5,3.6,3.8333333333333335,3.8,3.8333333333333335,-0.1586428265550334,0.21303817561810445,0.7096189496222199,0.6666708921722283,0.7064383601163647,3.7,0.4458612768488326,0.101917,0.184062,0.112636,0.125133,-1.029592,0.007896,-0.702257,-1.637386,-0,0,-0,-0,3.7356216644318447,2.0753092510331794,3.643775397866627,4.117442207003581,2.699222752106387,0.42988776897825165
STU_001484,ENGL 20,2025SP,S02,INST_ENGL20_02,2025F,20251,ENGL 20__2025SP,ENGL 20__2025SP__S02,0,pre,2.3,-0.3260853184127238,3.25,3,3,3.2,3.1666666666666665,-0.6586467502500923,-0.9054122463769394,-0.9020301132509271,-0.4565453960720986,-0.5741342972968816,3.1333333333333333,-0.7915024082820592,0.101917,0.184062,0.112636,0.125133,-1.029592,0.007896,-0.702257,-1.637386,-0,0,-0,-0,-7.208712687691066,-4.045458051589136,-6.465543745976982,-7.271995011574519,-4.506870997427172,-0.7802219453759685
STU_001111,ENGL 20,2025SP,S02,INST_ENGL20_02,2025F,20251,ENGL 20__2025SP,ENGL 20__2025SP__S02,0,pre,2.7,0.17691692386090738,3.625,4,3.1666666666666665,3.2,3.1666666666666665,0.09135913529249606,0.9586717902814668,-0.5797003006762981,-0.4565453960720986,-0.5741342972968816,3.433333333333333,-0.13642751615394064,0.101917,0.184062,0.112636,0.125133,-1.029592,0.007896,-0.702257,-1.637386,-0,0,-0,-0,-1.2316535542491873,-0.1645241380288899,-1.3269618858654468,-1.4303999960161176,-1.0447023142634713,-0.1417790231006668
STU_001465,ENGL 20,2025SP,S02,INST_ENGL20_02,2025F,20251,ENGL 20__2025SP,ENGL 20__2025SP__S02,0,pre,1,-1.9608426058020236,2.25,2.6,3,2.4,2.3333333333333335,-2.658662445030328,-1.6510458610403016,-0.9020301132509271,-1.9541671137312024,-2.1748501190634384,2.5,-2.1744382916636433,0.101917,0.184062,0.112636,0.125133,-1.029592,0.007896,-0.702257,-1.637386,-0,0,-0,-0,-19.041547648698312,-10.065055352650704,-16.161745799217297,-19.016936633494684,-11.945126796284828,-2.0204387562748187
STU_000292,ENGL 20,2025SP,S02,INST_ENGL20_02,2025F,20251,ENGL 20__2025SP,ENGL 20__2025SP__S02,0,pre,2.7,0.17691692386090738,4.25,3.6,3.5,3.6,3.6666666666666665,1.3413689445301433,0.21303817561810445,0.06495932447296097,0.29226546275745297,0.3862951957630527,3.7666666666666666,0.5914334750995252,0.101917,0.184062,0.112636,0.125133,-1.029592,0.007896,-0.702257,-1.637386,-0,0,-0,-0,5.347929314553975,2.5468670658556283,4.258637972531491,5.018147311285623,3.079608236418789,0.5397511465288566
STU_000860,ENGL 20,2025SP,S02,INST_ENGL20_02,2025F,20251,ENGL 20__2025SP,ENGL 20__2025SP__S02,0,pre,3,0.5541686055661302,3.375,3.4,3.8333333333333335,3.4,3.5,-0.40864478840256285,-0.1597786317135771,0.7096189496222199,-0.08213996665732322,0.06615203140974155,3.5,0.009144682096752907,0.101917,0.184062,0.112636,0.125133,-1.029592,0.007896,-0.702257,-1.637386,-0,0,-0,-0,-0.24681832086761013,-0.112841584683407,0.20321820339968635,-0.09653513137593879,-0.038267432499918506,-0.007723709571359337
STU_001398,ENGL 20,2025SP,S03,INST_ENGL20_03,2025F,20251,ENGL 20__2025SP,ENGL 20__2025SP__S03,0,pre,1.7,-1.0805886818231698,3,2.8,3.1666666666666665,3,2.8333333333333335,-1.1586506739451512,-1.278229053708621,-0.5797003006762981,-0.8309508254868748,-1.214420626003504,2.966666666666667,-1.1554329039087916,0.101917,0.184062,0.112636,0.125133,-1.029592,0.007896,-0.702257,-1.637386,-0,0,-0,-0,-10.119520715030927,-5.625120583901542,-8.739210894716427,-10.16980054853395,-6.412811018258158,-1.0856577634439215
STU_001386,ENGL 20,2025SP,S03,INST_ENGL20_03,2025F,20251,ENGL 20__2025SP,ENGL 20__2025SP__S03,0,pre,2.7,0.17691692386090738,4.125,3.2,3.8333333333333335,3.6,3.3333333333333335,1.0913669826826138,-0.5325954390452579,0.7096189496222199,0.29226546275745297,-0.2539911329435696,3.6666666666666665,0.3730751777234853,0.101917,0.184062,0.112636,0.125133,-1.029592,0.007896,-0.702257,-1.637386,-0,0,-0,-0,3.6143855493685257,1.3352812388451116,3.0263783792256302,3.3156034545537016,1.7535084632707714,0.35369731694691
STU_001165,ENGL 20,2025SP,S03,INST_ENGL20_03,2025F,20251,ENGL 20__2025SP,ENGL 20__2025SP__S03,0,pre,2.7,0.17691692386090738,2.5,3.2,2.8333333333333335,2.4,2.5,-2.158658521335269,-0.5325954390452579,-1.2243599258255562,-1.9541671137312024,-1.8547069547101271,2.6666666666666665,-1.8105077960369111,0.101917,0.184062,0.112636,0.125133,-1.029592,0.007896,-0.702257,-1.637386,-0,0,-0,-0,-16.026035033122728,-8.02110721928217,-13.804681528275461,-16.123739008793333,-10.074875175612457,-1.7026135377635128
STU_001359,ENGL 20,2025SP,S03,INST_ENGL20_03,2025F,20251,ENGL 20__2025SP,ENGL 20__2025SP__S03,0,pre,2.3,-0.3260853184127238,3.5,3,3.3333333333333335,3,2.6666666666666665,-0.1586428265550334,-0.9054122463769394,-0.25737048810166807,-0.8309508254868748,-1.534563790356816,3.1333333333333333,-0.7915024082820592,0.101917,0.184062,0.112636,0.125133,-1.029592,0.007896,-0.702257,-1.637386,-0,0,-0,-0,-6.681220775183675,-3.868107435459338,-5.92646220439238,-7.039409125643005,-4.773722850195242,-0.7441991271955551
STU_000213,ENGL 20,2025SP,S03,INST_ENGL20_03,2025F,20251,ENGL 20__2025SP,ENGL 20__2025SP__S03,0,pre,2.3,-0.3260853184127238,3.125,3,3.3333333333333335,2.6,2.8333333333333335,-0.9086487120976218,-0.9054122463769394,-0.25737048810166807,-1.5797616843164264,-1.214420626003504,3,-1.0826468047834452,0.101917,0.184062,0.112636,0.125133,-1.029592,0.007896,-0.702257,-1.637386,-0,0,-0,-0,-9.485235040402316,-5.106845550901395,-8.106045474218575,-9.785051354558925,-6.087815377473114,-1.0219170201596035
STU_000323,ENGL 20,2025SP,S03,INST_ENGL20_03,2025F,20251,ENGL 20__2025SP,ENGL 20__2025SP__S03,0,pre,2.7,0.17691692386090738,3.625,3,3.3333333333333335,3.2,2.6666666666666665,0.09135913529249606,-0.9054122463769394,-0.25737048810166807,-0.4565453960720986,-1.534563790356816,3.2,-0.6459302100313656,0.101917,0.184062,0.112636,0.125133,-1.029592,0.007896,-0.702257,-1.637386,-0,0,-0,-0,-5.33984901583314,-3.2565809131458763,-4.877232481547061,-5.687378196218587,-4.04589867558162,-0.6077290168330928
STU_001104,ENGL 20,2025SP,S03,INST_ENGL20_03,2025F,20251,ENGL 20__2025SP,ENGL 20__2025SP__S03,0,pre,2.3,-0.3260853184127238,3,3.2,2.8333333333333335,3,3,-1.1586506739451512,-0.5325954390452579,-1.2243599258255562,-0.8309508254868748,-0.8942774616501927,3,-1.0826468047834452,0.101917,0.184062,0.112636,0.125133,-1.029592,0.007896,-0.702257,-1.637386,-0,0,-0,-0,-9.422490915613286,-4.899493768847697,-8.365096887142784,-9.46770064096234,-5.856038687924722,-1.0091819435521157
STU_000907,ENGL 20,2025F,S01,INST_ENGL20_01,2025F,20253,ENGL 20__2025F,ENGL 20__2025F__S01,1,post,1.3,-1.5835909240968005,4.375,4.4,3.8333333333333335,3.8,3.6666666666666665,1.5913709063776729,1.7043054049448298,0.7096189496222199,0.6666708921722283,0.3862951957630527,4.033333333333333,1.1737222681022974,0.101917,0.184062,0.112636,0.125133,-1.029592,0.007896,-0.702257,-1.637386,-1.029592,0.007896,-0.702257,-1.637386,10.651719076248947,6.004496950251445,9.0672061314885255,10.461118684153215,6.159599503232166,1.1215408336353547
STU_000726,ENGL 20,2025F,S01,INST_ENGL20_01,2025F,20253,ENGL 20__2025F,ENGL 20__2025F__S01,1,post,3.3,0.9314202872713531,3.125,2.4,3,3,2.8333333333333335,-0.9086487120976218,-2.0238626683719834,-0.9020301132509271,-0.8309508254868748,-1.214420626003504,2.9,-1.301005102159485,0.101917,0.184062,0.112636,0.125133,-1.029592,0.007896,-0.702257,-1.637386,-1.029592,0.007896,-0.702257,-1.637386,-11.469649967024342,-6.7311511358681475,-10.125897326767364,-11.631840844280555,-7.30889907522124,-1.2464950266530253
STU_001497,ENGL 20,2025F,S01,INST_ENGL20_01,2025F,20253,ENGL 20__2025F,ENGL 20__2025F__S01,1,post,3,0.5541686055661302,3.5,3.4,3.5,3.2,3.8333333333333335,-0.1586428265550334,-0.1597786317135771,0.06495932447296097,-0.4565453960720986,0.7064383601163647,3.5,0.009144682096752907,0.101917,0.184062,0.112636,0.125133,-1.029592,0.007896,-0.702257,-1.637386,-1.029592,0.007896,-0.702257,-1.637386,-0.19893757380515553,-0.12944282483672792,-0.07019438853148828,-0.2325945670803991,0.31670295652367975,-0.011359261495414335
STU_000361,ENGL 20,2025F,S01,INST_ENGL20_01,2025F,20253,ENGL 20__2025F,ENGL 20__2025F__S01,1,post,1.7,-1.0805886818231698,3,2.6,2.3333333333333335,2.6,2.3333333333333335,-1.1586506739451512,-1.6510458610403016,-2.191349363549444,-1.5797616843164264,-2.1748501190634384,2.6,-1.9560799942876037,0.101917,0.184062,0.112636,0.125133,-1.029592,0.007896,-0.702257,-1.637386,-1.029592,0.007896,-0.702257,-1.637386,-16.940831359603752,-9.282558563388982,-15.343394387325574,-17.378546983135834,-11.034202209544254,-1.851474124680002
STU_000814,ENGL 20,2025F,S01,INST_ENGL20_01,2025F,20253,ENGL 20__2025F,ENGL 20__2025F__S01,1,post,2.3,-0.3260853184127238,2.875,3,3.1666666666666665,3,3.5,-1.4086526357926807,-0.9054122463769394,-0.5797003006762981,-0.8309508254868748,0.06615203140974155,3.1,-0.8642885074074055,0.101917,0.184062,0.112636,0.125133,-1.029592,0.007896,-0.702257,-1.637386,-1.029592,0.007896,-0.702257,-1.637386,-8.1434448312459,-4.349333597389723,-6.8980080570854785,-8.001951142980667,-4.544867997538566,-0.8494605660180552
STU_000459,ENGL 20,2025F,S01,INST_ENGL20_01,2025F,20253,ENGL 20__2025F,ENGL 20__2025F__S01,1,post,3.3,0.9314202872713531,3.5,3.2,3.1666666666666665,3.8,3.8333333333333335,-0.1586428265550334,-0.5325954390452579,-0.5797003006762981,0.6666708921722283,0.7064383601163647,3.5,0.009144682096752907,0.101917,0.184062,0.112636,0.125133,-1.029592,0.007896,-0.702257,-1.637386,-1.029592,0.007896,-0.702257,-1.637386,-0.34568214681794585,-0.40585758848806863,-0.45100736298690136,-0.08390251516180333,0.20239460997932715,-0.028408823561485136
STU_001217,ENGL 20,2025F,S01,INST_ENGL20_01,2025F,20253,ENGL 20__2025F,ENGL 20__2025F__S01,1,post,3,0.5541686055661302,3.875,4,3.8333333333333335,3.4,3.5,0.5913630589875549,0.9586717902814668,0.7096189496222199,-0.08213996665732322,0.06615203140974155,3.7333333333333334,0.5186473759741789,0.101917,0.184062,0.112636,0.125133,-1.029592,0.007896,-0.702257,-1.637386,-1.029592,0.007896,-0.702257,-1.637386,4.436789143860092,2.634444714664885,3.9655847902029833,4.302059990192254,2.550761499122591,0.4724960823942957
STU_000458,ENGL 20,2025F,S02,INST_ENGL20_02,2025F,20253,ENGL 20__2025F,ENGL 20__2025F__S02,1,post,3.3,0.9314202872713531,3.875,4,4,3.4,4,0.5913630589875549,0.9586717902814668,1.031948762196849,-0.08213996665732322,1.0265815244696759,3.8666666666666667,0.809791772475565,0.101917,0.184062,0.112636,0.125133,-1.029592,0.007896,-0.702257,-1.637386,-1.029592,0.007896,-0.702257,-1.637386,7.272226091659995,4.092168045929344,6.566353555518763,7.18090189891642,4.762279083505889,0.7877888406701514
STU_001114,ENGL 20,2025F,S02,INST_ENGL20_02,2025F,20253,ENGL 20__2025F,ENGL 20__2025F__S02,1,post,3.3,0.9314202872713531,4.5,4.6,4.166666666666667,4,4.5,1.8413728682252022,2.07712221227651,1.354278574771479,1.0410763215870045,1.98701101752961,4.366666666666666,1.9015832593557622,0.101917,0.184062,0.112636,0.125133,-1.029592,0.007896,-0.702257,-1.637386,-1.029592,0.007896,-0.702257,-1.637386,17.651813065151586,9.751565497139126,15.37345869675783,17.620551533493252,11.209000680225593,1.8929859650294931
STU_000443,ENGL 20,2025F,S02,INST_ENGL20_02,2025F,20253,ENGL 20__2025F,ENGL 20__2025F__S02,1,post,3.3,0.9314202872713531,3.625,3.4,3.1666666666666665,3.6,3.1666666666666665,0.09135913529249606,-0.1597786317135771,-0.5797003006762981,0.29226546275745297,-0.5741342972968816,3.4,-0.20921361527928692,0.101917,0.184062,0.112636,0.125133,-1.029592,0.007896,-0.702257,-1.637386,-1.029592,0.007896,-0.702257,-1.637386,-2.1008209039598724,-1.1888661273400207,-2.092031646556867,-2.103520030148848,-1.6145487559087,-0.23852319759326032
STU_001062,ENGL 20,2025F,S02,INST_ENGL20_02,2025F,20253,ENGL 20__2025F,ENGL 20__2025F__S02,1,post,3,0.5541686055661302,3.625,3.6,3.1666666666666665,2.8,3.5,0.09135913529249606,0.21303817561810445,-0.5797003006762981,-1.205356254901651,0.06615203140974155,3.3666666666666667,-0.28199971440463323,0.101917,0.184062,0.112636,0.125133,-1.029592,0.007896,-0.702257,-1.637386,-1.029592,0.007896,-0.702257,-1.637386,-2.534058232854766,-1.2291093503637518,-2.473098038435189,-2.9784350340658037,-1.5408298955461741,-0.28886970897139935
STU_001072,ENGL 20,2025F,S02,INST_ENGL20_02,2025F,20253,ENGL 20__2025F,ENGL 20__2025F__S02,1,post,2,-0.7033370001179466,3.5,3.4,3.5,3.6,3,-0.1586428265550334,-0.1597786317135771,0.06495932447296097,0.29226546275745297,-0.8942774616501927,3.4,-0.20921361527928692,0.101917,0.184062,0.112636,0.125133,-1.029592,0.007896,-0.702257,-1.637386,-1.029592,0.007896,-0.702257,-1.637386,-1.9812293842328632,-1.0767588124374678,-1.6907533945281519,-1.9024579580000247,-1.655152694368019,-0.21654378533447907
STU_000111,ENGL 20,2025F,S02,INST_ENGL20_02,2025F,20253,ENGL 20__2025F,ENGL 20__2025F__S02,1,post,4,1.8116742112502071,4.75,4.6,4,3.4,4,2.3413767919202613,2.07712221227651,1.031948762196849,-0.08213996665732322,1.0265815244696759,4.2,1.5376527637290307,0.101917,0.184062,0.112636,0.125133,-1.029592,0.007896,-0.702257,-1.637386,-1.029592,0.007896,-0.702257,-1.637386,14.357540965071024,7.960746939267891,12.169536422825836,13.720854015558317,8.60208992752792,1.502016930101262
STU_000583,ENGL 20,2025F,S02,INST_ENGL20_02,2025F,20253,ENGL 20__2025F,ENGL 20__2025F__S02,1,post,3,0.5541686055661302,4.125,3.8,3.5,4,4.333333333333333,1.0913669826826138,0.5858549829497852,0.06495932447296097,1.0410763215870045,1.6668678531762982,3.966666666666667,1.0281500698516048,0.101917,0.184062,0.112636,0.125133,-1.029592,0.007896,-0.702257,-1.637386,-1.029592,0.007896,-0.702257,-1.637386,9.286403637871608,4.829343267357664,7.78067236116629,9.371488085401282,6.215061088928185,0.9918365348192397
STU_000641,ENGL 20,2025F,S03,INST_ENGL20_03,2025F,20253,ENGL 20__2025F,ENGL 20__2025F__S03,1,post,3.3,0.9314202872713531,3.125,3.4,3,3.6,2.8333333333333335,-0.9086487120976218,-0.1597786317135771,-0.9020301132509271,0.29226546275745297,-1.214420626003504,3.1666666666666665,-0.7187163091567129,0.101917,0.184062,0.112636,0.125133,-1.029592,0.007896,-0.702257,-1.637386,-1.029592,0.007896,-0.702257,-1.637386,-6.1784465159933815,-3.0849374077083263,-5.490867829643805,-5.909379169294315,-4.107796915169995,-0.655602286143014
STU_000727,ENGL 20,2025F,S03,INST_ENGL20_03,2025F,20253,ENGL 20__2025F,ENGL 20__2025F__S03,1,post,2.7,0.17691692386090738,3.25,2.8,3.8333333333333335,3.8,3.5,-0.6586467502500923,-1.278229053708621,0.7096189496222199,0.6666708921722283,0.06615203140974155,3.433333333333333,-0.13642751615394064,0.101917,0.184062,0.112636,0.125133,-1.029592,0.007896,-0.702257,-1.637386,-1.029592,0.007896,-0.702257,-1.637386,-1.3494667035063668,-1.1698787059314006,-0.6820881334889386,-0.9107558145094204,-0.6231281163563774,-0.12019367064356887
STU_001466,ENGL 20,2025F,S03,INST_ENGL20_03,2025F,20253,ENGL 20__2025F,ENGL 20__2025F__S03,1,post,2.7,0.17691692386090738,2.75,3.6,3.8333333333333335,3.4,3.6666666666666665,-1.65865459764021,0.21303817561810445,0.7096189496222199,-0.08213996665732322,0.3862951957630527,3.4,-0.20921361527928692,0.101917,0.184062,0.112636,0.125133,-1.029592,0.007896,-0.702257,-1.637386,-1.029592,0.007896,-0.702257,-1.637386,-2.4208081042116874,-0.776885553969174,-1.2329826685712657,-1.7964992938888071,-0.8212336931044654,-0.19324846117860978
STU_000678,ENGL 20,2025F,S03,INST_ENGL20_03,2025F,20253,ENGL 20__2025F,ENGL 20__2025F__S03,1,post,3,0.5541686055661302,3.625,3.8,3.3333333333333335,3.4,3.3333333333333335,0.09135913529249606,0.5858549829497852,-0.25737048810166807,-0.08213996665732322,-0.2539911329435696,3.5,0.009144682096752907,0.101917,0.184062,0.112636,0.125133,-1.029592,0.007896,-0.702257,-1.637386,-1.029592,0.007896,-0.702257,-1.637386,0.02348336735641189,0.3225494678653305,-0.0901710236123311,-0.029744209584975135,-0.1382135470264874,7.995715947416432e-5
STU_001376,ENGL 20,2025F,S03,INST_ENGL20_03,2025F,20253,ENGL 20__2025F,ENGL 20__2025F__S03,1,post,3.7,1.4344225295449842,3.625,3.6,3.5,3.2,3.5,0.09135913529249606,0.21303817561810445,0.06495932447296097,-0.4565453960720986,0.06615203140974155,3.5,0.009144682096752907,0.101917,0.184062,0.112636,0.125133,-1.029592,0.007896,-0.702257,-1.637386,-1.029592,0.007896,-0.702257,-1.637386,-0.14952682801880196,-0.006929441941677428,-0.15834548638533316,-0.3334717721673857,-0.08623674803195606,-0.021133439992692023
STU_001561,ENGL 20,2025F,S03,INST_ENGL20_03,2025F,20253,ENGL 20__2025F,ENGL 20__2025F__S03,1,post,2.3,-0.3260853184127238,3.75,3.8,3.5,3.4,3.6666666666666665,0.3413610971400255,0.5858549829497852,0.06495932447296097,-0.08213996665732322,0.3862951957630527,3.6333333333333333,0.300289078598139,0.101917,0.184062,0.112636,0.125133,-1.029592,0.007896,-0.702257,-1.637386,-1.029592,0.007896,-0.702257,-1.637386,2.7270092245679236,1.589929499576132,2.247543534770683,2.5918878514386714,1.7212970114511248,0.2860891127321448
STU_000394,ENGL 20,2025F,S03,INST_ENGL20_03,2025F,20253,ENGL 20__2025F,ENGL 20__2025F__S03,1,post,1.7,-1.0805886818231698,3.375,3.2,2.5,3.4,2.6666666666666665,-0.40864478840256285,-0.5325954390452579,-1.869019550974815,-0.08213996665732322,-1.534563790356816,3.033333333333333,-1.009860705658099,0.101917,0.184062,0.112636,0.125133,-1.029592,0.007896,-0.702257,-1.637386,-1.029592,0.007896,-0.702257,-1.637386,-8.917993338600862,-4.767130858025733,-8.400037040002756,-9.026316802984889,-6.084115888666233,-0.9829611688748424
STU_000047,ENGR 106,2024SP,S01,INST_ENGR106_01,2025F,20241,ENGR 106__2024SP,ENGR 106__2024SP__S01,0,pre,2.7,0.17691692386090738,3.625,3.6,4.166666666666667,4,3.5,0.09135913529249606,0.21303817561810445,1.354278574771479,1.0410763215870045,0.06615203140974155,3.7666666666666666,0.5914334750995252,0.26825,0.285208,0.053591,0.218825,1.744142,0.956348,-1.280081,1.519151,0,0,-0,0,5.092200049514784,2.6865864020456476,4.996755496817683,5.5189200065476465,3.100422410709893,0.5703257223885286
STU_000712,ENGR 106,2024SP,S01,INST_ENGR106_01,2025F,20241,ENGR 106__2024SP,ENGR 106__2024SP__S01,0,pre,3,0.5541686055661302,2.875,3.4,3,3,2.6666666666666665,-1.4086526357926807,-0.1597786317135771,-0.9020301132509271,-0.8309508254868748,-1.534563790356816,2.966666666666667,-1.1554329039087916,0.26825,0.285208,0.053591,0.218825,1.744142,0.956348,-1.280081,1.519151,0,0,-0,0,-10.309606355725652,-5.093969194786778,-8.91143336602874,-10.244490555432513,-6.637323037925066,-1.094052992336228
STU_000568,ENGR 106,2024SP,S01,INST_ENGR106_01,2025F,20241,ENGR 106__2024SP,ENGR 106__2024SP__S01,0,pre,2.3,-0.3260853184127238,3.75,3.8,3.3333333333333335,3.6,3.1666666666666665,0.3413610971400255,0.5858549829497852,-0.25737048810166807,0.29226546275745297,-0.5741342972968816,3.533333333333333,0.0819307812220992,0.26825,0.285208,0.053591,0.218825,1.744142,0.956348,-1.280081,1.519151,0,0,-0,0,0.6464080064669132,0.5497649801564162,0.3669242712214547,0.6137708996987691,0.011790503532984536,0.058503238419026146
STU_001503,ENGR 106,2024SP,S01,INST_ENGR106_01,2025F,20241,ENGR 106__2024SP,ENGR 106__2024SP__S01,0,pre,3.3,0.9314202872713531,3,2.8,2.5,2.6,2.8333333333333335,-1.1586506739451512,-1.278229053708621,-1.869019550974815,-1.5797616843164264,-1.214420626003504,2.7666666666666666,-1.5921494986608713,0.26825,0.285208,0.053591,0.218825,1.744142,0.956348,-1.280081,1.519151,0,0,-0,0,-14.074680112048064,-7.643244610357492,-12.699289412140663,-14.43040590472422,-8.811456750549938,-1.5286503193344503
STU_000042,ENGR 106,2024SP,S01,INST_ENGR106_01,2025F,20241,ENGR 106__2024SP,ENGR 106__2024SP__S01,0,pre,3,0.5541686055661302,3.375,4,4,3.6,3.5,-0.40864478840256285,0.9586717902814668,1.031948762196849,0.29226546275745297,0.06615203140974155,3.6666666666666665,0.3730751777234853,0.26825,0.285208,0.053591,0.218825,1.744142,0.956348,-1.280081,1.519151,0,0,-0,0,2.7547672489464556,1.99857180856308,2.9771545574027147,3.105432208215117,1.774361002376656,0.3306789905494861
STU_000547,ENGR 106,2024SP,S01,INST_ENGR106_01,2025F,20241,ENGR 106__2024SP,ENGR 106__2024SP__S01,0,pre,2.3,-0.3260853184127238,4,3.8,3.5,3.4,3.6666666666666665,0.8413650208350845,0.5858549829497852,0.06495932447296097,-0.08213996665732322,0.3862951957630527,3.7,0.4458612768488326,0.26825,0.285208,0.053591,0.218825,1.744142,0.956348,-1.280081,1.519151,0,0,-0,0,3.9568823501329486,2.134969346115796,3.203531133444595,3.6815910503265723,2.3415537101392307,0.4051934890439022
STU_001453,ENGR 106,2024SP,S01,INST_ENGR106_01,2025F,20241,ENGR 106__2024SP,ENGR 106__2024SP__S01,0,pre,0.7,-2.338094287507247,2.75,2,2,2.6,2.5,-1.65865459764021,-2.7694962830353456,-2.8360089886987034,-1.5797616843164264,-1.8547069547101271,2.4,-2.3927965890396834,0.26825,0.285208,0.053591,0.218825,1.744142,0.956348,-1.280081,1.519151,0,0,-0,0,-20.34370055906892,-11.445326046820144,-18.33980007550539,-20.634285734282013,-12.726059529070179,-2.2085226998567835
STU_000978,ENGR 106,2024SP,S01,INST_ENGR106_01,2025F,20241,ENGR 106__2024SP,ENGR 106__2024SP__S01,0,pre,3,0.5541686055661302,3.5,3.6,3.3333333333333335,3.6,3.6666666666666665,-0.1586428265550334,0.21303817561810445,-0.25737048810166807,0.29226546275745297,0.3862951957630527,3.533333333333333,0.0819307812220992,0.26825,0.285208,0.053591,0.218825,1.744142,0.956348,-1.280081,1.519151,0,0,-0,0,0.22170387843090195,0.2607812105896054,0.1713284657891292,0.39687873097726833,0.33405903632380884,0.03470625501856698
STU_000203,ENGR 106,2024SP,S02,INST_ENGR106_02,2025F,20241,ENGR 106__2024SP,ENGR 106__2024SP__S02,0,pre,2.7,0.17691692386090738,3.375,3.6,3.5,3.4,3,-0.40864478840256285,0.21303817561810445,0.06495932447296097,-0.08213996665732322,-0.8942774616501927,3.3666666666666667,-0.28199971440463323,0.26825,0.285208,0.053591,0.218825,1.744142,0.956348,-1.280081,1.519151,0,0,-0,0,-2.9174111092950152,-1.3242826124777252,-2.4001465767127006,-2.84258685054039,-2.1365227162309406,-0.3075630423730643
STU_000768,ENGR 106,2024SP,S02,INST_ENGR106_02,2025F,20241,ENGR 106__2024SP,ENGR 106__2024SP__S02,0,pre,2.3,-0.3260853184127238,3.375,3.2,3.3333333333333335,3.2,2.8333333333333335,-0.40864478840256285,-0.5325954390452579,-0.25737048810166807,-0.4565453960720986,-1.214420626003504,3.2,-0.6459302100313656,0.26825,0.285208,0.053591,0.218825,1.744142,0.956348,-1.280081,1.519151,0,0,-0,0,-5.664020816631446,-3.099503468254683,-4.9453504412409055,-5.776046469948172,-3.951724873950496,-0.6179324508045536
STU_000832,ENGR 106,2024SP,S02,INST_ENGR106_02,2025F,20241,ENGR 106__2024SP,ENGR 106__2024SP__S02,0,pre,3,0.5541686055661302,3.25,3.2,3,3,3.1666666666666665,-0.6586467502500923,-0.5325954390452579,-0.9020301132509271,-0.8309508254868748,-0.5741342972968816,3.1333333333333333,-0.7915024082820592,0.26825,0.285208,0.053591,0.218825,1.744142,0.956348,-1.280081,1.519151,0,0,-0,0,-7.100638722565817,-3.7915130485359363,-6.3582910409810705,-7.244953888158236,-4.396761234423892,-0.7667710213460556
STU_001425,ENGR 106,2024SP,S02,INST_ENGR106_02,2025F,20241,ENGR 106__2024SP,ENGR 106__2024SP__S02,0,pre,3.3,0.9314202872713531,3.75,3.6,3.5,3.4,3.5,0.3413610971400255,0.21303817561810445,0.06495932447296097,-0.08213996665732322,0.06615203140974155,3.566666666666667,0.15471688034744646,0.26825,0.285208,0.053591,0.218825,1.744142,0.956348,-1.280081,1.519151,0,0,-0,0,1.459637722090498,0.7826596663565288,1.197779821246816,1.3344428566221507,0.8414000518056054,0.14865388375068544
STU_000881,ENGR 106,2024SP,S02,INST_ENGR106_02,2025F,20241,ENGR 106__2024SP,ENGR 106__2024SP__S02,0,pre,1.7,-1.0805886818231698,3,2.8,3,3.2,2.8333333333333335,-1.1586506739451512,-1.278229053708621,-0.9020301132509271,-0.4565453960720986,-1.214420626003504,2.966666666666667,-1.1554329039087916,0.26825,0.285208,0.053591,0.218825,1.744142,0.956348,-1.280081,1.519151,0,0,-0,0,-10.42646611108556,-5.789717874131137,-9.11998885107771,-10.376284225622914,-6.6590426605675335,-1.1194467962136498
STU_000913,ENGR 106,2024SP,S02,INST_ENGR106_02,2025F,20241,ENGR 106__2024SP,ENGR 106__2024SP__S02,0,pre,2,-0.7033370001179466,3,3,3,3.2,2.8333333333333335,-1.1586506739451512,-0.9054122463769394,-0.9020301132509271,-0.4565453960720986,-1.214420626003504,3,-1.0826468047834452,0.26825,0.285208,0.053591,0.218825,1.744142,0.956348,-1.280081,1.519151,0,0,-0,0,-9.664981139795879,-5.1701586016665315,-8.468766965370886,-9.593729559933648,-6.166133564720577,-1.033921563300758
STU_000085,ENGR 106,2024SP,S03,INST_ENGR106_03,2025F,20241,ENGR 106__2024SP,ENGR 106__2024SP__S03,0,pre,2,-0.7033370001179466,3.25,4,3.6666666666666665,3,3.6666666666666665,-0.6586467502500923,0.9586717902814668,0.38728913704759005,-0.8309508254868748,0.3862951957630527,3.5,0.009144682096752907,0.26825,0.285208,0.053591,0.218825,1.744142,0.956348,-1.280081,1.519151,0,0,-0,0,-0.5779949793568153,0.34946210762467067,-0.11234414406917419,-0.5344307991833606,-0.0024363463731963443,-0.03184794182476949
STU_001548,ENGR 106,2024SP,S03,INST_ENGR106_03,2025F,20241,ENGR 106__2024SP,ENGR 106__2024SP__S03,0,pre,0,-3.2183482114861004,3.5,4,3.3333333333333335,3.2,4,-0.1586428265550334,0.9586717902814668,-0.25737048810166807,-0.4565453960720986,1.0265815244696759,3.6,0.22750297947279274,0.26825,0.285208,0.053591,0.218825,1.744142,0.956348,-1.280081,1.519151,0,0,-0,0,1.8641493146656352,1.476940048685651,1.618861608168963,1.8680620324101043,1.7392794874614639,0.21817682584864817
STU_000901,ENGR 106,2024SP,S03,INST_ENGR106_03,2025F,20241,ENGR 106__2024SP,ENGR 106__2024SP__S03,0,pre,3,0.5541686055661302,4.125,3.2,3.5,3.2,3,1.0913669826826138,-0.5325954390452579,0.06495932447296097,-0.4565453960720986,-0.8942774616501927,3.466666666666667,-0.06364141702859338,0.26825,0.285208,0.053591,0.218825,1.744142,0.956348,-1.280081,1.519151,0,0,-0,0,-0.07510308016987045,-0.5631117772242937,-0.4346089632390788,-0.6905217085502954,-0.7865944256726253,-0.060295700801850725
STU_000645,ENGR 106,2024SP,S03,INST_ENGR106_03,2025F,20241,ENGR 106__2024SP,ENGR 106__2024SP__S03,0,pre,3,0.5541686055661302,3.375,3.8,3.6666666666666665,4.2,3.5,-0.40864478840256285,0.5858549829497852,0.38728913704759005,1.4154817510017808,0.06615203140974155,3.6666666666666665,0.3730751777234853,0.26825,0.285208,0.053591,0.218825,1.744142,0.956348,-1.280081,1.519151,0,0,-0,0,2.8024455804082473,1.819119713215753,2.7616983961829362,3.47265599162481,1.8240763543459166,0.33574556090687885
STU_000454,ENGR 106,2024SP,S03,INST_ENGR106_03,2025F,20241,ENGR 106__2024SP,ENGR 106__2024SP__S03,0,pre,3.3,0.9314202872713531,3.875,3.2,3.5,4,3.8333333333333335,0.5913630589875549,-0.5325954390452579,0.06495932447296097,1.0410763215870045,0.7064383601163647,3.7,0.4458612768488326,0.26825,0.285208,0.053591,0.218825,1.744142,0.956348,-1.280081,1.519151,0,0,-0,0,4.121586567317268,1.7042981455717583,3.4540281970274345,4.291746746595535,2.71661540598752,0.4362563792604002
STU_001449,ENGR 106,2024SP,S03,INST_ENGR106_03,2025F,20241,ENGR 106__2024SP,ENGR 106__2024SP__S03,0,pre,2.7,0.17691692386090738,3.875,4,4.166666666666667,3.8,4,0.5913630589875549,0.9586717902814668,1.354278574771479,0.6666708921722283,1.0265815244696759,3.966666666666667,1.0281500698516048,0.26825,0.285208,0.053591,0.218825,1.744142,0.956348,-1.280081,1.519151,0,0,-0,0,9.075950477270602,5.0452464535215675,8.30648372411404,9.279985908610321,5.875037710458964,0.993809219990471
STU_000422,ENGR 106,2024F,S01,INST_ENGR106_01,2025F,20243,ENGR 106__2024F,ENGR 106__2024F__S01,0,pre,4,1.8116742112502071,4.5,3.8,3.8333333333333335,4,4.166666666666667,1.8413728682252022,0.5858549829497852,0.7096189496222199,1.0410763215870045,1.3467246888229878,4.1,1.31929446635299,0.26825,0.285208,0.053591,0.218825,1.744142,0.956348,-1.280081,1.519151,0,0,-0,0,12.239762100310257,6.174662382386005,10.359956976393956,12.083767745902142,7.625004657155692,1.2876238235384971
STU_000610,ENGR 106,2024F,S01,INST_ENGR106_01,2025F,20243,ENGR 106__2024F,ENGR 106__2024F__S01,0,pre,1.3,-1.5835909240968005,2.5,2.4,2.6666666666666665,2.6,2.8333333333333335,-2.158658521335269,-2.0238626683719834,-1.546689738400186,-1.5797616843164264,-1.214420626003504,2.6,-1.9560799942876037,0.26825,0.285208,0.053591,0.218825,1.744142,0.956348,-1.280081,1.519151,0,0,-0,0,-17.331112954113678,-9.452899221966893,-15.0944988371126,-17.36953359514347,-10.55180008463914,-1.8499822182595769
STU_001331,ENGR 106,2024F,S01,INST_ENGR106_01,2025F,20243,ENGR 106__2024F,ENGR 106__2024F__S01,0,pre,1.7,-1.0805886818231698,2.875,3,2.8333333333333335,2.8,3.1666666666666665,-1.4086526357926807,-0.9054122463769394,-1.2243599258255562,-1.205356254901651,-0.5741342972968816,2.933333333333333,-1.228219003034139,0.26825,0.285208,0.053591,0.218825,1.744142,0.956348,-1.280081,1.519151,0,0,-0,0,-11.137056555093038,-5.881982015052096,-9.772426623474045,-11.187657960499662,-6.655614998923848,-1.1859781485782925
STU_001238,ENGR 106,2024F,S01,INST_ENGR106_01,2025F,20243,ENGR 106__2024F,ENGR 106__2024F__S01,0,pre,3.3,0.9314202872713531,4.125,3,3.6666666666666665,4,4,1.0913669826826138,-0.9054122463769394,0.38728913704759005,1.0410763215870045,1.0265815244696759,3.8,0.6642195742248714,0.26825,0.285208,0.053591,0.218825,1.744142,0.956348,-1.280081,1.519151,0,0,-0,0,6.035135662498958,2.366254534517934,5.058040455039389,6.017107449034113,3.879879199673283,0.6264126301392179
STU_001539,ENGR 106,2024F,S01,INST_ENGR106_01,2025F,20243,ENGR 106__2024F,ENGR 106__2024F__S01,0,pre,1.7,-1.0805886818231698,3.125,3.4,3.3333333333333335,3.4,2.5,-0.9086487120976218,-0.1597786317135771,-0.25737048810166807,-0.08213996665732322,-1.8547069547101271,3.1333333333333333,-0.7915024082820592,0.26825,0.285208,0.053591,0.218825,1.744142,0.956348,-1.280081,1.519151,0,0,-0,0,-7.002018037089162,-3.478304694968814,-5.933104753216529,-6.833303963312462,-4.940079181875884,-0.7445717252025579
STU_001270,ENGR 106,2024F,S01,INST_ENGR106_01,2025F,20243,ENGR 106__2024F,ENGR 106__2024F__S01,0,pre,3.7,1.4344225295449842,4.375,3.8,4.166666666666667,4.4,4,1.5913709063776729,0.5858549829497852,1.354278574771479,1.789887180416557,1.0265815244696759,4.166666666666667,1.4648666646036845,0.26825,0.285208,0.053591,0.218825,1.744142,0.956348,-1.280081,1.519151,0,0,-0,0,13.327375487321685,6.790009676533831,11.664493197940418,13.52602929012015,8.151900641290455,1.4222105550271262
STU_000300,ENGR 106,2024F,S02,INST_ENGR106_02,2025F,20243,ENGR 106__2024F,ENGR 106__2024F__S02,0,pre,2,-0.7033370001179466,3.875,3.4,3.8333333333333335,3.6,3.8333333333333335,0.5913630589875549,-0.1597786317135771,0.7096189496222199,0.29226546275745297,0.7064383601163647,3.7333333333333334,0.5186473759741789,0.26825,0.285208,0.053591,0.218825,1.744142,0.956348,-1.280081,1.519151,0,0,-0,0,4.7783297653329875,2.2520654991189404,4.2713881319917695,4.752511690573091,3.109439989191828,0.5098806684725455
STU_000876,ENGR 106,2024F,S02,INST_ENGR106_02,2025F,20243,ENGR 106__2024F,ENGR 106__2024F__S02,0,pre,3,0.5541686055661302,3.875,3.8,3.1666666666666665,3.2,2.8333333333333335,0.5913630589875549,0.5858549829497852,-0.5797003006762981,-0.4565453960720986,-1.214420626003504,3.4,-0.20921361527928692,0.26825,0.285208,0.053591,0.218825,1.744142,0.956348,-1.280081,1.519151,0,0,-0,0,-1.8456716098247143,-0.7848993732588541,-2.06495066718223,-2.270420248374173,-1.8699728157585445,-0.2333431260836253
STU_000032,ENGR 106,2024F,S02,INST_ENGR106_02,2025F,20243,ENGR 106__2024F,ENGR 106__2024F__S02,0,pre,1.7,-1.0805886818231698,3.875,4,4.333333333333333,3.8,3.8333333333333335,0.5913630589875549,0.9586717902814668,1.6766083873461073,0.6666708921722283,0.7064383601163647,3.966666666666667,1.0281500698516048,0.26825,0.285208,0.053591,0.218825,1.744142,0.956348,-1.280081,1.519151,0,0,-0,0,8.889467033665134,4.973322120706073,8.269947916186837,9.086937414196685,5.547626455834359,0.9735005580412107
STU_000830,ENGR 106,2024F,S02,INST_ENGR106_02,2025F,20243,ENGR 106__2024F,ENGR 106__2024F__S02,0,pre,2,-0.7033370001179466,2.75,2.8,3.1666666666666665,2.8,3.3333333333333335,-1.65865459764021,-1.278229053708621,-0.5797003006762981,-1.205356254901651,-0.2539911329435696,2.966666666666667,-1.1554329039087916,0.26825,0.285208,0.053591,0.218825,1.744142,0.956348,-1.280081,1.519151,0,0,-0,0,-10.530069913374941,-5.706735318596309,-8.890417558114084,-10.44461615083909,-6.026236773045996,-1.1049299526440062
STU_000691,ENGR 106,2024F,S02,INST_ENGR106_02,2025F,20243,ENGR 106__2024F,ENGR 106__2024F__S02,0,pre,1.3,-1.5835909240968005,3.125,2.6,2.5,2.6,2.5,-0.9086487120976218,-1.6510458610403016,-1.869019550974815,-1.5797616843164264,-1.8547069547101271,2.7,-1.7377216969115639,0.26825,0.285208,0.053591,0.218825,1.744142,0.956348,-1.280081,1.519151,0,0,-0,0,-14.870069337516826,-8.272851715604608,-13.480922177379686,-15.356266271654675,-9.695727110177723,-1.6309789128381569
STU_001307,ENGR 106,2024F,S02,INST_ENGR106_02,2025F,20243,ENGR 106__2024F,ENGR 106__2024F__S02,0,pre,1.7,-1.0805886818231698,4.5,4,4.333333333333333,4.2,4.166666666666667,1.8413728682252022,0.9586717902814668,1.6766083873461073,1.4154817510017808,1.3467246888229878,4.266666666666667,1.6832249619797233,0.26825,0.285208,0.053591,0.218825,1.744142,0.956348,-1.280081,1.519151,0,0,-0,0,15.477615413479894,8.018938122042853,13.582825100594977,15.491620466409817,9.55037200302298,1.6497115052431524
STU_001373,ENGR 106,2024F,S02,INST_ENGR106_02,2025F,20243,ENGR 106__2024F,ENGR 106__2024F__S02,0,pre,1,-1.9608426058020236,2.75,2.4,2.8333333333333335,2.2,2.6666666666666665,-1.65865459764021,-2.0238626683719834,-1.2243599258255562,-2.328572543145978,-1.534563790356816,2.6,-1.9560799942876037,0.26825,0.285208,0.053591,0.218825,1.744142,0.956348,-1.280081,1.519151,0,0,-0,0,-17.135178779675694,-9.460659132887589,-14.992114111780502,-17.586549741818,-10.699368437833005,-1.850911671813244
STU_000675,ENGR 106,2024F,S03,INST_ENGR106_03,2025F,20243,ENGR 106__2024F,ENGR 106__2024F__S03,0,pre,1.7,-1.0805886818231698,2.875,2.8,2.6666666666666665,3.2,3,-1.4086526357926807,-1.278229053708621,-1.546689738400186,-0.4565453960720986,-0.8942774616501927,2.9,-1.301005102159485,0.26825,0.285208,0.053591,0.218825,1.744142,0.956348,-1.280081,1.519151,0,0,-0,0,-11.744833072437093,-6.365823760028326,-10.405560440535238,-11.599677189071846,-7.186407206696556,-1.2531547295942413
STU_000073,ENGR 106,2024F,S03,INST_ENGR106_03,2025F,20243,ENGR 106__2024F,ENGR 106__2024F__S03,0,pre,3,0.5541686055661302,4.375,4.2,3.8333333333333335,4.2,3.8333333333333335,1.5913709063776729,1.3314885976131483,0.7096189496222199,1.4154817510017808,0.7064383601163647,4.1,1.31929446635299,0.26825,0.285208,0.053591,0.218825,1.744142,0.956348,-1.280081,1.519151,0,0,-0,0,12.199143195011063,6.617322926322505,10.449252870978862,12.27117723751881,7.364470931593121,1.296987819127777
STU_000035,ENGR 106,2024F,S03,INST_ENGR106_03,2025F,20243,ENGR 106__2024F,ENGR 106__2024F__S03,0,pre,3.7,1.4344225295449842,3.875,4.2,4.333333333333333,4,3.6666666666666665,0.5913630589875549,1.3314885976131483,1.6766083873461073,1.0410763215870045,0.3862951957630527,4,1.100936168976951,0.26825,0.285208,0.053591,0.218825,1.744142,0.956348,-1.280081,1.519151,0,0,-0,0,9.661192818854119,5.553124995554289,8.973018147099728,10.004318561926855,5.915711431553498,1.0618959559310124
STU_000780,ENGR 106,2024F,S03,INST_ENGR106_03,2025F,20243,ENGR 106__2024F,ENGR 106__2024F__S03,0,pre,3,0.5541686055661302,3.25,4,3.1666666666666665,3.2,4,-0.6586467502500923,0.9586717902814668,-0.5797003006762981,-0.4565453960720986,1.0265815244696759,3.5,0.009144682096752907,0.26825,0.285208,0.053591,0.218825,1.744142,0.956348,-1.280081,1.519151,0,0,-0,0,-0.6798216324362584,0.29080801019271457,-0.5475364533723721,-0.49969177920322133,0.3606996027299471,-0.03970934843968159
STU_001123,ENGR 106,2024F,S03,INST_ENGR106_03,2025F,20243,ENGR 106__2024F,ENGR 106__2024F__S03,0,pre,3,0.5541686055661302,3.875,3.8,3.1666666666666665,3.4,3.8333333333333335,0.5913630589875549,0.5858549829497852,-0.5797003006762981,-0.08213996665732322,0.7064383601163647,3.6333333333333333,0.300289078598139,0.26825,0.285208,0.053591,0.218825,1.744142,0.956348,-1.280081,1.519151,0,0,-0,0,2.6197730813012994,1.5056099216778833,1.8790389604191404,2.4342372274912165,1.7856503155052237,0.2676616141589071
STU_001292,ENGR 106,2024F,S03,INST_ENGR106_03,2025F,20243,ENGR 106__2024F,ENGR 106__2024F__S03,0,pre,3.3,0.9314202872713531,4,4,4,3.8,3.8333333333333335,0.8413650208350845,0.9586717902814668,1.031948762196849,0.6666708921722283,0.7064383601163647,3.933333333333333,0.9553639707262576,0.26825,0.285208,0.053591,0.218825,1.744142,0.956348,-1.280081,1.519151,0,0,-0,0,8.662331071477857,4.740642871701298,7.71424888761157,8.71572328175091,5.355026392654271,0.9321687812706962
STU_000415,ENGR 106,2025SP,S01,INST_ENGR106_01,2025F,20251,ENGR 106__2025SP,ENGR 106__2025SP__S01,0,pre,3,0.5541686055661302,3.25,3.8,3.5,3,3.6666666666666665,-0.6586467502500923,0.5858549829497852,0.06495932447296097,-0.8309508254868748,0.3862951957630527,3.433333333333333,-0.13642751615394064,0.26825,0.285208,0.053591,0.218825,1.744142,0.956348,-1.280081,1.519151,0,0,-0,0,-1.6607643867463502,-0.4124424860630384,-1.190768596434766,-1.6543118438044844,-0.6189862479022997,-0.15422092748810592
STU_000927,ENGR 106,2025SP,S01,INST_ENGR106_01,2025F,20251,ENGR 106__2025SP,ENGR 106__2025SP__S01,0,pre,2.7,0.17691692386090738,3.375,3.2,3.6666666666666665,3.8,3.3333333333333335,-0.40864478840256285,-0.5325954390452579,0.38728913704759005,0.6666708921722283,-0.2539911329435696,3.466666666666667,-0.06364141702859338,0.26825,0.285208,0.053591,0.218825,1.744142,0.956348,-1.280081,1.519151,0,0,-0,0,-0.9019691711065776,-0.6813546444972899,-0.49782622214827066,-0.5673303136638822,-0.5749514438498475,-0.08157087361732782
STU_000478,ENGR 106,2025SP,S01,INST_ENGR106_01,2025F,20251,ENGR 106__2025SP,ENGR 106__2025SP__S01,0,pre,1,-1.9608426058020236,3.625,3.4,4,2.8,3.3333333333333335,0.09135913529249606,-0.1597786317135771,1.031948762196849,-1.205356254901651,-0.2539911329435696,3.466666666666667,-0.06364141702859338,0.26825,0.285208,0.053591,0.218825,1.744142,0.956348,-1.280081,1.519151,0,0,-0,0,-0.5308327766338377,-0.3814443103163166,-0.09194039603081815,-0.9044798079855779,-0.44753614731064395,-0.0621594883185533
STU_001210,ENGR 106,2025SP,S01,INST_ENGR106_01,2025F,20251,ENGR 106__2025SP,ENGR 106__2025SP__S01,0,pre,3,0.5541686055661302,4,3.6,3.3333333333333335,3.6,3.3333333333333335,0.8413650208350845,0.21303817561810445,-0.25737048810166807,0.29226546275745297,-0.2539911329435696,3.6,0.22750297947279274,0.26825,0.285208,0.053591,0.218825,1.744142,0.956348,-1.280081,1.519151,0,0,-0,0,2.063224347286551,0.9851381062448474,1.3958796123180517,1.8209229942009268,0.8415846629023098,0.1912614421366302
STU_000124,ENGR 106,2025SP,S01,INST_ENGR106_01,2025F,20251,ENGR 106__2025SP,ENGR 106__2025SP__S01,0,pre,2.7,0.17691692386090738,3.25,3,3.1666666666666665,3.6,3,-0.6586467502500923,-0.9054122463769394,-0.5797003006762981,0.29226546275745297,-0.8942774616501927,3.2,-0.6459302100313656,0.26825,0.285208,0.053591,0.218825,1.744142,0.956348,-1.280081,1.519151,0,0,-0,0,-5.932173939773928,-3.3703994447568624,-5.205773829189612,-5.72899266242469,-3.89937341054094,-0.6353209370755298
STU_001012,ENGR 106,2025SP,S01,INST_ENGR106_01,2025F,20251,ENGR 106__2025SP,ENGR 106__2025SP__S01,0,pre,2.3,-0.3260853184127238,3.75,3,3,3,2.3333333333333335,0.3413610971400255,-0.9054122463769394,-0.9020301132509271,-0.8309508254868748,-2.1748501190634384,3.066666666666667,-0.9370746065327518,0.26825,0.285208,0.053591,0.218825,1.744142,0.956348,-1.280081,1.519151,0,0,-0,0,-7.837841904568162,-4.565599197040423,-7.379547638562794,-8.44512226338429,-5.900088441331519,-0.8967620669964612
STU_000026,ENGR 106,2025SP,S01,INST_ENGR106_01,2025F,20251,ENGR 106__2025SP,ENGR 106__2025SP__S01,0,pre,2.7,0.17691692386090738,3,2.8,3.3333333333333335,3.2,2.6666666666666665,-1.1586506739451512,-1.278229053708621,-0.25737048810166807,-0.4565453960720986,-1.534563790356816,3,-1.0826468047834452,0.26825,0.285208,0.053591,0.218825,1.744142,0.956348,-1.280081,1.519151,0,0,-0,0,-9.659653890466744,-5.355454098816368,-8.207656213381162,-9.575499919309621,-6.326946528949101,-1.0322692581312383
STU_001006,ENGR 106,2025SP,S02,INST_ENGR106_02,2025F,20251,ENGR 106__2025SP,ENGR 106__2025SP__S02,0,pre,3.3,0.9314202872713531,3.875,3.2,3.3333333333333335,3.6,3.5,0.5913630589875549,-0.5325954390452579,-0.25737048810166807,0.29226546275745297,0.06615203140974155,3.533333333333333,0.0819307812220992,0.26825,0.285208,0.053591,0.218825,1.744142,0.956348,-1.280081,1.519151,0,0,-0,0,0.576238939831103,-0.10768733411882221,0.21301979802186116,0.44033898968606106,0.22001963367789334,0.03981535452173629
STU_000403,ENGR 106,2025SP,S02,INST_ENGR106_02,2025F,20251,ENGR 106__2025SP,ENGR 106__2025SP__S02,0,pre,1.7,-1.0805886818231698,3.625,3.6,3.5,3.4,3.6666666666666665,0.09135913529249606,0.21303817561810445,0.06495932447296097,-0.08213996665732322,0.3862951957630527,3.566666666666667,0.15471688034744646,0.26825,0.285208,0.053591,0.218825,1.744142,0.956348,-1.280081,1.519151,0,0,-0,0,1.218747064822113,0.7198923642306486,1.099145693515867,1.2088130603484144,0.9119318526178046,0.1349231336612263
STU_001088,ENGR 106,2025SP,S02,INST_ENGR106_02,2025F,20251,ENGR 106__2025SP,ENGR 106__2025SP__S02,0,pre,2.3,-0.3260853184127238,3.5,2.6,3,3,3.1666666666666665,-0.1586428265550334,-1.6510458610403016,-0.9020301132509271,-0.8309508254868748,-0.5741342972968816,3.1,-0.8642885074074055,0.26825,0.285208,0.053591,0.218825,1.744142,0.956348,-1.280081,1.519151,0,0,-0,0,-7.617544778781563,-4.698559604837671,-6.984258791345156,-7.975801146532876,-4.855824102395937,-0.8465678265677883
STU_000271,ENGR 106,2025SP,S02,INST_ENGR106_02,2025F,20251,ENGR 106__2025SP,ENGR 106__2025SP__S02,0,pre,2.7,0.17691692386090738,3,3.8,3.1666666666666665,4,3.1666666666666665,-1.1586506739451512,0.5858549829497852,-0.5797003006762981,1.0410763215870045,-0.5741342972968816,3.3666666666666667,-0.28199971440463323,0.26825,0.285208,0.053591,0.218825,1.744142,0.956348,-1.280081,1.519151,0,0,-0,0,-3.251426204134595,-1.122378791268987,-2.6407964673764037,-2.5455849044087544,-2.0037703944080314,-0.30921602067152
STU_000891,ENGR 106,2025SP,S02,INST_ENGR106_02,2025F,20251,ENGR 106__2025SP,ENGR 106__2025SP__S02,0,pre,3,0.5541686055661302,4,3.2,3.3333333333333335,3.2,4,0.8413650208350845,-0.5325954390452579,-0.25737048810166807,-0.4565453960720986,1.0265815244696759,3.6,0.22750297947279274,0.26825,0.285208,0.053591,0.218825,1.744142,0.956348,-1.280081,1.519151,0,0,-0,0,1.829420474800421,0.45657110067744994,1.2038699901497596,1.4064545169738238,1.4236446600993924,0.16831282663480604
STU_000722,ENGR 106,2025SP,S02,INST_ENGR106_02,2025F,20251,ENGR 106__2025SP,ENGR 106__2025SP__S02,0,pre,2.7,0.17691692386090738,3.375,3.6,3.6666666666666665,3.4,3.1666666666666665,-0.40864478840256285,0.21303817561810445,0.38728913704759005,-0.08213996665732322,-0.5741342972968816,3.433333333333333,-0.13642751615394064,0.26825,0.285208,0.053591,0.218825,1.744142,0.956348,-1.280081,1.519151,0,0,-0,0,-1.4533328107574663,-0.5609447678746788,-0.9782801220752498,-1.3355642649138173,-1.0506399648809235,-0.14287593143957125
STU_000008,ENGR 106,2025SP,S02,INST_ENGR106_02,2025F,20251,ENGR 106__2025SP,ENGR 106__2025SP__S02,0,pre,4,1.8116742112502071,4.125,3.8,3.8333333333333335,4,4.333333333333333,1.0913669826826138,0.5858549829497852,0.7096189496222199,1.0410763215870045,1.6668678531762982,4.033333333333333,1.1737222681022974,0.26825,0.285208,0.053591,0.218825,1.744142,0.956348,-1.280081,1.519151,0,0,-0,0,10.41273067745595,5.423540566989379,9.08245585688783,10.563829455197018,6.861795822099335,1.1216925253373282
STU_000238,ENGR 106,2025SP,S03,INST_ENGR106_03,2025F,20251,ENGR 106__2025SP,ENGR 106__2025SP__S03,0,pre,2.3,-0.3260853184127238,3.875,4,3.1666666666666665,4,3.5,0.5913630589875549,0.9586717902814668,-0.5797003006762981,1.0410763215870045,0.06615203140974155,3.7,0.4458612768488326,0.26825,0.285208,0.053591,0.218825,1.744142,0.956348,-1.280081,1.519151,0,0,-0,0,3.9561649172396063,2.3797420117205146,3.03518257089868,4.098987667986785,2.2987651153257973,0.4168841761949588
STU_000849,ENGR 106,2025SP,S03,INST_ENGR106_03,2025F,20251,ENGR 106__2025SP,ENGR 106__2025SP__S03,0,pre,2,-0.7033370001179466,4.375,4.4,3.8333333333333335,3.8,4.333333333333333,1.5913709063776729,1.7043054049448298,0.7096189496222199,0.6666708921722283,1.6668678531762982,4.166666666666667,1.4648666646036845,0.26825,0.285208,0.053591,0.218825,1.744142,0.956348,-1.280081,1.519151,0,0,-0,0,13.12730756760888,7.30415361882152,11.256251877237077,13.021692986787087,8.403480285684578,1.402564580708274
STU_001214,ENGR 106,2025SP,S03,INST_ENGR106_03,2025F,20251,ENGR 106__2025SP,ENGR 106__2025SP__S03,0,pre,2.7,0.17691692386090738,3.5,3.4,3.1666666666666665,3.6,4,-0.1586428265550334,-0.1597786317135771,-0.5797003006762981,0.29226546275745297,1.0265815244696759,3.533333333333333,0.0819307812220992,0.26825,0.285208,0.053591,0.218825,1.744142,0.956348,-1.280081,1.519151,0,0,-0,0,0.2084141757509532,0.07125300712047082,0.007018270607523115,0.3645622489946028,0.6661648489273608,0.03207772362442843
STU_000975,ENGR 106,2025SP,S03,INST_ENGR106_03,2025F,20251,ENGR 106__2025SP,ENGR 106__2025SP__S03,0,pre,2,-0.7033370001179466,3.625,3.6,3.5,3.6,3.5,0.09135913529249606,0.21303817561810445,0.06495932447296097,0.29226546275745297,0.06615203140974155,3.566666666666667,0.15471688034744646,0.26825,0.285208,0.053591,0.218825,1.744142,0.956348,-1.280081,1.519151,0,0,-0,0,1.1405797793928294,0.6822025908619164,1.0295981074282463,1.2489897821929439,0.710198546445572,0.1273495599993006
STU_000740,ENGR 106,2025SP,S03,INST_ENGR106_03,2025F,20251,ENGR 106__2025SP,ENGR 106__2025SP__S03,0,pre,2.7,0.17691692386090738,3.5,3.4,3.1666666666666665,3.4,3.3333333333333335,-0.1586428265550334,-0.1597786317135771,-0.5797003006762981,-0.08213996665732322,-0.2539911329435696,3.3666666666666667,-0.28199971440463323,0.26825,0.285208,0.053591,0.218825,1.744142,0.956348,-1.280081,1.519151,0,0,-0,0,-2.7339560353185153,-1.4679629549431223,-2.5705280381726623,-2.7683180004772296,-1.7661177577527951,-0.29944722362087145
STU_001406,ENGR 106,2025SP,S03,INST_ENGR106_03,2025F,20251,ENGR 106__2025SP,ENGR 106__2025SP__S03,0,pre,3.7,1.4344225295449842,4.25,3.6,4,4,3.6666666666666665,1.3413689445301433,0.21303817561810445,1.031948762196849,1.0410763215870045,0.3862951957630527,3.933333333333333,0.9553639707262576,0.26825,0.285208,0.053591,0.218825,1.744142,0.956348,-1.280081,1.519151,0,0,-0,0,8.898501802350427,4.387713549568432,7.757342785443009,8.867251647085716,5.262363732770609,0.9377118505449207
STU_001251,ENGR 106,2025SP,S03,INST_ENGR106_03,2025F,20251,ENGR 106__2025SP,ENGR 106__2025SP__S03,0,pre,3,0.5541686055661302,4.125,4.2,3.8333333333333335,4,4,1.0913669826826138,1.3314885976131483,0.7096189496222199,1.0410763215870045,1.0265815244696759,4.033333333333333,1.1737222681022974,0.26825,0.285208,0.053591,0.218825,1.744142,0.956348,-1.280081,1.519151,0,0,-0,0,10.570473071615327,5.8883984143430155,9.194950129668833,10.691087761824802,6.632273191956953,1.136899370755866
STU_001438,ENGR 106,2025F,S01,INST_ENGR106_01,2025F,20253,ENGR 106__2025F,ENGR 106__2025F__S01,1,post,3.7,1.4344225295449842,4.125,4.2,3.6666666666666665,4.2,3.6666666666666665,1.0913669826826138,1.3314885976131483,0.38728913704759005,1.4154817510017808,0.3862951957630527,3.966666666666667,1.0281500698516048,0.26825,0.285208,0.053591,0.218825,1.744142,0.956348,-1.280081,1.519151,1.744142,0.956348,-1.280081,1.519151,8.830334767553186,4.99767122224691,7.5563593891146255,9.038903487281614,5.224028506080757,0.9449072475551696
STU_000864,ENGR 106,2025F,S01,INST_ENGR106_01,2025F,20253,ENGR 106__2025F,ENGR 106__2025F__S01,1,post,2.7,0.17691692386090738,3.625,3,3.3333333333333335,3.6,3.8333333333333335,0.09135913529249606,-0.9054122463769394,-0.25737048810166807,0.29226546275745297,0.7064383601163647,3.5,0.009144682096752907,0.26825,0.285208,0.053591,0.218825,1.744142,0.956348,-1.280081,1.519151,1.744142,0.956348,-1.280081,1.519151,-0.020113276672932705,-0.4967580871559537,-0.1560454862911342,0.013371722682374939,0.331400551669711,-0.006308372601213677
STU_000885,ENGR 106,2025F,S01,INST_ENGR106_01,2025F,20253,ENGR 106__2025F,ENGR 106__2025F__S01,1,post,3.7,1.4344225295449842,3.875,4,3.5,3.4,3.6666666666666665,0.5913630589875549,0.9586717902814668,0.06495932447296097,-0.08213996665732322,0.3862951957630527,3.7,0.4458612768488326,0.26825,0.285208,0.053591,0.218825,1.744142,0.956348,-1.280081,1.519151,1.744142,0.956348,-1.280081,1.519151,3.798386778459463,2.299222829178536,3.1427337338891146,3.6271732579333213,2.3222695254753942,0.39930277689209703
STU_001335,ENGR 106,2025F,S01,INST_ENGR106_01,2025F,20253,ENGR 106__2025F,ENGR 106__2025F__S01,1,post,3,0.5541686055661302,3.75,3.6,3.6666666666666665,3.4,3.5,0.3413610971400255,0.21303817561810445,0.38728913704759005,-0.08213996665732322,0.06615203140974155,3.6,0.22750297947279274,0.26825,0.285208,0.053591,0.218825,1.744142,0.956348,-1.280081,1.519151,1.744142,0.956348,-1.280081,1.519151,1.7014578886325433,0.9212676979124544,1.5402513270815166,1.6099451199699981,0.9768166366835215,0.1789747493242131
STU_000490,ENGR 106,2025F,S01,INST_ENGR106_01,2025F,20253,ENGR 106__2025F,ENGR 106__2025F__S01,1,post,3.7,1.4344225295449842,4.625,4,4.5,4.4,4.333333333333333,2.0913748300727315,0.9586717902814668,1.9989381999207372,1.789887180416557,1.6668678531762982,4.4,1.9743693584811104,0.26825,0.285208,0.053591,0.218825,1.744142,0.956348,-1.280081,1.519151,1.744142,0.956348,-1.280081,1.519151,18.43453038044612,9.4997663785437,16.243421513091135,18.554527662224952,11.465065882868872,1.9707882958090392
STU_000405,ENGR 106,2025F,S01,INST_ENGR106_01,2025F,20253,ENGR 106__2025F,ENGR 106__2025F__S01,1,post,3.3,0.9314202872713531,4.25,4,4.333333333333333,3.6,4.166666666666667,1.3413689445301433,0.9586717902814668,1.6766083873461073,0.29226546275745297,1.3467246888229878,4.1,1.31929446635299,0.26825,0.285208,0.053591,0.218825,1.744142,0.956348,-1.280081,1.519151,1.744142,0.956348,-1.280081,1.519151,12.128437087027972,6.417231137543138,10.823421439647658,11.957549114692904,7.6808562861354135,1.2979655149226663
STU_000516,ENGR 106,2025F,S01,INST_ENGR106_01,2025F,20253,ENGR 106__2025F,ENGR 106__2025F__S01,1,post,2.3,-0.3260853184127238,3,2.8,2.8333333333333335,2.8,3,-1.1586506739451512,-1.278229053708621,-1.2243599258255562,-1.205356254901651,-0.8942774616501927,2.9,-1.301005102159485,0.26825,0.285208,0.053591,0.218825,1.744142,0.956348,-1.280081,1.519151,1.744142,0.956348,-1.280081,1.519151,-11.513935544081898,-6.32550615065081,-10.177797917498456,-11.684264508688795,-7.126110898994554,-1.2406371908989209
STU_000823,ENGR 106,2025F,S02,INST_ENGR106_02,2025F,20253,ENGR 106__2025F,ENGR 106__2025F__S02,1,post,3.7,1.4344225295449842,3.875,4,3,3.8,3.8333333333333335,0.5913630589875549,0.9586717902814668,-0.9020301132509271,0.6666708921722283,0.7064383601163647,3.7,0.4458612768488326,0.26825,0.285208,0.053591,0.218825,1.744142,0.956348,-1.280081,1.519151,1.744142,0.956348,-1.280081,1.519151,3.644917365057251,2.223065130852576,2.646686134988856,3.6812068528286788,2.3836066131081988,0.3826731844601127
STU_001222,ENGR 106,2025F,S02,INST_ENGR106_02,2025F,20253,ENGR 106__2025F,ENGR 106__2025F__S02,1,post,4,1.8116742112502071,4.25,3.8,4.666666666666667,4,3.8333333333333335,1.3413689445301433,0.5858549829497852,2.321268012495367,1.0410763215870045,0.7064383601163647,4.133333333333334,1.3920805654783381,0.26825,0.285208,0.053591,0.218825,1.744142,0.956348,-1.280081,1.519151,1.744142,0.956348,-1.280081,1.519151,12.723166451005666,6.567478212921036,11.637963597835459,12.808689413371185,7.70217942796384,1.3680171484144106
STU_000850,ENGR 106,2025F,S02,INST_ENGR106_02,2025F,20253,ENGR 106__2025F,ENGR 106__2025F__S02,1,post,2.7,0.17691692386090738,3.25,3.4,3,3,3.1666666666666665,-0.6586467502500923,-0.1597786317135771,-0.9020301132509271,-0.8309508254868748,-0.5741342972968816,3.1666666666666665,-0.7187163091567129,0.26825,0.285208,0.053591,0.218825,1.744142,0.956348,-1.280081,1.519151,1.744142,0.956348,-1.280081,1.519151,-6.453560496646854,-3.239501282728808,-5.762857247495977,-6.568383733006725,-3.990223185073284,-0.6924019246404737
STU_001310,ENGR 106,2025F,S02,INST_ENGR106_02,2025F,20253,ENGR 106__2025F,ENGR 106__2025F__S02,1,post,3.7,1.4344225295449842,4.125,4,4,4,4.5,1.0913669826826138,0.9586717902814668,1.031948762196849,1.0410763215870045,1.98701101752961,4.133333333333334,1.3920805654783381,0.26825,0.285208,0.053591,0.218825,1.744142,0.956348,-1.280081,1.519151,1.744142,0.956348,-1.280081,1.519151,12.648778339587816,6.7453000215612775,11.154169276758696,12.824042878527306,8.403839764953625,1.3695459874836118
STU_000933,ENGR 106,2025F,S02,INST_ENGR106_02,2025F,20253,ENGR 106__2025F,ENGR 106__2025F__S02,1,post,3.3,0.9314202872713531,4.5,4.8,4.5,4.6,4.666666666666667,1.8413728682252022,2.449939019608191,1.9989381999207372,2.1642926098313313,2.307154181882922,4.6,2.4110859532331883,0.26825,0.285208,0.053591,0.218825,1.744142,0.956348,-1.280081,1.519151,1.744142,0.956348,-1.280081,1.519151,22.80485291309141,12.625300444782365,20.156173912547747,23.245436180497855,14.52480700211646,2.469951370493619
STU_001003,ENGR 106,2025F,S02,INST_ENGR106_02,2025F,20253,ENGR 106__2025F,ENGR 106__2025F__S02,1,post,3.3,0.9314202872713531,4.625,4.4,4.333333333333333,4.2,4.833333333333333,2.0913748300727315,1.7043054049448298,1.6766083873461073,1.4154817510017808,2.6272973462362326,4.5,2.192727655857149,0.26825,0.285208,0.053591,0.218825,1.744142,0.956348,-1.280081,1.519151,1.744142,0.956348,-1.280081,1.519151,20.37796287757368,10.89566993434371,17.81504141659221,20.411522098863976,13.15349030425625,2.187451443890338
STU_001390,ENGR 106,2025F,S02,INST_ENGR106_02,2025F,20253,ENGR 106__2025F,ENGR 106__2025F__S02,1,post,4,1.8116742112502071,4,3.2,3.8333333333333335,4.4,4,0.8413650208350845,-0.5325954390452579,0.7096189496222199,1.789887180416557,1.0265815244696759,3.9,0.8825778716009113,0.26825,0.285208,0.053591,0.218825,1.744142,0.956348,-1.280081,1.519151,1.744142,0.956348,-1.280081,1.519151,8.052429156056629,3.6650200836374114,7.066678014629809,8.432842396989061,5.206153181030032,0.8661080373022959
STU_001043,ENGR 106,2025F,S03,INST_ENGR106_03,2025F,20253,ENGR 106__2025F,ENGR 106__2025F__S03,1,post,3,0.5541686055661302,4.25,4.4,4.166666666666667,4.2,4.333333333333333,1.3413689445301433,1.7043054049448298,1.354278574771479,1.4154817510017808,1.6668678531762982,4.266666666666667,1.6832249619797233,0.26825,0.285208,0.053591,0.218825,1.744142,0.956348,-1.280081,1.519151,1.744142,0.956348,-1.280081,1.519151,14.930941487539174,8.269562623457269,13.198717981004476,15.193739836213316,9.549154892141818,1.61721076127642
STU_000720,ENGR 106,2025F,S03,INST_ENGR106_03,2025F,20253,ENGR 106__2025F,ENGR 106__2025F__S03,1,post,3,0.5541686055661302,3.375,3,3.5,3.2,3.5,-0.40864478840256285,-0.9054122463769394,0.06495932447296097,-0.4565453960720986,0.06615203140974155,3.3333333333333335,-0.3547858135299795,0.26825,0.285208,0.053591,0.218825,1.744142,0.956348,-1.280081,1.519151,1.744142,0.956348,-1.280081,1.519151,-3.3171350241181052,-2.0809687878908836,-2.7679325430990684,-3.359815959730387,-1.8519802476328018,-0.3531710315017728
STU_000820,ENGR 106,2025F,S03,INST_ENGR106_03,2025F,20253,ENGR 106__2025F,ENGR 106__2025F__S03,1,post,1.3,-1.5835909240968005,2.5,3,3.1666666666666665,2.6,2.6666666666666665,-2.158658521335269,-0.9054122463769394,-0.5797003006762981,-1.5797616843164264,-1.534563790356816,2.7666666666666666,-1.5921494986608713,0.26825,0.285208,0.053591,0.218825,1.744142,0.956348,-1.280081,1.519151,1.744142,0.956348,-1.280081,1.519151,-14.38834131355285,-7.404607175426269,-12.133080820064649,-14.318391416873737,-8.927724137472051,-1.5177008304339894
STU_001058,ENGR 106,2025F,S03,INST_ENGR106_03,2025F,20253,ENGR 106__2025F,ENGR 106__2025F__S03,1,post,3.3,0.9314202872713531,4,3.2,3.6666666666666665,3,4.166666666666667,0.8413650208350845,-0.5325954390452579,0.38728913704759005,-0.8309508254868748,1.3467246888229878,3.6666666666666665,0.3730751777234853,0.26825,0.285208,0.053591,0.218825,1.744142,0.956348,-1.280081,1.519151,1.744142,0.956348,-1.280081,1.519151,3.4710459455326834,1.3085872493129083,2.8715981918584577,2.9677271786998523,2.5724599155511187,0.34955886393000823
STU_000957,ENGR 106,2025F,S03,INST_ENGR106_03,2025F,20253,ENGR 106__2025F,ENGR 106__2025F__S03,1,post,3.7,1.4344225295449842,3.875,3.4,3.5,4,3.6666666666666665,0.5913630589875549,-0.1597786317135771,0.06495932447296097,1.0410763215870045,0.3862951957630527,3.7,0.4458612768488326,0.26825,0.285208,0.053591,0.218825,1.744142,0.956348,-1.280081,1.519151,1.744142,0.956348,-1.280081,1.519151,4.193206565742502,1.9417074545096875,3.5000337838690596,4.330000754158791,2.5746225690444557,0.4421208352496693
STU_000657,ENGR 106,2025F,S03,INST_ENGR106_03,2025F,20253,ENGR 106__2025F,ENGR 106__2025F__S03,1,post,3,0.5541686055661302,3.75,3.8,3.6666666666666665,3.6,4,0.3413610971400255,0.5858549829497852,0.38728913704759005,0.29226546275745297,1.0265815244696759,3.7666666666666666,0.5914334750995252,0.26825,0.285208,0.053591,0.218825,1.744142,0.956348,-1.280081,1.519151,1.744142,0.956348,-1.280081,1.519151,4.995927258802819,2.7911080430400523,4.427958705461605,5.071400536629898,3.450600516280346,0.5463845790741403
STU_001067,ENGR 106,2025F,S03,INST_ENGR106_03,2025F,20253,ENGR 106__2025F,ENGR 106__2025F__S03,1,post,2.7,0.17691692386090738,3.375,2.8,3.1666666666666665,3,3.5,-0.40864478840256285,-1.278229053708621,-0.5797003006762981,-0.8309508254868748,0.06615203140974155,3.2,-0.6459302100313656,0.26825,0.285208,0.053591,0.218825,1.744142,0.956348,-1.280081,1.519151,1.744142,0.956348,-1.280081,1.519151,-5.717761876774225,-3.508351753915893,-5.081107090758694,-5.924456649640656,-3.2480296793792305,-0.6211316408749776
STU_000291,ENGR 140,2025SP,S01,INST_ENGR140_01,2026SP,20251,ENGR 140__2025SP,ENGR 140__2025SP__S01,0,pre,2.7,0.17691692386090738,4,4,4,3.6,3.3333333333333335,0.8413650208350845,0.9586717902814668,1.031948762196849,0.29226546275745297,-0.2539911329435696,3.8,0.6642195742248714,0.177158,0.041667,0.341409,0.184348,0.22511,-1.327359,1.536533,0.357598,0,-0,0,0,6.098213720764324,3.4512949738736918,5.462244084994832,5.993961638259412,3.282215732111435,0.645134732459455
STU_001369,ENGR 140,2025SP,S01,INST_ENGR140_01,2026SP,20251,ENGR 140__2025SP,ENGR 140__2025SP__S01,0,pre,3,0.5541686055661302,3.75,4,3.6666666666666665,4.2,3.8333333333333335,0.3413610971400255,0.9586717902814668,0.38728913704759005,1.4154817510017808,0.7064383601163647,3.8666666666666667,0.809791772475565,0.177158,0.041667,0.341409,0.184348,0.22511,-1.327359,1.536533,0.357598,0,-0,0,0,7.119584993237289,4.055227037286677,6.272411251849015,7.55427626357896,4.579628374507916,0.7826082103800237
STU_000936,ENGR 140,2025SP,S01,INST_ENGR140_01,2026SP,20251,ENGR 140__2025SP,ENGR 140__2025SP__S01,0,pre,2.7,0.17691692386090738,3.625,3.2,3.3333333333333335,3.6,3.1666666666666665,0.09135913529249606,-0.5325954390452579,-0.25737048810166807,0.29226546275745297,-0.5741342972968816,3.4,-0.20921361527928692,0.177158,0.041667,0.341409,0.184348,0.22511,-1.327359,1.536533,0.357598,0,-0,0,0,-1.9561645021472076,-1.3086991877267555,-1.8638904299023138,-1.9734734624891748,-1.4971767874150663,-0.2235081444476585
STU_000270,ENGR 140,2025SP,S01,INST_ENGR140_01,2026SP,20251,ENGR 140__2025SP,ENGR 140__2025SP__S01,0,pre,2.7,0.17691692386090738,3.625,4.2,3.6666666666666665,4,3.8333333333333335,0.09135913529249606,1.3314885976131483,0.38728913704759005,1.0410763215870045,0.7064383601163647,3.8333333333333335,0.7370056733502187,0.177158,0.041667,0.341409,0.184348,0.22511,-1.327359,1.536533,0.357598,0,-0,0,0,6.154586303705859,3.829033421401472,5.551437279210401,6.60247134492637,4.094014481607199,0.690292047020596
STU_001023,ENGR 140,2025SP,S01,INST_ENGR140_01,2026SP,20251,ENGR 140__2025SP,ENGR 140__2025SP__S01,0,pre,2,-0.7033370001179466,3.25,3.4,3,3.4,3.8333333333333335,-0.6586467502500923,-0.1597786317135771,-0.9020301132509271,-0.08213996665732322,0.7064383601163647,3.3666666666666667,-0.28199971440463323,0.177158,0.041667,0.341409,0.184348,0.22511,-1.327359,1.536533,0.357598,0,-0,0,0,-2.7635002094099512,-1.35530523090382,-2.539597289480278,-2.585375339777388,-1.1365825258373328,-0.2797630644194637
STU_001455,ENGR 140,2025SP,S01,INST_ENGR140_01,2026SP,20251,ENGR 140__2025SP,ENGR 140__2025SP__S01,0,pre,2.3,-0.3260853184127238,3.5,3,3.3333333333333335,3.4,2.8333333333333335,-0.1586428265550334,-0.9054122463769394,-0.25737048810166807,-0.08213996665732322,-1.214420626003504,3.2333333333333334,-0.5731441109060194,0.177158,0.041667,0.341409,0.184348,0.22511,-1.327359,1.536533,0.357598,0,-0,0,0,-4.974933664139382,-2.9866874065253484,-4.421022984884579,-5.081450940124591,-3.5674174960865637,-0.5513706497082359
STU_000413,ENGR 140,2025SP,S01,INST_ENGR140_01,2026SP,20251,ENGR 140__2025SP,ENGR 140__2025SP__S01,0,pre,2.3,-0.3260853184127238,3.25,3.2,3.3333333333333335,3.2,2.8333333333333335,-0.6586467502500923,-0.5325954390452579,-0.25737048810166807,-0.4565453960720986,-1.214420626003504,3.1666666666666665,-0.7187163091567129,0.177158,0.041667,0.341409,0.184348,0.22511,-1.327359,1.536533,0.357598,0,-0,0,0,-6.167837681299831,-3.2756351498792093,-5.298990175334563,-6.197544230587204,-4.164188723749888,-0.6633234273711305
STU_001371,ENGR 140,2025SP,S02,INST_ENGR140_02,2026SP,20251,ENGR 140__2025SP,ENGR 140__2025SP__S02,0,pre,0.7,-2.338094287507247,2.875,2,2.1666666666666665,3.2,2.3333333333333335,-1.4086526357926807,-2.7694962830353456,-2.513679176124074,-0.4565453960720986,-2.1748501190634384,2.533333333333333,-2.1016521925382974,0.177158,0.041667,0.341409,0.184348,0.22511,-1.327359,1.536533,0.357598,0,-0,0,0,-17.9969679842217,-10.303653341518388,-16.27031372128441,-18.04032078685946,-11.579233298814792,-1.9575069313564013
STU_000862,ENGR 140,2025SP,S02,INST_ENGR140_02,2026SP,20251,ENGR 140__2025SP,ENGR 140__2025SP__S02,0,pre,2.7,0.17691692386090738,3.75,3.2,3.1666666666666665,3.2,3.6666666666666665,0.3413610971400255,-0.5325954390452579,-0.5797003006762981,-0.4565453960720986,0.3862951957630527,3.433333333333333,-0.13642751615394064,0.177158,0.041667,0.341409,0.184348,0.22511,-1.327359,1.536533,0.357598,0,-0,0,0,-1.1465897744166236,-0.9515005179510159,-1.344131115111629,-1.4592255820961655,-0.6087784547009949,-0.1451870613270347
STU_000130,ENGR 140,2025SP,S02,INST_ENGR140_02,2026SP,20251,ENGR 140__2025SP,ENGR 140__2025SP__S02,0,pre,2.7,0.17691692386090738,3.125,3.2,3,2.8,3.1666666666666665,-0.9086487120976218,-0.5325954390452579,-0.9020301132509271,-1.205356254901651,-0.5741342972968816,3.066666666666667,-0.9370746065327518,0.177158,0.041667,0.341409,0.184348,0.22511,-1.327359,1.536533,0.357598,0,-0,0,0,-8.467057597890328,-4.445212539388434,-7.4641273829736665,-8.659820849584044,-5.186547531037267,-0.9094177012377249
STU_000091,ENGR 140,2025SP,S02,INST_ENGR140_02,2026SP,20251,ENGR 140__2025SP,ENGR 140__2025SP__S02,0,pre,3.3,0.9314202872713531,3.875,4,4.166666666666667,3.6,4,0.5913630589875549,0.9586717902814668,1.354278574771479,0.29226546275745297,1.0265815244696759,3.933333333333333,0.9553639707262576,0.177158,0.041667,0.341409,0.184348,0.22511,-1.327359,1.536533,0.357598,0,-0,0,0,8.131383398744944,4.537998745040034,7.479651366233998,8.215243582536608,5.305900715357801,0.8894247220987387
STU_000131,ENGR 140,2025SP,S02,INST_ENGR140_02,2026SP,20251,ENGR 140__2025SP,ENGR 140__2025SP__S02,0,pre,3,0.5541686055661302,3.75,3.8,3.5,3.8,3.3333333333333335,0.3413610971400255,0.5858549829497852,0.06495932447296097,0.6666708921722283,-0.2539911329435696,3.6333333333333333,0.300289078598139,0.177158,0.041667,0.341409,0.184348,0.22511,-1.327359,1.536533,0.357598,0,-0,0,0,2.352681328548289,1.4354375470618221,1.968955993267553,2.4702517164254147,1.1977960580977587,0.25046540732314493
STU_000700,ENGR 140,2025SP,S02,INST_ENGR140_02,2026SP,20251,ENGR 140__2025SP,ENGR 140__2025SP__S02,0,pre,1.3,-1.5835909240968005,3.875,3.6,4.166666666666667,3.8,3.3333333333333335,0.5913630589875549,0.21303817561810445,1.354278574771479,0.6666708921722283,-0.2539911329435696,3.7666666666666666,0.5914334750995252,0.177158,0.041667,0.341409,0.184348,0.22511,-1.327359,1.536533,0.357598,0,-0,0,0,5.167838295907967,2.6241036441839216,4.857970557046819,5.238394442169654,2.7953371572713506,0.5531804156702876
STU_000278,ENGR 140,2025SP,S03,INST_ENGR140_03,2026SP,20251,ENGR 140__2025SP,ENGR 140__2025SP__S03,0,pre,2,-0.7033370001179466,3.25,3,2.8333333333333335,2.6,2.8333333333333335,-0.6586467502500923,-0.9054122463769394,-1.2243599258255562,-1.5797616843164264,-1.214420626003504,2.933333333333333,-1.228219003034139,0.177158,0.041667,0.341409,0.184348,0.22511,-1.327359,1.536533,0.357598,0,-0,0,0,-10.72207696548282,-5.824699045443949,-9.684359636804658,-11.191448436752472,-6.91972847339696,-1.1750371959675183
STU_000895,ENGR 140,2025SP,S03,INST_ENGR140_03,2026SP,20251,ENGR 140__2025SP,ENGR 140__2025SP__S03,0,pre,1.7,-1.0805886818231698,3.25,3.6,3.3333333333333335,3.4,3.1666666666666665,-0.6586467502500923,0.21303817561810445,-0.25737048810166807,-0.08213996665732322,-0.5741342972968816,3.3333333333333335,-0.3547858135299795,0.177158,0.041667,0.341409,0.184348,0.22511,-1.327359,1.536533,0.357598,0,-0,0,0,-3.2618188137958417,-1.4501726791893772,-2.7365475607803886,-3.1086566426818965,-2.1085755854800596,-0.33722352540136025
STU_000212,ENGR 140,2025SP,S03,INST_ENGR140_03,2026SP,20251,ENGR 140__2025SP,ENGR 140__2025SP__S03,0,pre,1.3,-1.5835909240968005,2.75,3,2.6666666666666665,2.2,2.6666666666666665,-1.65865459764021,-0.9054122463769394,-1.546689738400186,-2.328572543145978,-1.534563790356816,2.6666666666666665,-1.8105077960369111,0.177158,0.041667,0.341409,0.184348,0.22511,-1.327359,1.536533,0.357598,0,-0,0,0,-16.259216570307263,-8.462681632924783,-14.284308312966052,-16.664624323122766,-10.181845505623004,-1.7491865223364578
STU_001118,ENGR 140,2025SP,S03,INST_ENGR140_03,2026SP,20251,ENGR 140__2025SP,ENGR 140__2025SP__S03,0,pre,3.3,0.9314202872713531,4,4,3.6666666666666665,3.8,3.6666666666666665,0.8413650208350845,0.9586717902814668,0.38728913704759005,0.6666708921722283,0.3862951957630527,3.8333333333333335,0.7370056733502187,0.177158,0.041667,0.341409,0.184348,0.22511,-1.327359,1.536533,0.357598,0,-0,0,0,6.690405344239172,3.740479147538899,5.7104371259935025,6.685246967605129,3.994878766290503,0.7103625199766149
STU_000777,ENGR 140,2025SP,S03,INST_ENGR140_03,2026SP,20251,ENGR 140__2025SP,ENGR 140__2025SP__S03,0,pre,2.3,-0.3260853184127238,3,3.4,3.1666666666666665,3.2,2.8333333333333335,-1.1586506739451512,-0.1597786317135771,-0.5797003006762981,-0.4565453960720986,-1.214420626003504,3.1,-0.8642885074074055,0.177158,0.041667,0.341409,0.184348,0.22511,-1.327359,1.536533,0.357598,0,-0,0,0,-7.879840030069685,-3.8828916442166403,-6.742608554211433,-7.734969692528372,-5.081621561337721,-0.8313576071136246
STU_000536,ENGR 140,2025SP,S03,INST_ENGR140_03,2026SP,20251,ENGR 140__2025SP,ENGR 140__2025SP__S03,0,pre,2,-0.7033370001179466,3,3.6,3,2.8,3.8333333333333335,-1.1586506739451512,0.21303817561810445,-0.9020301132509271,-1.205356254901651,0.7064383601163647,3.2333333333333334,-0.5731441109060194,0.177158,0.041667,0.341409,0.184348,0.22511,-1.327359,1.536533,0.357598,0,-0,0,0,-5.153360003555011,-2.3033754516817155,-4.443902711487345,-5.130632831432078,-2.348755559331205,-0.5241350688625813
STU_000249,ENGR 140,2025SP,S03,INST_ENGR140_03,2026SP,20251,ENGR 140__2025SP,ENGR 140__2025SP__S03,0,pre,2.3,-0.3260853184127238,4.375,3.8,4.333333333333333,3.8,4,1.5913709063776729,0.5858549829497852,1.6766083873461073,0.6666708921722283,1.0265815244696759,4.1,1.31929446635299,0.177158,0.041667,0.341409,0.184348,0.22511,-1.327359,1.536533,0.357598,0,-0,0,0,12.08149407589397,6.153586746749769,10.7025458020665,11.911167104571664,7.391334600924562,1.2817996586978946
STU_001553,ENGR 140,2025F,S01,INST_ENGR140_01,2026SP,20253,ENGR 140__2025F,ENGR 140__2025F__S01,0,pre,4,1.8116742112502071,3.625,4,4.166666666666667,4,3.6666666666666665,0.09135913529249606,0.9586717902814668,1.354278574771479,1.0410763215870045,0.3862951957630527,3.8666666666666667,0.809791772475565,0.177158,0.041667,0.341409,0.184348,0.22511,-1.327359,1.536533,0.357598,0,-0,0,0,6.838002431836593,3.9843941303326558,6.52423334260654,7.320118819679502,4.314713701945487,0.7671509242794835
STU_001491,ENGR 140,2025F,S01,INST_ENGR140_01,2026SP,20253,ENGR 140__2025F,ENGR 140__2025F__S01,0,pre,2.7,0.17691692386090738,4.125,3.8,4.333333333333333,3.6,3.3333333333333335,1.0913669826826138,0.5858549829497852,1.6766083873461073,0.29226546275745297,-0.2539911329435696,3.8666666666666667,0.809791772475565,0.177158,0.041667,0.341409,0.184348,0.22511,-1.327359,1.536533,0.357598,0,-0,0,0,7.679550641242041,3.990121437750301,7.025246327689308,7.493755933688387,4.221645070682264,0.8104940280691525
STU_001462,ENGR 140,2025F,S01,INST_ENGR140_01,2026SP,20253,ENGR 140__2025F,ENGR 140__2025F__S01,0,pre,4,1.8116742112502071,3.125,2.6,3.1666666666666665,3.4,3.1666666666666665,-0.9086487120976218,-1.6510458610403016,-0.5797003006762981,-0.08213996665732322,-0.5741342972968816,3.1,-0.8642885074074055,0.177158,0.041667,0.341409,0.184348,0.22511,-1.327359,1.536533,0.357598,0,-0,0,0,-7.802292010289129,-4.637994537665998,-6.7307081712722105,-7.636704591134649,-4.760368840549806,-0.8319180408732771
STU_000076,ENGR 140,2025F,S01,INST_ENGR140_01,2026SP,20253,ENGR 140__2025F,ENGR 140__2025F__S01,0,pre,2.7,0.17691692386090738,2.75,2.6,2.6666666666666665,2.8,2.8333333333333335,-1.65865459764021,-1.6510458610403016,-1.546689738400186,-1.205356254901651,-1.214420626003504,2.7333333333333334,-1.6649355977862175,0.177158,0.041667,0.341409,0.184348,0.22511,-1.327359,1.536533,0.357598,0,-0,0,0,-14.79725255505345,-8.09252588813989,-13.041587198436376,-14.85565139098331,-9.138786220321583,-1.5873648174203583
STU_001464,ENGR 140,2025F,S01,INST_ENGR140_01,2026SP,20253,ENGR 140__2025F,ENGR 140__2025F__S01,0,pre,3.3,0.9314202872713531,3.625,3,3.8333333333333335,3,4,0.09135913529249606,-0.9054122463769394,0.7096189496222199,-0.8309508254868748,1.0265815244696759,3.533333333333333,0.0819307812220992,0.177158,0.041667,0.341409,0.184348,0.22511,-1.327359,1.536533,0.357598,0,-0,0,0,0.5389796343108472,-0.21015987732500213,0.7035693588101614,0.27224553920563227,0.8110545805888826,0.05647268617773965
STU_001296,ENGR 140,2025F,S01,INST_ENGR140_01,2026SP,20253,ENGR 140__2025F,ENGR 140__2025F__S01,0,pre,3.7,1.4344225295449842,3.625,3.6,3.6666666666666665,3.2,3.3333333333333335,0.09135913529249606,0.21303817561810445,0.38728913704759005,-0.4565453960720986,-0.2539911329435696,3.5,0.009144682096752907,0.177158,0.041667,0.341409,0.184348,0.22511,-1.327359,1.536533,0.357598,0,-0,0,0,0.023516442609794123,0.07590238838337872,0.14672997284265624,-0.13276959319081633,-0.1436036573614321,-9.446526755845991e-4
STU_001532,ENGR 140,2025F,S01,INST_ENGR140_01,2026SP,20253,ENGR 140__2025F,ENGR 140__2025F__S01,0,pre,2.3,-0.3260853184127238,3.375,3,3.5,2.8,3.3333333333333335,-0.40864478840256285,-0.9054122463769394,0.06495932447296097,-1.205356254901651,-0.2539911329435696,3.2333333333333334,-0.5731441109060194,0.177158,0.041667,0.341409,0.184348,0.22511,-1.327359,1.536533,0.357598,0,-0,0,0,-5.192548737777933,-3.036223659350796,-4.397153114367092,-5.477976970176791,-3.129886132211623,-0.5622096431515965
STU_000717,ENGR 140,2025F,S02,INST_ENGR140_02,2026SP,20253,ENGR 140__2025F,ENGR 140__2025F__S02,0,pre,0.7,-2.338094287507247,3.75,4,4,3.6,3.8333333333333335,0.3413610971400255,0.9586717902814668,1.031948762196849,0.29226546275745297,0.7064383601163647,3.8333333333333335,0.7370056733502187,0.177158,0.041667,0.341409,0.184348,0.22511,-1.327359,1.536533,0.357598,0,-0,0,0,6.275268736435958,3.6377917739845156,5.819951847309892,6.396101777089266,4.033212468236907,0.6905181783688692
STU_001227,ENGR 140,2025F,S02,INST_ENGR140_02,2026SP,20253,ENGR 140__2025F,ENGR 140__2025F__S02,0,pre,2.7,0.17691692386090738,3.375,3.8,3.5,3.8,3.1666666666666665,-0.40864478840256285,0.5858549829497852,0.06495932447296097,0.6666708921722283,-0.5741342972968816,3.5,0.009144682096752907,0.177158,0.041667,0.341409,0.184348,0.22511,-1.327359,1.536533,0.357598,0,-0,0,0,0.026395288815269168,0.37019037293888,0.16185459020192156,0.3717251329795647,-0.20123273154055388,0.01911071281023688
STU_001278,ENGR 140,2025F,S02,INST_ENGR140_02,2026SP,20253,ENGR 140__2025F,ENGR 140__2025F__S02,0,pre,2.3,-0.3260853184127238,2.875,3,3,2.4,2.5,-1.4086526357926807,-0.9054122463769394,-0.9020301132509271,-1.9541671137312024,-1.8547069547101271,2.7666666666666666,-1.5921494986608713,0.177158,0.041667,0.341409,0.184348,0.22511,-1.327359,1.536533,0.357598,0,-0,0,0,-13.99427315322003,-7.330457684818094,-12.160058514741843,-14.336014798183584,-9.050036255599931,-1.5079492207140068
STU_000861,ENGR 140,2025F,S02,INST_ENGR140_02,2026SP,20253,ENGR 140__2025F,ENGR 140__2025F__S02,0,pre,2.3,-0.3260853184127238,3,3.6,3,3,2.6666666666666665,-1.1586506739451512,0.21303817561810445,-0.9020301132509271,-0.8309508254868748,-1.534563790356816,3.033333333333333,-1.009860705658099,0.177158,0.041667,0.341409,0.184348,0.22511,-1.327359,1.536533,0.357598,0,-0,0,0,-9.25537777260329,-4.4272956089683,-8.10604609163841,-9.263722435230678,-6.0704388178244955,-0.9868843195651651
STU_000586,ENGR 140,2025F,S02,INST_ENGR140_02,2026SP,20253,ENGR 140__2025F,ENGR 140__2025F__S02,0,pre,2.3,-0.3260853184127238,3.5,3.6,3.3333333333333335,3.8,3.5,-0.1586428265550334,0.21303817561810445,-0.25737048810166807,0.6666708921722283,0.06615203140974155,3.533333333333333,0.0819307812220992,0.177158,0.041667,0.341409,0.184348,0.22511,-1.327359,1.536533,0.357598,0,-0,0,0,0.5795369617062348,0.4270994902898694,0.4587056889620251,0.8285354919452271,0.41019224063917137,0.07130764094464458
STU_000083,ENGR 140,2025F,S02,INST_ENGR140_02,2026SP,20253,ENGR 140__2025F,ENGR 140__2025F__S02,0,pre,2.7,0.17691692386090738,3.875,4,3.8333333333333335,3.8,3.8333333333333335,0.5913630589875549,0.9586717902814668,0.7096189496222199,0.6666708921722283,0.7064383601163647,3.8666666666666667,0.809791772475565,0.177158,0.041667,0.341409,0.184348,0.22511,-1.327359,1.536533,0.357598,0,-0,0,0,7.142299561797591,4.017719132573734,6.343857708670205,7.262891671078567,4.478046213735977,0.7735570679865251
STU_000273,ENGR 140,2025F,S02,INST_ENGR140_02,2026SP,20253,ENGR 140__2025F,ENGR 140__2025F__S02,0,pre,2.7,0.17691692386090738,3.25,3,3.1666666666666665,3,3,-0.6586467502500923,-0.9054122463769394,-0.5797003006762981,-0.8309508254868748,-0.8942774616501927,3.1,-0.8642885074074055,0.177158,0.041667,0.341409,0.184348,0.22511,-1.327359,1.536533,0.357598,0,-0,0,0,-7.889687476099634,-4.383035452292316,-6.9424287665046025,-8.09362893629287,-5.092053611813983,-0.8568321048741921
STU_000450,ENGR 140,2025F,S03,INST_ENGR140_03,2026SP,20253,ENGR 140__2025F,ENGR 140__2025F__S03,0,pre,2.3,-0.3260853184127238,3.125,2.8,3.3333333333333335,3,3.1666666666666665,-0.9086487120976218,-1.278229053708621,-0.25737048810166807,-0.8309508254868748,-0.5741342972968816,3.1,-0.8642885074074055,0.177158,0.041667,0.341409,0.184348,0.22511,-1.327359,1.536533,0.357598,0,-0,0,0,-7.918057592981897,-4.534749787156058,-6.735288474875119,-7.976728279749181,-4.846166498546375,-0.8461887614764835
STU_001531,ENGR 140,2025F,S03,INST_ENGR140_03,2026SP,20253,ENGR 140__2025F,ENGR 140__2025F__S03,0,pre,3,0.5541686055661302,3.375,3.8,4,3.4,3.8333333333333335,-0.40864478840256285,0.5858549829497852,1.031948762196849,-0.08213996665732322,0.7064383601163647,3.6666666666666665,0.3730751777234853,0.177158,0.041667,0.341409,0.184348,0.22511,-1.327359,1.536533,0.357598,0,-0,0,0,2.843542761118889,1.827322516030741,3.054836513162532,3.087764713105873,2.2115273707113117,0.34057878429749694
STU_001182,ENGR 140,2025F,S03,INST_ENGR140_03,2026SP,20253,ENGR 140__2025F,ENGR 140__2025F__S03,0,pre,3.7,1.4344225295449842,4,3.4,3.5,3.6,3.5,0.8413650208350845,-0.1597786317135771,0.06495932447296097,0.29226546275745297,0.06615203140974155,3.6333333333333333,0.300289078598139,0.177158,0.041667,0.341409,0.184348,0.22511,-1.327359,1.536533,0.357598,0,-0,0,0,2.7539942964563613,1.1595310980104776,2.1442420523837167,2.550094399752375,1.473221593541315,0.2708547752053679
STU_000528,ENGR 140,2025F,S03,INST_ENGR140_03,2026SP,20253,ENGR 140__2025F,ENGR 140__2025F__S03,0,pre,1.7,-1.0805886818231698,3.5,3.2,3,3.2,2.8333333333333335,-0.1586428265550334,-0.5325954390452579,-0.9020301132509271,-0.4565453960720986,-1.214420626003504,3.1666666666666665,-0.7187163091567129,0.177158,0.041667,0.341409,0.184348,0.22511,-1.327359,1.536533,0.357598,0,-0,0,0,-6.332293993617388,-3.518744596315033,-5.8861620593183295,-6.593889183756792,-4.441950740846832,-0.7061811201633866
STU_000531,ENGR 140,2025F,S03,INST_ENGR140_03,2026SP,20253,ENGR 140__2025F,ENGR 140__2025F__S03,0,pre,1,-1.9608426058020236,4,4.4,4.166666666666667,3.6,4.166666666666667,0.8413650208350845,1.7043054049448298,1.354278574771479,0.29226546275745297,1.3467246888229878,4.066666666666666,1.2465083672276438,0.177158,0.041667,0.341409,0.184348,0.22511,-1.327359,1.536533,0.357598,0,-0,0,0,10.839587893011867,6.293038975205317,9.778544331621074,10.86639921725444,7.026867510825548,1.1809230799417787
STU_000090,ENGR 140,2025F,S03,INST_ENGR140_03,2026SP,20253,ENGR 140__2025F,ENGR 140__2025F__S03,0,pre,2.7,0.17691692386090738,3.75,4,3.5,3.8,3.8333333333333335,0.3413610971400255,0.9586717902814668,0.06495932447296097,0.6666708921722283,0.7064383601163647,3.7666666666666666,0.5914334750995252,0.177158,0.041667,0.341409,0.184348,0.22511,-1.327359,1.536533,0.357598,0,-0,0,0,5.0849615232193015,3.0153155492647223,4.378061370173479,5.264932545146344,3.3516897663377807,0.5556442976641051
STU_001374,ENGR 140,2026SP,S01,INST_ENGR140_01,2026SP,20261,ENGR 140__2026SP,ENGR 140__2026SP__S01,1,post,2.3,-0.3260853184127238,3.5,3.2,2.6666666666666665,3,3.3333333333333335,-0.1586428265550334,-0.5325954390452579,-1.546689738400186,-0.8309508254868748,-0.2539911329435696,3.1666666666666665,-0.7187163091567129,0.177158,0.041667,0.341409,0.184348,0.22511,-1.327359,1.536533,0.357598,0.22511,-1.327359,1.536533,0.357598,-6.15384875814993,-3.3823912924567496,-5.962613939913178,-6.483450105005069,-3.7854332651233236,-0.6843492304856136
STU_001026,ENGR 140,2026SP,S01,INST_ENGR140_01,2026SP,20261,ENGR 140__2026SP,ENGR 140__2026SP__S01,1,post,2.7,0.17691692386090738,3.375,3.8,3.5,3.8,3.5,-0.40864478840256285,0.5858549829497852,0.06495932447296097,0.6666708921722283,0.06615203140974155,3.566666666666667,0.15471688034744646,0.177158,0.041667,0.341409,0.184348,0.22511,-1.327359,1.536533,0.357598,0.22511,-1.327359,1.536533,0.357598,0.7580598236371596,0.7669209303161251,0.8830783048550713,1.1724792504345978,0.6100307325496205,0.1086335833258553
STU_000246,ENGR 140,2026SP,S01,INST_ENGR140_01,2026SP,20261,ENGR 140__2026SP,ENGR 140__2026SP__S01,1,post,4,1.8116742112502071,3.625,4,3.1666666666666665,3.6,3.3333333333333335,0.09135913529249606,0.9586717902814668,-0.5797003006762981,0.29226546275745297,-0.2539911329435696,3.533333333333333,0.0819307812220992,0.177158,0.041667,0.341409,0.184348,0.22511,-1.327359,1.536533,0.357598,0.22511,-1.327359,1.536533,0.357598,0.5044326542702495,0.7443109226263303,0.2143356703844109,0.578973570511008,0.14561959429442212,0.05469966125199482
STU_001367,ENGR 140,2026SP,S01,INST_ENGR140_01,2026SP,20261,ENGR 140__2026SP,ENGR 140__2026SP__S01,1,post,3.3,0.9314202872713531,4,3.8,4.333333333333333,3.8,4.166666666666667,0.8413650208350845,0.5858549829497852,1.6766083873461073,0.6666708921722283,1.3467246888229878,4.033333333333333,1.1737222681022974,0.177158,0.041667,0.341409,0.184348,0.22511,-1.327359,1.536533,0.357598,0.22511,-1.327359,1.536533,0.357598,10.403261601640034,5.464023761283357,9.505397525462921,10.53162864117608,6.7563724382638455,1.130539989924873
STU_000019,ENGR 140,2026SP,S01,INST_ENGR140_01,2026SP,20261,ENGR 140__2026SP,ENGR 140__2026SP__S01,1,post,2.7,0.17691692386090738,3.375,3.6,3.5,3.8,4,-0.40864478840256285,0.21303817561810445,0.06495932447296097,0.6666708921722283,1.0265815244696759,3.6333333333333333,0.300289078598139,0.177158,0.041667,0.341409,0.184348,0.22511,-1.327359,1.536533,0.357598,0.22511,-1.327359,1.536533,0.357598,2.2356239245529035,1.3635717348032739,2.174802223940231,2.704342014431207,2.001376456286749,0.2741007627805434
STU_001098,ENGR 140,2026SP,S01,INST_ENGR140_01,2026SP,20261,ENGR 140__2026SP,ENGR 140__2026SP__S01,1,post,2.7,0.17691692386090738,3.75,3.8,3.8333333333333335,4.2,3.3333333333333335,0.3413610971400255,0.5858549829497852,0.7096189496222199,1.4154817510017808,-0.2539911329435696,3.7666666666666666,0.5914334750995252,0.177158,0.041667,0.341409,0.184348,0.22511,-1.327359,1.536533,0.357598,0.22511,-1.327359,1.536533,0.357598,5.078366140838764,2.824870430506287,4.617911004975304,5.486202647102562,2.8305224740171413,0.5556515104088058
STU_000469,ENGR 140,2026SP,S01,INST_ENGR140_01,2026SP,20261,ENGR 140__2026SP,ENGR 140__2026SP__S01,1,post,3.3,0.9314202872713531,4.125,4,4,3.8,4.166666666666667,1.0913669826826138,0.9586717902814668,1.031948762196849,0.6666708921722283,1.3467246888229878,4.033333333333333,1.1737222681022974,0.177158,0.041667,0.341409,0.184348,0.22511,-1.327359,1.536533,0.357598,0.22511,-1.327359,1.536533,0.357598,10.651929389431103,5.727437873109612,9.378515046648468,10.646714089900046,6.8388067244179584,1.1443356055064546
STU_000064,ENGR 140,2026SP,S01,INST_ENGR140_01,2026SP,20261,ENGR 140__2026SP,ENGR 140__2026SP__S01,1,post,3.7,1.4344225295449842,3.75,3.8,3.6666666666666665,3.4,3.8333333333333335,0.3413610971400255,0.5858549829497852,0.38728913704759005,-0.08213996665732322,0.7064383601163647,3.7,0.4458612768488326,0.177158,0.041667,0.341409,0.184348,0.22511,-1.327359,1.536533,0.357598,0.22511,-1.327359,1.536533,0.357598,3.502992989209281,2.0135096289570447,3.1178298362630055,3.440045443318877,2.3801847069291187,0.3800222176564297
STU_000294,ENGR 140,2026SP,S02,INST_ENGR140_02,2026SP,20261,ENGR 140__2026SP,ENGR 140__2026SP__S02,1,post,3.3,0.9314202872713531,4.25,3.8,3.6666666666666665,3.6,3.6666666666666665,1.3413689445301433,0.5858549829497852,0.38728913704759005,0.29226546275745297,0.3862951957630527,3.8333333333333335,0.7370056733502187,0.177158,0.041667,0.341409,0.184348,0.22511,-1.327359,1.536533,0.357598,0.22511,-1.327359,1.536533,0.357598,6.817050418857117,3.5101257025282426,5.6577766507464204,6.51337435081167,3.989725440975752,0.7035354417902268
STU_001273,ENGR 140,2026SP,S02,INST_ENGR140_02,2026SP,20261,ENGR 140__2026SP,ENGR 140__2026SP__S02,1,post,3.7,1.4344225295449842,4.125,4,3.6666666666666665,4,3.6666666666666665,1.0913669826826138,0.9586717902814668,0.38728913704759005,1.0410763215870045,0.3862951957630527,3.9,0.8825778716009113,0.177158,0.041667,0.341409,0.184348,0.22511,-1.327359,1.536533,0.357598,0.22511,-1.327359,1.536533,0.357598,7.784230898330146,4.244908641428305,6.592057214203281,7.828540643448082,4.602537252504764,0.8239995866285713
STU_000997,ENGR 140,2026SP,S02,INST_ENGR140_02,2026SP,20261,ENGR 140__2026SP,ENGR 140__2026SP__S02,1,post,2.3,-0.3260853184127238,3.5,3.8,3.8333333333333335,4.2,3.3333333333333335,-0.1586428265550334,0.5858549829497852,0.7096189496222199,1.4154817510017808,-0.2539911329435696,3.7,0.4458612768488326,0.177158,0.041667,0.341409,0.184348,0.22511,-1.327359,1.536533,0.357598,0.22511,-1.327359,1.536533,0.357598,3.5846070961678698,2.1584883315844814,3.540200363524068,4.171631192155307,2.0531418956012675,0.4130034500059156
STU_000149,ENGR 140,2026SP,S02,INST_ENGR140_02,2026SP,20261,ENGR 140__2026SP,ENGR 140__2026SP__S02,1,post,3,0.5541686055661302,4.125,3.4,3.6666666666666665,3.8,3.8333333333333335,1.0913669826826138,-0.1597786317135771,0.38728913704759005,0.6666708921722283,0.7064383601163647,3.8,0.6642195742248714,0.177158,0.041667,0.341409,0.184348,0.22511,-1.327359,1.536533,0.357598,0.22511,-1.327359,1.536533,0.357598,6.043246439864138,2.777599717702957,5.051555894270933,5.920957530061055,3.7007038442117963,0.6268597282491079
STU_001248,ENGR 140,2026SP,S02,INST_ENGR140_02,2026SP,20261,ENGR 140__2026SP,ENGR 140__2026SP__S02,1,post,2.7,0.17691692386090738,4,3.6,3.5,3.6,3.5,0.8413650208350845,0.21303817561810445,0.06495932447296097,0.29226546275745297,0.06615203140974155,3.6666666666666665,0.3730751777234853,0.177158,0.041667,0.341409,0.184348,0.22511,-1.327359,1.536533,0.357598,0.22511,-1.327359,1.536533,0.357598,3.1552437634033854,1.5502415314040505,2.484863260008412,2.976180577335941,1.6918382583797265,0.3165552533263314
STU_000684,ENGR 140,2026SP,S02,INST_ENGR140_02,2026SP,20261,ENGR 140__2026SP,ENGR 140__2026SP__S02,1,post,2.3,-0.3260853184127238,3.125,2.6,2,3.2,2.6666666666666665,-0.9086487120976218,-1.6510458610403016,-2.8360089886987034,-0.4565453960720986,-1.534563790356816,2.7333333333333334,-1.6649355977862175,0.177158,0.041667,0.341409,0.184348,0.22511,-1.327359,1.536533,0.357598,0.22511,-1.327359,1.536533,0.357598,-14.393828185572653,-8.021664210827204,-13.389559640761702,-14.54563735539997,-9.226456256139144,-1.575201277560685
STU_000910,ENGR 140,2026SP,S02,INST_ENGR140_02,2026SP,20261,ENGR 140__2026SP,ENGR 140__2026SP__S02,1,post,2.3,-0.3260853184127238,3.75,3.6,3.8333333333333335,3.2,3.6666666666666665,0.3413610971400255,0.21303817561810445,0.7096189496222199,-0.4565453960720986,0.3862951957630527,3.6333333333333333,0.300289078598139,0.177158,0.041667,0.341409,0.184348,0.22511,-1.327359,1.536533,0.357598,0.22511,-1.327359,1.536533,0.357598,2.8156917723853296,1.4764104547306618,2.6491350336612456,2.6317961440939106,1.826439667239635,0.30114717731119717
STU_000250,ENGR 140,2026SP,S02,INST_ENGR140_02,2026SP,20261,ENGR 140__2026SP,ENGR 140__2026SP__S02,1,post,1.7,-1.0805886818231698,2.875,2.4,2.6666666666666665,2.8,2.5,-1.4086526357926807,-2.0238626683719834,-1.546689738400186,-1.205356254901651,-1.8547069547101271,2.6666666666666665,-1.8105077960369111,0.177158,0.041667,0.341409,0.184348,0.22511,-1.327359,1.536533,0.357598,0.22511,-1.327359,1.536533,0.357598,-15.510649360548209,-8.694106101507991,-13.721276636301033,-15.71624625961997,-9.939537744174816,-1.6802678183223951
STU_001064,ENGR 140,2026SP,S03,INST_ENGR140_03,2026SP,20261,ENGR 140__2026SP,ENGR 140__2026SP__S03,1,post,2.3,-0.3260853184127238,3.5,3.2,3.6666666666666665,3.4,3.3333333333333335,-0.1586428265550334,-0.5325954390452579,0.38728913704759005,-0.08213996665732322,-0.2539911329435696,3.433333333333333,-0.13642751615394064,0.177158,0.041667,0.341409,0.184348,0.22511,-1.327359,1.536533,0.357598,0.22511,-1.327359,1.536533,0.357598,-1.3597204373198668,-0.9303529676698381,-1.0000709646964134,-1.3425437233675492,-0.9055243744312225,-0.14413676420505495
STU_000640,ENGR 140,2026SP,S03,INST_ENGR140_03,2026SP,20261,ENGR 140__2026SP,ENGR 140__2026SP__S03,1,post,2.7,0.17691692386090738,4.125,3.6,3.6666666666666665,4,4,1.0913669826826138,0.21303817561810445,0.38728913704759005,1.0410763215870045,1.0265815244696759,3.9,0.8825778716009113,0.177158,0.041667,0.341409,0.184348,0.22511,-1.327359,1.536533,0.357598,0.22511,-1.327359,1.536533,0.357598,7.77053021570682,3.8679788186230084,6.611467159884973,7.825395218037403,4.9183808170666214,0.8238397381512336
STU_000950,ENGR 140,2026SP,S03,INST_ENGR140_03,2026SP,20261,ENGR 140__2026SP,ENGR 140__2026SP__S03,1,post,2.7,0.17691692386090738,3.375,3.4,3.5,3.6,3.5,-0.40864478840256285,-0.1597786317135771,0.06495932447296097,0.29226546275745297,0.06615203140974155,3.466666666666667,-0.06364141702859338,0.177158,0.041667,0.341409,0.184348,0.22511,-1.327359,1.536533,0.357598,0.22511,-1.327359,1.536533,0.357598,-0.7872590756834624,-0.40342541942034055,-0.5187996454131617,-0.5449004832581684,-0.3650369051711115,-0.06922204085486876
STU_000826,ENGR 140,2026SP,S03,INST_ENGR140_03,2026SP,20261,ENGR 140__2026SP,ENGR 140__2026SP__S03,1,post,2.7,0.17691692386090738,4.25,4.2,3.8333333333333335,4.2,3.6666666666666665,1.3413689445301433,1.3314885976131483,0.7096189496222199,1.4154817510017808,0.3862951957630527,4.033333333333333,1.1737222681022974,0.177158,0.041667,0.341409,0.184348,0.22511,-1.327359,1.536533,0.357598,0.22511,-1.327359,1.536533,0.357598,10.455150145435447,5.765928204033327,8.974855125052024,10.569771318071137,6.144307568445176,1.1120932063024909
STU_001016,ENGR 140,2026SP,S03,INST_ENGR140_03,2026SP,20261,ENGR 140__2026SP,ENGR 140__2026SP__S03,1,post,2.3,-0.3260853184127238,3.5,3.4,2.8333333333333335,3.6,3,-0.1586428265550334,-0.1597786317135771,-1.2243599258255562,0.29226546275745297,-0.8942774616501927,3.2666666666666666,-0.5003580117806731,0.177158,0.041667,0.341409,0.184348,0.22511,-1.327359,1.536533,0.357598,0.22511,-1.327359,1.536533,0.357598,-4.580786212407439,-2.3935381598489425,-4.4181099431474795,-4.54849278404899,-3.171909329966703,-0.5049549131256653
STU_001378,ENGR 140,2026SP,S03,INST_ENGR140_03,2026SP,20261,ENGR 140__2026SP,ENGR 140__2026SP__S03,1,post,2.7,0.17691692386090738,3,3,3.6666666666666665,3.2,3,-1.1586506739451512,-0.9054122463769394,0.38728913704759005,-0.4565453960720986,-0.8942774616501927,3.1666666666666665,-0.7187163091567129,0.177158,0.041667,0.341409,0.184348,0.22511,-1.327359,1.536533,0.357598,0.22511,-1.327359,1.536533,0.357598,-6.624147500416014,-3.634898452590185,-5.242555146404408,-6.445027340598045,-4.176033312883732,-0.6898169759238659
STU_000592,ENGR 140,2026SP,S03,INST_ENGR140_03,2026SP,20261,ENGR 140__2026SP,ENGR 140__2026SP__S03,1,post,3.3,0.9314202872713531,3.75,2.8,3.6666666666666665,3.6,3.3333333333333335,0.3413610971400255,-1.278229053708621,0.38728913704759005,0.29226546275745297,-0.2539911329435696,3.466666666666667,-0.06364141702859338,0.177158,0.041667,0.341409,0.184348,0.22511,-1.327359,1.536533,0.357598,0.22511,-1.327359,1.536533,0.357598,-0.6722554133430871,-1.0421203430965091,-0.5642501826195296,-0.7314952052208156,-0.6362349651666259,-0.08860233688493606
STU_000393,ENGR 140,2026SP,S04,INST_ENGR140_01,2026SP,20261,ENGR 140__2026SP,ENGR 140__2026SP__S04,1,post,2.7,0.17691692386090738,3.5,3.8,3.6666666666666665,3.2,3,-0.1586428265550334,0.5858549829497852,0.38728913704759005,-0.4565453960720986,-0.8942774616501927,3.433333333333333,-0.13642751615394064,0.177158,0.041667,0.341409,0.184348,0.22511,-1.327359,1.536533,0.357598,0.22511,-1.327359,1.536533,0.357598,-1.3680394034454233,-0.38146372351803876,-0.988985945751952,-1.4559107725349516,-1.2470107047638157,-0.14510543511012622
STU_000191,ENGR 140,2026SP,S04,INST_ENGR140_01,2026SP,20261,ENGR 140__2026SP,ENGR 140__2026SP__S04,1,post,3,0.5541686055661302,3.75,3.2,3.1666666666666665,3.4,3.8333333333333335,0.3413610971400255,-0.5325954390452579,-0.5797003006762981,-0.08213996665732322,0.7064383601163647,3.5,0.009144682096752907,0.177158,0.041667,0.341409,0.184348,0.22511,-1.327359,1.536533,0.357598,0.22511,-1.327359,1.536533,0.357598,0.13125769002921314,-0.30031990769712913,-0.2410369661995321,-0.0506033925993119,0.34627834048967865,-0.002394039779745479
STU_000259,ENGR 140,2026SP,S04,INST_ENGR140_01,2026SP,20261,ENGR 140__2026SP,ENGR 140__2026SP__S04,1,post,2.7,0.17691692386090738,4.5,3.2,3.5,3.4,3.8333333333333335,1.8413728682252022,-0.5325954390452579,0.06495932447296097,-0.08213996665732322,0.7064383601163647,3.7666666666666666,0.5914334750995252,0.177158,0.041667,0.341409,0.184348,0.22511,-1.327359,1.536533,0.357598,0.22511,-1.327359,1.536533,0.357598,5.849876392131418,2.3050062911363747,4.4686169858908995,5.171276612714543,3.383712810178365,0.567603145485923
STU_001540,ENGR 140,2026SP,S04,INST_ENGR140_01,2026SP,20261,ENGR 140__2026SP,ENGR 140__2026SP__S04,1,post,3.7,1.4344225295449842,4.375,4.4,4.5,4.4,4,1.5913709063776729,1.7043054049448298,1.9989381999207372,1.789887180416557,1.0265815244696759,4.333333333333333,1.828797160230416,0.177158,0.041667,0.341409,0.184348,0.22511,-1.327359,1.536533,0.357598,0.22511,-1.327359,1.536533,0.357598,16.533653744148808,9.046711800485197,14.777825138329783,16.85667621687616,10.09761576060761,1.7851798030570705
STU_000925,ENGR 140,2026SP,S04,INST_ENGR140_01,2026SP,20261,ENGR 140__2026SP,ENGR 140__2026SP__S04,1,post,3.3,0.9314202872713531,3,3,2.8333333333333335,3.6,3.5,-1.1586506739451512,-0.9054122463769394,-1.2243599258255562,0.29226546275745297,0.06615203140974155,3.1666666666666665,-0.7187163091567129,0.177158,0.041667,0.341409,0.184348,0.22511,-1.327359,1.536533,0.357598,0.22511,-1.327359,1.536533,0.357598,-6.467993903943659,-3.513590465084283,-5.7119315690245624,-6.0650445198346254,-3.5957829006820243,-0.6726623641198209
STU_000505,ENGR 140,2026SP,S04,INST_ENGR140_01,2026SP,20261,ENGR 140__2026SP,ENGR 140__2026SP__S04,1,post,3,0.5541686055661302,3.875,3.6,3.5,3.6,3.8333333333333335,0.5913630589875549,0.21303817561810445,0.06495932447296097,0.29226546275745297,0.7064383601163647,3.7,0.4458612768488326,0.177158,0.041667,0.341409,0.184348,0.22511,-1.327359,1.536533,0.357598,0.22511,-1.327359,1.536533,0.357598,4.015064258433342,2.0840648708127634,3.3609015457514406,3.974550357206122,2.6406846987699035,0.42536429883678967
STU_000692,ENGR 140,2026SP,S04,INST_ENGR140_01,2026SP,20261,ENGR 140__2026SP,ENGR 140__2026SP__S04,1,post,2.3,-0.3260853184127238,3.375,3.4,4.166666666666667,4,4,-0.40864478840256285,-0.1597786317135771,1.354278574771479,1.0410763215870045,1.0265815244696759,3.7666666666666666,0.5914334750995252,0.177158,0.041667,0.341409,0.184348,0.22511,-1.327359,1.536533,0.357598,0.22511,-1.327359,1.536533,0.357598,5.062719648885927,2.6078251611858585,5.152748574819327,5.6788107986471275,3.727324465088606,0.5894602422961407
STU_001129,ENGR 140,2026SP,S05,INST_ENGR140_02,2026SP,20261,ENGR 140__2026SP,ENGR 140__2026SP__S05,1,post,2.7,0.17691692386090738,3.75,3.2,3.5,3,3,0.3413610971400255,-0.5325954390452579,0.06495932447296097,-0.8309508254868748,-0.8942774616501927,3.3333333333333335,-0.3547858135299795,0.177158,0.041667,0.341409,0.184348,0.22511,-1.327359,1.536533,0.357598,0.22511,-1.327359,1.536533,0.357598,-3.2563234143700766,-2.0491244622072733,-2.9713208541746106,-3.7241212037609737,-2.5605392593764917,-0.38137782513758434
STU_000921,ENGR 140,2026SP,S05,INST_ENGR140_02,2026SP,20261,ENGR 140__2026SP,ENGR 140__2026SP__S05,1,post,2.7,0.17691692386090738,4.125,4.2,3.6666666666666665,3.6,3.5,1.0913669826826138,1.3314885976131483,0.38728913704759005,0.29226546275745297,0.06615203140974155,3.8333333333333335,0.7370056733502187,0.177158,0.041667,0.341409,0.184348,0.22511,-1.327359,1.536533,0.357598,0.22511,-1.327359,1.536533,0.357598,6.811458782177969,3.9475594667074714,5.73156969213794,6.610710336247586,3.8642296245865224,0.7132642533737737
STU_000031,ENGR 140,2026SP,S05,INST_ENGR140_02,2026SP,20261,ENGR 140__2026SP,ENGR 140__2026SP__S05,1,post,3,0.5541686055661302,3.625,3.8,3.8333333333333335,3.4,3,0.09135913529249606,0.5858549829497852,0.7096189496222199,-0.08213996665732322,-0.8942774616501927,3.533333333333333,0.0819307812220992,0.177158,0.041667,0.341409,0.184348,0.22511,-1.327359,1.536533,0.357598,0.22511,-1.327359,1.536533,0.357598,0.5951583952177111,0.5678752133409987,0.7566456963207103,0.5402251250537382,-0.13517570477651505,0.06268937164531833
STU_001518,ENGR 140,2026SP,S05,INST_ENGR140_02,2026SP,20261,ENGR 140__2026SP,ENGR 140__2026SP__S05,1,post,3.3,0.9314202872713531,4.5,3.8,4.5,4.2,3.6666666666666665,1.8413728682252022,0.5858549829497852,1.9989381999207372,1.4154817510017808,0.3862951957630527,4.166666666666667,1.4648666646036845,0.177158,0.041667,0.341409,0.184348,0.22511,-1.327359,1.536533,0.357598,0.22511,-1.327359,1.536533,0.357598,13.555469069402678,6.857009329320485,12.027893811971673,13.540267185385153,7.886335857065872,1.4355713610179097
STU_000577,ENGR 140,2026SP,S05,INST_ENGR140_02,2026SP,20261,ENGR 140__2026SP,ENGR 140__2026SP__S05,1,post,2.7,0.17691692386090738,4.25,4,3.6666666666666665,4,3.3333333333333335,1.3413689445301433,0.9586717902814668,0.38728913704759005,1.0410763215870045,-0.2539911329435696,3.8666666666666667,0.809791772475565,0.177158,0.041667,0.341409,0.184348,0.22511,-1.327359,1.536533,0.357598,0.22511,-1.327359,1.536533,0.357598,7.536296572413849,4.079179151988075,6.3226328029356305,7.465022335596861,4.062637715275453,0.7844611798377675
STU_001388,ENGR 140,2026SP,S05,INST_ENGR140_02,2026SP,20261,ENGR 140__2026SP,ENGR 140__2026SP__S05,1,post,2.7,0.17691692386090738,4.75,4.4,4.166666666666667,3.8,4.333333333333333,2.3413767919202613,1.7043054049448298,1.354278574771479,0.6666708921722283,1.6668678531762982,4.333333333333333,1.828797160230416,0.177158,0.041667,0.341409,0.184348,0.22511,-1.327359,1.536533,0.357598,0.22511,-1.327359,1.536533,0.357598,17.00647458741837,9.105442806627023,14.603400336280073,16.61552525963966,10.510034782707057,1.7964345918864721
STU_000966,ENGR 140,2026SP,S05,INST_ENGR140_02,2026SP,20261,ENGR 140__2026SP,ENGR 140__2026SP__S05,1,post,3,0.5541686055661302,4.25,4.2,4,3.8,4.333333333333333,1.3413689445301433,1.3314885976131483,1.031948762196849,0.6666708921722283,1.6668678531762982,4.133333333333334,1.3920805654783381,0.177158,0.041667,0.341409,0.184348,0.22511,-1.327359,1.536533,0.357598,0.22511,-1.327359,1.536533,0.357598,12.58171819973854,6.8728453703524846,10.986216854090825,12.536618092140257,8.095266319600228,1.3500782466255403
STU_001028,ENGR 140,2026SP,S05,INST_ENGR140_02,2026SP,20261,ENGR 140__2026SP,ENGR 140__2026SP__S05,1,post,2,-0.7033370001179466,2.875,2.8,3.3333333333333335,2.8,2.5,-1.4086526357926807,-1.278229053708621,-0.25737048810166807,-1.205356254901651,-1.8547069547101271,2.8666666666666667,-1.3737912012848315,0.177158,0.041667,0.341409,0.184348,0.22511,-1.327359,1.536533,0.357598,0.22511,-1.327359,1.536533,0.357598,-11.983572534744821,-6.495079837967082,-10.14427333516408,-12.063344035978995,-7.796447370639579,-1.2818456118768222
STU_001536,ENGR 140,2026SP,S06,INST_ENGR140_03,2026SP,20261,ENGR 140__2026SP,ENGR 140__2026SP__S06,1,post,2.3,-0.3260853184127238,3.875,3.8,3.5,3.6,3.6666666666666665,0.5913630589875549,0.5858549829497852,0.06495932447296097,0.29226546275745297,0.3862951957630527,3.7,0.4458612768488326,0.177158,0.041667,0.341409,0.184348,0.22511,-1.327359,1.536533,0.357598,0.22511,-1.327359,1.536533,0.357598,3.8167186723282946,2.132353483055425,3.179231025336367,3.7611107475404815,2.327885921940175,0.4023835349196528
STU_000767,ENGR 140,2026SP,S06,INST_ENGR140_03,2026SP,20261,ENGR 140__2026SP,ENGR 140__2026SP__S06,1,post,2,-0.7033370001179466,3.125,3.4,3,3.2,3.5,-0.9086487120976218,-0.1597786317135771,-0.9020301132509271,-0.4565453960720986,0.06615203140974155,3.2333333333333334,-0.5731441109060194,0.177158,0.041667,0.341409,0.184348,0.22511,-1.327359,1.536533,0.357598,0.22511,-1.327359,1.536533,0.357598,-5.217765465495069,-2.574043993432721,-4.633189408622264,-5.127283184975324,-2.916964078090909,-0.5466475724038588
STU_000264,ENGR 140,2026SP,S06,INST_ENGR140_03,2026SP,20261,ENGR 140__2026SP,ENGR 140__2026SP__S06,1,post,2.7,0.17691692386090738,3.875,3.2,3.5,3.2,3.5,0.5913630589875549,-0.5325954390452579,0.06495932447296097,-0.4565453960720986,0.06615203140974155,3.5,0.009144682096752907,0.177158,0.041667,0.341409,0.184348,0.22511,-1.327359,1.536533,0.357598,0.22511,-1.327359,1.536533,0.357598,0.2433772603658463,-0.26847860633957277,0.010521781383453206,-0.13038310063285474,0.027495437567488037,-2.192951944876328e-4
STU_000440,ENGR 140,2026SP,S06,INST_ENGR140_03,2026SP,20261,ENGR 140__2026SP,ENGR 140__2026SP__S06,1,post,2.3,-0.3260853184127238,3,2.4,3,2.8,2.5,-1.1586506739451512,-2.0238626683719834,-0.9020301132509271,-1.205356254901651,-1.8547069547101271,2.7666666666666666,-1.5921494986608713,0.177158,0.041667,0.341409,0.184348,0.22511,-1.327359,1.536533,0.357598,0.22511,-1.327359,1.536533,0.357598,-13.470115963689185,-7.681703621109437,-11.825949737100427,-13.71947818710461,-8.732622107993517,-1.4631058075427716
STU_001360,ENGR 140,2026SP,S06,INST_ENGR140_03,2026SP,20261,ENGR 140__2026SP,ENGR 140__2026SP__S06,1,post,3,0.5541686055661302,4.625,4,3.6666666666666665,3.8,3.6666666666666665,2.0913748300727315,0.9586717902814668,0.38728913704759005,0.6666708921722283,0.3862951957630527,4,1.100936168976951,0.177158,0.041667,0.341409,0.184348,0.22511,-1.327359,1.536533,0.357598,0.22511,-1.327359,1.536533,0.357598,10.290184818045898,5.304037715715754,8.403747091088801,9.839783935340645,5.840908000470439,1.055091808909916
STU_000582,ENGR 140,2026SP,S06,INST_ENGR140_03,2026SP,20261,ENGR 140__2026SP,ENGR 140__2026SP__S06,1,post,3,0.5541686055661302,3.25,3.2,2.8333333333333335,3,3.1666666666666665,-0.6586467502500923,-0.5325954390452579,-1.2243599258255562,-0.8309508254868748,-0.5741342972968816,3.1,-0.8642885074074055,0.177158,0.041667,0.341409,0.184348,0.22511,-1.327359,1.536533,0.357598,0.22511,-1.327359,1.536533,0.357598,-7.950880900425543,-4.203993322953965,-7.242799878637233,-8.12494089247143,-4.921444690142566,-0.8616016289942662
STU_001203,ENGR 140,2026SP,S06,INST_ENGR140_03,2026SP,20261,ENGR 140__2026SP,ENGR 140__2026SP__S06,1,post,2.7,0.17691692386090738,3.625,3.2,3.3333333333333335,3.4,2.5,0.09135913529249606,-0.5325954390452579,-0.25737048810166807,-0.08213996665732322,-1.8547069547101271,3.2333333333333334,-0.5731441109060194,0.177158,0.041667,0.341409,0.184348,0.22511,-1.327359,1.536533,0.357598,0.22511,-1.327359,1.536533,0.357598,-4.917262469079086,-2.8570888042197944,-4.479086746799177,-5.1436732426559395,-3.960850140616859,-0.5585610585216185
STU_001511,ENGR 17,2024SP,S01,INST_ENGR17_01,2026SP,20241,ENGR 17__2024SP,ENGR 17__2024SP__S01,0,pre,2.3,-0.3260853184127238,3.5,3.2,3.3333333333333335,4,2.6666666666666665,-0.1586428265550334,-0.5325954390452579,-0.25737048810166807,1.0410763215870045,-1.534563790356816,3.3333333333333335,-0.3547858135299795,0.129397,0.24625,0.118773,0.155954,-0.571332,0.591033,-0.642206,-0.598996,-0,0,-0,-0,-2.903396509689876,-1.7342337862310053,-2.582661811653564,-2.6238149603604284,-2.4934973670617517,-0.3189699542996637
STU_001008,ENGR 17,2024SP,S01,INST_ENGR17_01,2026SP,20241,ENGR 17__2024SP,ENGR 17__2024SP__S01,0,pre,2.7,0.17691692386090738,3.375,3.6,3.1666666666666665,3.4,3,-0.40864478840256285,0.21303817561810445,-0.5797003006762981,-0.08213996665732322,-0.8942774616501927,3.3,-0.4275719126553268,0.129397,0.24625,0.118773,0.155954,-0.571332,0.591033,-0.642206,-0.598996,-0,0,-0,-0,-3.907617658317896,-1.817835305266731,-3.532504612793911,-3.8852516613610795,-2.7459157874639692,-0.4215305408402309
STU_000852,ENGR 17,2024SP,S01,INST_ENGR17_01,2026SP,20241,ENGR 17__2024SP,ENGR 17__2024SP__S01,0,pre,2,-0.7033370001179466,2.875,2.8,3.1666666666666665,3.4,3,-1.4086526357926807,-1.278229053708621,-0.5797003006762981,-0.08213996665732322,-0.8942774616501927,3.033333333333333,-1.009860705658099,0.129397,0.24625,0.118773,0.155954,-0.571332,0.591033,-0.642206,-0.598996,-0,0,-0,-0,-9.237610053910833,-5.088363159158465,-7.851723548366458,-8.929314150228004,-5.677295456746126,-0.9723573571187922
STU_000094,ENGR 17,2024SP,S01,INST_ENGR17_01,2026SP,20241,ENGR 17__2024SP,ENGR 17__2024SP__S01,0,pre,2,-0.7033370001179466,3.375,3,3.5,3.2,3.5,-0.40864478840256285,-0.9054122463769394,0.06495932447296097,-0.4565453960720986,0.06615203140974155,3.3333333333333335,-0.3547858135299795,0.129397,0.24625,0.118773,0.155954,-0.571332,0.591033,-0.642206,-0.598996,-0,0,-0,-0,-3.160166230791623,-1.9935102160679554,-2.625041625044572,-3.2013199363949054,-1.7534235524392447,-0.3361222706297102
STU_000127,ENGR 17,2024SP,S01,INST_ENGR17_01,2026SP,20241,ENGR 17__2024SP,ENGR 17__2024SP__S01,0,pre,0,-3.2183482114861004,3.125,3.2,2.6666666666666665,2.8,3,-0.9086487120976218,-0.5325954390452579,-1.546689738400186,-1.205356254901651,-0.8942774616501927,2.966666666666667,-1.1554329039087916,0.129397,0.24625,0.118773,0.155954,-0.571332,0.591033,-0.642206,-0.598996,-0,0,-0,-0,-10.166888655232107,-5.2710814350399255,-9.190984957763234,-10.40123974887743,-6.382851063126372,-1.100184860707832
STU_000506,ENGR 17,2024SP,S01,INST_ENGR17_01,2026SP,20241,ENGR 17__2024SP,ENGR 17__2024SP__S01,0,pre,1.7,-1.0805886818231698,3,3,3,3.2,3,-1.1586506739451512,-0.9054122463769394,-0.9020301132509271,-0.4565453960720986,-0.8942774616501927,3.033333333333333,-1.009860705658099,0.129397,0.24625,0.118773,0.155954,-0.571332,0.591033,-0.642206,-0.598996,-0,0,-0,-0,-9.228476339187335,-4.958096452102398,-8.041866042056718,-9.126784910186707,-5.747178117509283,-0.9826078220546215
STU_001404,ENGR 17,2024SP,S01,INST_ENGR17_01,2026SP,20241,ENGR 17__2024SP,ENGR 17__2024SP__S01,0,pre,2.3,-0.3260853184127238,2.625,2,1.8333333333333333,2.2,1.8333333333333333,-1.9086565594877396,-2.7694962830353456,-3.1583388012733327,-2.328572543145978,-3.135279612123373,2.1333333333333333,-2.9750853820424554,0.129397,0.24625,0.118773,0.155954,-0.571332,0.591033,-0.642206,-0.598996,-0,0,-0,-0,-24.845877813807277,-13.703089995898408,-22.370405756829513,-25.435409074575304,-16.027874588399577,-2.708655768787493
STU_001522,ENGR 17,2024SP,S02,INST_ENGR17_02,2026SP,20241,ENGR 17__2024SP,ENGR 17__2024SP__S02,0,pre,2.3,-0.3260853184127238,3,3.2,2.5,3.2,2.6666666666666665,-1.1586506739451512,-0.5325954390452579,-1.869019550974815,-0.4565453960720986,-1.534563790356816,2.9,-1.301005102159485,0.129397,0.24625,0.118773,0.155954,-0.571332,0.591033,-0.642206,-0.598996,-0,0,-0,-0,-11.595103709920105,-5.998506247459175,-10.485138231665234,-11.551088633019035,-7.4739853202361015,-1.2486254363157239
STU_000622,ENGR 17,2024SP,S02,INST_ENGR17_02,2026SP,20241,ENGR 17__2024SP,ENGR 17__2024SP__S02,0,pre,2.7,0.17691692386090738,3.5,3.6,3.3333333333333335,3.2,3.1666666666666665,-0.1586428265550334,0.21303817561810445,-0.25737048810166807,-0.4565453960720986,-0.5741342972968816,3.3666666666666667,-0.28199971440463323,0.129397,0.24625,0.118773,0.155954,-0.571332,0.591033,-0.642206,-0.598996,-0,0,-0,-0,-2.5943242571431586,-1.2085987923250097,-2.340654833138415,-2.7268819198482266,-1.8196351524791419,-0.28430577793654777
STU_000699,ENGR 17,2024SP,S02,INST_ENGR17_02,2026SP,20241,ENGR 17__2024SP,ENGR 17__2024SP__S02,0,pre,1,-1.9608426058020236,3.75,2.8,3,2.2,3,0.3413610971400255,-1.278229053708621,-0.9020301132509271,-2.328572543145978,-0.8942774616501927,3.033333333333333,-1.009860705658099,0.129397,0.24625,0.118773,0.155954,-0.571332,0.591033,-0.642206,-0.598996,-0,0,-0,-0,-8.438182864163695,-5.051118868769189,-7.926591741717798,-9.4857979840794,-5.631921093428855,-0.9656165283665002
STU_000475,ENGR 17,2024SP,S02,INST_ENGR17_02,2026SP,20241,ENGR 17__2024SP,ENGR 17__2024SP__S02,0,pre,2.7,0.17691692386090738,3.875,3.6,3.3333333333333335,4.4,3.8333333333333335,0.5913630589875549,0.21303817561810445,-0.25737048810166807,1.789887180416557,0.7064383601163647,3.8,0.6642195742248714,0.129397,0.24625,0.118773,0.155954,-0.571332,0.591033,-0.642206,-0.598996,-0,0,-0,-0,5.877731780387006,3.0372961629875466,4.864300619132132,6.307473773912274,3.7770199689113246,0.634531476444024
STU_001525,ENGR 17,2024SP,S02,INST_ENGR17_02,2026SP,20241,ENGR 17__2024SP,ENGR 17__2024SP__S02,0,pre,1.7,-1.0805886818231698,2.875,3.4,3.1666666666666665,2.8,3.1666666666666665,-1.4086526357926807,-0.1597786317135771,-0.5797003006762981,-1.205356254901651,-0.5741342972968816,3.066666666666667,-0.9370746065327518,0.129397,0.24625,0.118773,0.155954,-0.571332,0.591033,-0.642206,-0.598996,-0,0,-0,-0,-8.61927135361914,-4.219050115550484,-7.314311840966797,-8.608248854849954,-5.164603792102238,-0.9042428044192912
STU_000656,ENGR 17,2024SP,S02,INST_ENGR17_02,2026SP,20241,ENGR 17__2024SP,ENGR 17__2024SP__S02,0,pre,3,0.5541686055661302,4.375,3.8,4.166666666666667,3.8,4.333333333333333,1.5913709063776729,0.5858549829497852,1.354278574771479,0.6666708921722283,1.6668678531762982,4.133333333333334,1.3920805654783381,0.129397,0.24625,0.118773,0.155954,-0.571332,0.591033,-0.642206,-0.598996,-0,0,-0,-0,12.463781746970389,6.358570475739965,10.905571900289296,12.311946414502971,7.959159344009005,1.3260363469142507
STU_000659,ENGR 17,2024SP,S03,INST_ENGR17_03,2026SP,20241,ENGR 17__2024SP,ENGR 17__2024SP__S03,0,pre,2,-0.7033370001179466,2.375,2.4,2.3333333333333335,2,2.1666666666666665,-2.4086604831827985,-2.0238626683719834,-2.191349363549444,-2.702977972560754,-2.49499328341675,2.2666666666666666,-2.6839409855410694,0.129397,0.24625,0.118773,0.155954,-0.571332,0.591033,-0.642206,-0.598996,-0,0,-0,-0,-23.323057839147367,-12.498090399654977,-20.510716031116296,-23.733852811769054,-14.765829777440656,-2.51341063002444
STU_000552,ENGR 17,2024SP,S03,INST_ENGR17_03,2026SP,20241,ENGR 17__2024SP,ENGR 17__2024SP__S03,0,pre,2.7,0.17691692386090738,3.625,3,3.5,3.8,3.6666666666666665,0.09135913529249606,-0.9054122463769394,0.06495932447296097,0.6666708921722283,0.3862951957630527,3.533333333333333,0.0819307812220992,0.129397,0.24625,0.118773,0.155954,-0.571332,0.591033,-0.642206,-0.598996,-0,0,-0,-0,0.8866774827527981,-0.04013924330159877,0.7548001166627335,1.0528831140332695,0.7015779323812897,0.09372194900599894
STU_000980,ENGR 17,2024SP,S03,INST_ENGR17_03,2026SP,20241,ENGR 17__2024SP,ENGR 17__2024SP__S03,0,pre,2.3,-0.3260853184127238,4.125,4,4.333333333333333,4.2,3.8333333333333335,1.0913669826826138,0.9586717902814668,1.6766083873461073,1.4154817510017808,0.7064383601163647,4.1,1.31929446635299,0.129397,0.24625,0.118773,0.155954,-0.571332,0.591033,-0.642206,-0.598996,-0,0,-0,-0,11.88174247569063,6.360268722893198,10.718199566623662,12.158546829242136,7.3036918868041445,1.2855370159516384
STU_001144,ENGR 17,2024SP,S03,INST_ENGR17_03,2026SP,20241,ENGR 17__2024SP,ENGR 17__2024SP__S03,0,pre,2.7,0.17691692386090738,4.125,4,3.6666666666666665,3.6,3.5,1.0913669826826138,0.9586717902814668,0.38728913704759005,0.29226546275745297,0.06615203140974155,3.8,0.6642195742248714,0.129397,0.24625,0.118773,0.155954,-0.571332,0.591033,-0.642206,-0.598996,-0,0,-0,-0,5.901009386774427,3.2739580670697874,4.954720621045174,5.690105772788835,3.3115899541007576,0.6133524294249393
STU_001171,ENGR 17,2024SP,S03,INST_ENGR17_03,2026SP,20241,ENGR 17__2024SP,ENGR 17__2024SP__S03,0,pre,2,-0.7033370001179466,3,3.8,3,3.4,3.3333333333333335,-1.1586506739451512,0.5858549829497852,-0.9020301132509271,-0.08213996665732322,-0.2539911329435696,3.2666666666666666,-0.5003580117806731,0.129397,0.24625,0.118773,0.155954,-0.571332,0.591033,-0.642206,-0.598996,-0,0,-0,-0,-4.880034667659997,-1.977670093929265,-4.192301950096875,-4.516625379262131,-2.756911724411066,-0.49212005959446903
STU_001107,ENGR 17,2024SP,S03,INST_ENGR17_03,2026SP,20241,ENGR 17__2024SP,ENGR 17__2024SP__S03,0,pre,3.3,0.9314202872713531,3.75,4.4,4.333333333333333,4.2,4,0.3413610971400255,1.7043054049448298,1.6766083873461073,1.4154817510017808,1.0265815244696759,4.1,1.31929446635299,0.129397,0.24625,0.118773,0.155954,-0.571332,0.591033,-0.642206,-0.598996,-0,0,-0,-0,11.540742132506502,6.744026699236711,10.711427737812183,12.138022728201268,7.426192694528041,1.282930982627909
STU_000567,ENGR 17,2024SP,S03,INST_ENGR17_03,2026SP,20241,ENGR 17__2024SP,ENGR 17__2024SP__S03,0,pre,2.3,-0.3260853184127238,3.125,2.8,3,2.4,2.8333333333333335,-0.9086487120976218,-1.278229053708621,-0.9020301132509271,-1.9541671137312024,-1.214420626003504,2.8666666666666667,-1.3737912012848315,0.129397,0.24625,0.118773,0.155954,-0.571332,0.591033,-0.642206,-0.598996,-0,0,-0,-0,-12.1701770669117,-6.695015334712841,-10.73522078067197,-12.657641572735901,-7.720547588405355,-1.3241296674942713
STU_000367,ENGR 17,2024F,S01,INST_ENGR17_01,2026SP,20243,ENGR 17__2024F,ENGR 17__2024F__S01,0,pre,2.3,-0.3260853184127238,3.75,3.6,3.3333333333333335,3.8,3.6666666666666665,0.3413610971400255,0.21303817561810445,-0.25737048810166807,0.6666708921722283,0.3862951957630527,3.6333333333333333,0.300289078598139,0.129397,0.24625,0.118773,0.155954,-0.571332,0.591033,-0.642206,-0.598996,-0,0,-0,-0,2.417360155487152,1.2693031683180194,1.9192406571944505,2.5435340959904273,1.5717463516394028,0.25786187426195034
STU_000617,ENGR 17,2024F,S01,INST_ENGR17_01,2026SP,20243,ENGR 17__2024F,ENGR 17__2024F__S01,0,pre,2.3,-0.3260853184127238,4.25,4.6,4.666666666666667,4.2,3.6666666666666665,1.3413689445301433,2.07712221227651,2.321268012495367,1.4154817510017808,0.3862951957630527,4.266666666666667,1.6832249619797233,0.129397,0.24625,0.118773,0.155954,-0.571332,0.591033,-0.642206,-0.598996,-0,0,-0,-0,15.45044041266801,8.728133342743886,14.011020224096368,15.688856729281596,9.135250445498354,1.6704662183524803
STU_001226,ENGR 17,2024F,S01,INST_ENGR17_01,2026SP,20243,ENGR 17__2024F,ENGR 17__2024F__S01,0,pre,2,-0.7033370001179466,2.75,2.4,3,2.6,2.8333333333333335,-1.65865459764021,-2.0238626683719834,-0.9020301132509271,-1.5797616843164264,-1.214420626003504,2.7333333333333334,-1.6649355977862175,0.129397,0.24625,0.118773,0.155954,-0.571332,0.591033,-0.642206,-0.598996,-0,0,-0,-0,-14.771134524304573,-8.252815190322215,-12.763627755724562,-14.944421101144387,-9.141752420391448,-1.5844922960975374
STU_000113,ENGR 17,2024F,S01,INST_ENGR17_01,2026SP,20243,ENGR 17__2024F,ENGR 17__2024F__S01,0,pre,2.7,0.17691692386090738,3.625,3,3.6666666666666665,3.8,3.5,0.09135913529249606,-0.9054122463769394,0.38728913704759005,0.6666708921722283,0.06615203140974155,3.533333333333333,0.0819307812220992,0.129397,0.24625,0.118773,0.155954,-0.571332,0.591033,-0.642206,-0.598996,-0,0,-0,-0,0.6616178203621994,-0.17087195671654812,0.6911635193191248,0.8369510271116323,0.37919865319067375,0.0698885382386564
STU_001154,ENGR 17,2024F,S01,INST_ENGR17_01,2026SP,20243,ENGR 17__2024F,ENGR 17__2024F__S01,0,pre,1.7,-1.0805886818231698,2.5,2.6,2.8333333333333335,2.4,1.6666666666666667,-2.158658521335269,-1.6510458610403016,-1.2243599258255562,-1.9541671137312024,-3.4554227764766843,2.4,-2.3927965890396834,0.129397,0.24625,0.118773,0.155954,-0.571332,0.591033,-0.642206,-0.598996,-0,0,-0,-0,-20.594341710405427,-10.970988008366938,-17.856232383262324,-20.82331659162537,-13.577160906743678,-2.21756513108213
STU_000063,ENGR 17,2024F,S01,INST_ENGR17_01,2026SP,20243,ENGR 17__2024F,ENGR 17__2024F__S01,0,pre,3,0.5541686055661302,3.75,3.8,3.5,3.2,3.6666666666666665,0.3413610971400255,0.5858549829497852,0.06495932447296097,-0.4565453960720986,0.3862951957630527,3.6,0.22750297947279274,0.129397,0.24625,0.118773,0.155954,-0.571332,0.591033,-0.642206,-0.598996,-0,0,-0,-0,1.7131809982271453,1.1019282875164698,1.4252427225394637,1.5106007216771424,1.1366707254209134,0.1791930590941438
STU_001190,ENGR 17,2024F,S02,INST_ENGR17_02,2026SP,20243,ENGR 17__2024F,ENGR 17__2024F__S02,0,pre,3.3,0.9314202872713531,3.25,2.8,3.6666666666666665,3,3.6666666666666665,-0.6586467502500923,-1.278229053708621,0.38728913704759005,-0.8309508254868748,0.3862951957630527,3.3,-0.4275719126553268,0.129397,0.24625,0.118773,0.155954,-0.571332,0.591033,-0.642206,-0.598996,-0,0,-0,-0,-3.7462660315206264,-2.4241675775259215,-2.897795802392033,-3.8085017710227658,-1.8727195583658731,-0.39009103521514604
STU_000581,ENGR 17,2024F,S02,INST_ENGR17_02,2026SP,20243,ENGR 17__2024F,ENGR 17__2024F__S02,0,pre,2.7,0.17691692386090738,3.5,3.2,3.1666666666666665,3,3.5,-0.1586428265550334,-0.5325954390452579,-0.5797003006762981,-0.8309508254868748,0.06615203140974155,3.3,-0.4275719126553268,0.129397,0.24625,0.118773,0.155954,-0.571332,0.591033,-0.642206,-0.598996,-0,0,-0,-0,-3.600368607901638,-2.073566232812253,-3.346163988032441,-3.8779115633899504,-2.1111105759254185,-0.3987335147228665
STU_001321,ENGR 17,2024F,S02,INST_ENGR17_02,2026SP,20243,ENGR 17__2024F,ENGR 17__2024F__S02,0,pre,3,0.5541686055661302,4,3.8,3.8333333333333335,3.6,3.8333333333333335,0.8413650208350845,0.5858549829497852,0.7096189496222199,0.29226546275745297,0.7064383601163647,3.8333333333333335,0.7370056733502187,0.129397,0.24625,0.118773,0.155954,-0.571332,0.591033,-0.642206,-0.598996,-0,0,-0,-0,6.385891523456391,3.3998380055444675,5.575868873290311,6.272589814663903,3.99621769634528,0.6787574970295008
STU_000182,ENGR 17,2024F,S02,INST_ENGR17_02,2026SP,20243,ENGR 17__2024F,ENGR 17__2024F__S02,0,pre,2.3,-0.3260853184127238,3.625,3.4,3.3333333333333335,3,3.1666666666666665,0.09135913529249606,-0.1597786317135771,-0.25737048810166807,-0.8309508254868748,-0.5741342972968816,3.3333333333333335,-0.3547858135299795,0.129397,0.24625,0.118773,0.155954,-0.571332,0.591033,-0.642206,-0.598996,-0,0,-0,-0,-3.045980731256506,-1.7190062266978507,-2.8320098843366774,-3.422267320586945,-2.1664069146872884,-0.348551157914765
STU_001309,ENGR 17,2024F,S02,INST_ENGR17_02,2026SP,20243,ENGR 17__2024F,ENGR 17__2024F__S02,0,pre,2.3,-0.3260853184127238,4.25,4,4,3.4,3.8333333333333335,1.3413689445301433,0.9586717902814668,1.031948762196849,-0.08213996665732322,0.7064383601163647,3.933333333333333,0.9553639707262576,0.129397,0.24625,0.118773,0.155954,-0.571332,0.591033,-0.642206,-0.598996,-0,0,-0,-0,8.979083313694902,4.821484989654148,7.797045206505637,8.608305144957669,5.435412018403875,0.9437400339807821
STU_000587,ENGR 17,2024F,S02,INST_ENGR17_02,2026SP,20243,ENGR 17__2024F,ENGR 17__2024F__S02,0,pre,2,-0.7033370001179466,3,4,3.3333333333333335,3.2,3,-1.1586506739451512,0.9586717902814668,-0.25737048810166807,-0.4565453960720986,-0.8942774616501927,3.2666666666666666,-0.5003580117806731,0.129397,0.24625,0.118773,0.155954,-0.571332,0.591033,-0.642206,-0.598996,-0,0,-0,-0,-4.666452768841224,-1.637186541769983,-3.7967418616327513,-4.449769530646786,-3.0032933809509754,-0.4717682654683046
STU_000119,ENGR 17,2024F,S02,INST_ENGR17_02,2026SP,20243,ENGR 17__2024F,ENGR 17__2024F__S02,0,pre,2.3,-0.3260853184127238,2.75,2.6,2.3333333333333335,2.4,2.6666666666666665,-1.65865459764021,-1.6510458610403016,-2.191349363549444,-1.9541671137312024,-1.534563790356816,2.566666666666667,-2.02886609341295,0.129397,0.24625,0.118773,0.155954,-0.571332,0.591033,-0.642206,-0.598996,-0,0,-0,-0,-17.727147897045075,-9.589639630360866,-15.827889673247133,-18.067747050450823,-11.054854685884703,-1.9159905232397283
STU_000025,ENGR 17,2024F,S03,INST_ENGR17_03,2026SP,20243,ENGR 17__2024F,ENGR 17__2024F__S03,0,pre,2.3,-0.3260853184127238,4.125,4.2,4,3.6,4,1.0913669826826138,1.3314885976131483,1.031948762196849,0.29226546275745297,1.0265815244696759,4,1.100936168976951,0.129397,0.24625,0.118773,0.155954,-0.571332,0.591033,-0.642206,-0.598996,-0,0,-0,-0,9.711618379277517,5.435493990503409,8.531222437719384,9.592302787281582,6.11558574343954,1.0404524849221106
STU_000715,ENGR 17,2024F,S03,INST_ENGR17_03,2026SP,20243,ENGR 17__2024F,ENGR 17__2024F__S03,0,pre,3,0.5541686055661302,3.25,2.4,3.1666666666666665,3.4,3.5,-0.6586467502500923,-2.0238626683719834,-0.5797003006762981,-0.08213996665732322,0.06615203140974155,3.1666666666666665,-0.7187163091567129,0.129397,0.24625,0.118773,0.155954,-0.571332,0.591033,-0.642206,-0.598996,-0,0,-0,-0,-6.319066177422859,-4.111017869066904,-5.5563183681518815,-6.236967538135457,-3.608702012511607,-0.679389183652671
STU_000666,ENGR 17,2024F,S03,INST_ENGR17_03,2026SP,20243,ENGR 17__2024F,ENGR 17__2024F__S03,0,pre,2.7,0.17691692386090738,3,3,2.8333333333333335,2.6,2.6666666666666665,-1.1586506739451512,-0.9054122463769394,-1.2243599258255562,-1.5797616843164264,-1.534563790356816,2.8333333333333335,-1.4465773004101776,0.129397,0.24625,0.118773,0.155954,-0.571332,0.591033,-0.642206,-0.598996,-0,0,-0,-0,-12.802121642315623,-6.795966630519554,-11.317476520486496,-13.112573256515573,-8.195769829993106,-1.3845691187882272
STU_000272,ENGR 17,2024F,S03,INST_ENGR17_03,2026SP,20243,ENGR 17__2024F,ENGR 17__2024F__S03,0,pre,1.7,-1.0805886818231698,3.375,3.6,3,3.4,3.5,-0.40864478840256285,0.21303817561810445,-0.9020301132509271,-0.08213996665732322,0.06615203140974155,3.3666666666666667,-0.28199971440463323,0.129397,0.24625,0.118773,0.155954,-0.571332,0.591033,-0.642206,-0.598996,-0,0,-0,-0,-2.8276480747218415,-1.2740344055636514,-2.6694915925704756,-2.732708458070358,-1.5426538002139192,-0.2963780019324781
STU_000022,ENGR 17,2024F,S03,INST_ENGR17_03,2026SP,20243,ENGR 17__2024F,ENGR 17__2024F__S03,0,pre,2.3,-0.3260853184127238,3.25,3.4,3.5,3.2,4,-0.6586467502500923,-0.1597786317135771,0.06495932447296097,-0.4565453960720986,1.0265815244696759,3.466666666666667,-0.06364141702859338,0.129397,0.24625,0.118773,0.155954,-0.571332,0.591033,-0.642206,-0.598996,-0,0,-0,-0,-0.9021153198183802,-0.3971657378144182,-0.5183780617082117,-0.7548916869683892,0.1901457961360775,-0.0684934490266562
STU_001420,ENGR 17,2024F,S03,INST_ENGR17_03,2026SP,20243,ENGR 17__2024F,ENGR 17__2024F__S03,0,pre,2,-0.7033370001179466,3.25,3.4,3,3.2,2.8333333333333335,-0.6586467502500923,-0.1597786317135771,-0.9020301132509271,-0.4565453960720986,-1.214420626003504,3.1333333333333333,-0.7915024082820592,0.129397,0.24625,0.118773,0.155954,-0.571332,0.591033,-0.642206,-0.598996,-0,0,-0,-0,-7.244106351257209,-3.668383463779667,-6.491478450575355,-7.304164649043967,-4.8463588667133655,-0.7833139724526262
STU_001132,ENGR 17,2026SP,S01,INST_ENGR17_01,2026SP,20261,ENGR 17__2026SP,ENGR 17__2026SP__S01,1,post,1,-1.9608426058020236,3.75,3.4,3,3.8,3.6666666666666665,0.3413610971400255,-0.1597786317135771,-0.9020301132509271,0.6666708921722283,0.3862951957630527,3.533333333333333,0.0819307812220992,0.129397,0.24625,0.118773,0.155954,-0.571332,0.591033,-0.642206,-0.598996,-0.571332,0.591033,-0.642206,-0.598996,0.8325978030703526,0.277025200984109,0.2652732778755784,0.8938632438979051,0.6291597049129103,0.07763340216712444
STU_000840,ENGR 17,2026SP,S01,INST_ENGR17_01,2026SP,20261,ENGR 17__2026SP,ENGR 17__2026SP__S01,1,post,1.7,-1.0805886818231698,3.625,3.6,3.1666666666666665,4,4,0.09135913529249606,0.21303817561810445,-0.5797003006762981,1.0410763215870045,1.0265815244696759,3.6666666666666665,0.3730751777234853,0.129397,0.24625,0.118773,0.155954,-0.571332,0.591033,-0.642206,-0.598996,-0.571332,0.591033,-0.642206,-0.598996,3.152751614180474,1.677935781355726,2.4992671960642827,3.478454743830695,2.3692521299974416,0.34778429622420826
STU_001130,ENGR 17,2026SP,S01,INST_ENGR17_01,2026SP,20261,ENGR 17__2026SP,ENGR 17__2026SP__S01,1,post,3,0.5541686055661302,3.375,3.4,4,4.2,4,-0.40864478840256285,-0.1597786317135771,1.031948762196849,1.4154817510017808,1.0265815244696759,3.7666666666666666,0.5914334750995252,0.129397,0.24625,0.118773,0.155954,-0.571332,0.591033,-0.642206,-0.598996,-0.571332,0.591033,-0.642206,-0.598996,4.700895565787165,2.423765320376081,4.693744813799349,5.418272128130114,3.4593224580719113,0.549414205527465
STU_000912,ENGR 17,2026SP,S01,INST_ENGR17_01,2026SP,20261,ENGR 17__2026SP,ENGR 17__2026SP__S01,1,post,1.7,-1.0805886818231698,2.5,3.2,2.8333333333333335,2.6,2.5,-2.158658521335269,-0.5325954390452579,-1.2243599258255562,-1.5797616843164264,-1.8547069547101271,2.7,-1.7377216969115639,0.129397,0.24625,0.118773,0.155954,-0.571332,0.591033,-0.642206,-0.598996,-0.571332,0.591033,-0.642206,-0.598996,-15.679507728558626,-7.9043334736836615,-13.523076459707932,-15.660326133911077,-9.871529155590354,-1.6638917265733308
STU_001120,ENGR 17,2026SP,S01,INST_ENGR17_01,2026SP,20261,ENGR 17__2026SP,ENGR 17__2026SP__S01,1,post,2.3,-0.3260853184127238,3.5,3.2,4,3.4,3.5,-0.1586428265550334,-0.5325954390452579,1.031948762196849,-0.08213996665732322,0.06615203140974155,3.533333333333333,0.0819307812220992,0.129397,0.24625,0.118773,0.155954,-0.571332,0.591033,-0.642206,-0.598996,-0.571332,0.591033,-0.642206,-0.598996,0.43008014941403305,-0.02092088940350899,0.8416441433965044,0.5143796685722052,0.3569842894698996,0.05881379323264989
STU_000569,ENGR 17,2026SP,S01,INST_ENGR17_01,2026SP,20261,ENGR 17__2026SP,ENGR 17__2026SP__S01,1,post,0.7,-2.338094287507247,4,4,3.6666666666666665,4,3.5,0.8413650208350845,0.9586717902814668,0.38728913704759005,1.0410763215870045,0.06615203140974155,3.8333333333333335,0.7370056733502187,0.129397,0.24625,0.118773,0.155954,-0.571332,0.591033,-0.642206,-0.598996,-0.571332,0.591033,-0.642206,-0.598996,6.326694789579317,3.5550111733120735,5.409080725860251,6.44833512750637,3.6327129627684114,0.6734443160441909
STU_001167,ENGR 17,2026SP,S01,INST_ENGR17_01,2026SP,20261,ENGR 17__2026SP,ENGR 17__2026SP__S01,1,post,3,0.5541686055661302,4,4,4,3.6,3.8333333333333335,0.8413650208350845,0.9586717902814668,1.031948762196849,0.29226546275745297,0.7064383601163647,3.9,0.8825778716009113,0.129397,0.24625,0.118773,0.155954,-0.571332,0.591033,-0.642206,-0.598996,-0.571332,0.591033,-0.642206,-0.598996,7.684068662704922,4.255845180941784,6.9094313557349665,7.649364206958322,4.787059101898228,0.8276883312427734
STU_000863,ENGR 17,2026SP,S01,INST_ENGR17_01,2026SP,20261,ENGR 17__2026SP,ENGR 17__2026SP__S01,1,post,3,0.5541686055661302,3.625,3.6,3.3333333333333335,3.2,3.1666666666666665,0.09135913529249606,0.21303817561810445,-0.25737048810166807,-0.4565453960720986,-0.5741342972968816,3.4,-0.20921361527928692,0.129397,0.24625,0.118773,0.155954,-0.571332,0.591033,-0.642206,-0.598996,-0.571332,0.591033,-0.642206,-0.598996,-1.8702430271186825,-0.8671999937721925,-1.7386691818869,-2.0853320836902647,-1.4849351380727647,-0.21336631291739475
STU_000167,ENGR 17,2026SP,S02,INST_ENGR17_02,2026SP,20261,ENGR 17__2026SP,ENGR 17__2026SP__S02,1,post,3,0.5541686055661302,4.375,4,3.8333333333333335,4.6,3.8333333333333335,1.5913709063776729,0.9586717902814668,0.7096189496222199,2.1642926098313313,0.7064383601163647,4.133333333333334,1.3920805654783381,0.129397,0.24625,0.118773,0.155954,-0.571332,0.591033,-0.642206,-0.598996,-0.571332,0.591033,-0.642206,-0.598996,12.852558859093033,6.7286846539314205,10.97885611793387,13.11506623503926,7.6807203758490585,1.3659206588363766
STU_000874,ENGR 17,2026SP,S02,INST_ENGR17_02,2026SP,20261,ENGR 17__2026SP,ENGR 17__2026SP__S02,1,post,3.3,0.9314202872713531,4,4.4,4,4.2,3.6666666666666665,0.8413650208350845,1.7043054049448298,1.031948762196849,1.4154817510017808,0.3862951957630527,4.033333333333333,1.1737222681022974,0.129397,0.24625,0.118773,0.155954,-0.571332,0.591033,-0.642206,-0.598996,-0.571332,0.591033,-0.642206,-0.598996,10.416332594312118,6.072469566904235,9.273796675585423,10.760725851276995,6.283178076510857,1.1327808478064676
STU_000494,ENGR 17,2026SP,S02,INST_ENGR17_02,2026SP,20261,ENGR 17__2026SP,ENGR 17__2026SP__S02,1,post,2.7,0.17691692386090738,3.5,3.6,3.3333333333333335,3.8,3.5,-0.1586428265550334,0.21303817561810445,-0.25737048810166807,0.6666708921722283,0.06615203140974155,3.533333333333333,0.0819307812220992,0.129397,0.24625,0.118773,0.155954,-0.571332,0.591033,-0.642206,-0.598996,-0.571332,0.591033,-0.642206,-0.598996,0.2628007392967219,0.27931557992870815,0.19109762145923317,0.531770959836562,0.2047332724454844,0.03854089098829243
STU_000075,ENGR 17,2026SP,S02,INST_ENGR17_02,2026SP,20261,ENGR 17__2026SP,ENGR 17__2026SP__S02,1,post,2.3,-0.3260853184127238,3.25,3,3.1666666666666665,3.8,3.5,-0.6586467502500923,-0.9054122463769394,-0.5797003006762981,0.6666708921722283,0.06615203140974155,3.3333333333333335,-0.3547858135299795,0.129397,0.24625,0.118773,0.155954,-0.571332,0.591033,-0.642206,-0.598996,-0.571332,0.591033,-0.642206,-0.598996,-3.3799809259154694,-2.0287931477620553,-2.943490426855674,-2.9807856792985183,-1.8528539293752315,-0.34718777117552324
STU_001080,ENGR 17,2026SP,S02,INST_ENGR17_02,2026SP,20261,ENGR 17__2026SP,ENGR 17__2026SP__S02,1,post,2.7,0.17691692386090738,3.125,3.4,2.8333333333333335,2.8,2.8333333333333335,-0.9086487120976218,-0.1597786317135771,-1.2243599258255562,-1.205356254901651,-1.214420626003504,3,-1.0826468047834452,0.129397,0.24625,0.118773,0.155954,-0.571332,0.591033,-0.642206,-0.598996,-0.571332,0.591033,-0.642206,-0.598996,-9.567736755586822,-4.819905437389247,-8.577909548384367,-9.807672741937653,-6.201425689976914,-1.0354360515853684
STU_000244,ENGR 17,2026SP,S02,INST_ENGR17_02,2026SP,20261,ENGR 17__2026SP,ENGR 17__2026SP__S02,1,post,4,1.8116742112502071,3.75,4.2,4.166666666666667,4,3.6666666666666665,0.3413610971400255,1.3314885976131483,1.354278574771479,1.0410763215870045,0.3862951957630527,3.933333333333333,0.9553639707262576,0.129397,0.24625,0.118773,0.155954,-0.571332,0.591033,-0.642206,-0.598996,-0.571332,0.591033,-0.642206,-0.598996,8.201467287909368,4.832947411037341,7.609061972142515,8.600148622775565,5.049401173265974,0.9070947314887502
STU_000650,ENGR 17,2026SP,S02,INST_ENGR17_02,2026SP,20261,ENGR 17__2026SP,ENGR 17__2026SP__S02,1,post,2.7,0.17691692386090738,3.75,3.8,4.333333333333333,3.8,3.6666666666666665,0.3413610971400255,0.5858549829497852,1.6766083873461073,0.6666708921722283,0.3862951957630527,3.8666666666666667,0.809791772475565,0.129397,0.24625,0.118773,0.155954,-0.571332,0.591033,-0.642206,-0.598996,-0.571332,0.591033,-0.642206,-0.598996,6.954777619642528,3.79591092946668,6.676113886320928,7.205142404748293,4.309943288097787,0.7680681219741244
STU_000442,ENGR 17,2026SP,S03,INST_ENGR17_03,2026SP,20261,ENGR 17__2026SP,ENGR 17__2026SP__S03,1,post,1.3,-1.5835909240968005,4.25,4.2,4.166666666666667,3.4,3.8333333333333335,1.3413689445301433,1.3314885976131483,1.354278574771479,-0.08213996665732322,0.7064383601163647,4,1.100936168976951,0.129397,0.24625,0.118773,0.155954,-0.571332,0.591033,-0.642206,-0.598996,-0.571332,0.591033,-0.642206,-0.598996,10.020043899196935,5.557741640549632,8.86537022904475,9.698464305320488,6.078947560659306,1.0637128180601125
STU_000919,ENGR 17,2026SP,S03,INST_ENGR17_03,2026SP,20261,ENGR 17__2026SP,ENGR 17__2026SP__S03,1,post,3.7,1.4344225295449842,3.875,3.6,3.3333333333333335,3,3.6666666666666665,0.5913630589875549,0.21303817561810445,-0.25737048810166807,-0.8309508254868748,0.3862951957630527,3.533333333333333,0.0819307812220992,0.129397,0.24625,0.118773,0.155954,-0.571332,0.591033,-0.642206,-0.598996,-0.571332,0.591033,-0.642206,-0.598996,0.6186169556608856,0.2937522130549651,0.20926768330637144,0.15237579178546604,0.39803687826893647,0.04213282634305354
STU_000029,ENGR 17,2026SP,S03,INST_ENGR17_03,2026SP,20261,ENGR 17__2026SP,ENGR 17__2026SP__S03,1,post,4,1.8116742112502071,3.375,3.8,4.166666666666667,4.2,3.8333333333333335,-0.40864478840256285,0.5858549829497852,1.354278574771479,1.4154817510017808,0.7064383601163647,3.8333333333333335,0.7370056733502187,0.129397,0.24625,0.118773,0.155954,-0.571332,0.591033,-0.642206,-0.598996,-0.571332,0.591033,-0.642206,-0.598996,6.154225896648048,3.5690769333162526,6.119800975725473,6.917702045732337,4.171068099481528,0.7127702200031438
STU_000497,ENGR 17,2026SP,S03,INST_ENGR17_03,2026SP,20261,ENGR 17__2026SP,ENGR 17__2026SP__S03,1,post,2.3,-0.3260853184127238,3.375,3,3.6666666666666665,3.6,3.5,-0.40864478840256285,-0.9054122463769394,0.38728913704759005,0.29226546275745297,0.06615203140974155,3.433333333333333,-0.13642751615394064,0.129397,0.24625,0.118773,0.155954,-0.571332,0.591033,-0.642206,-0.598996,-0.571332,0.591033,-0.642206,-0.598996,-1.4797949136295732,-1.1389237515790291,-1.0058455675180988,-1.2627040881991405,-0.7408154969114324,-0.14579121336087872
STU_001372,ENGR 17,2026SP,S03,INST_ENGR17_03,2026SP,20261,ENGR 17__2026SP,ENGR 17__2026SP__S03,1,post,3,0.5541686055661302,3.5,3.2,3.5,3.4,3.1666666666666665,-0.1586428265550334,-0.5325954390452579,0.06495932447296097,-0.08213996665732322,-0.5741342972968816,3.3666666666666667,-0.28199971440463323,0.129397,0.24625,0.118773,0.155954,-0.571332,0.591033,-0.642206,-0.598996,-0.571332,0.591033,-0.642206,-0.598996,-2.8243158381407336,-1.6599379627765338,-2.393672417978156,-2.8349370588264833,-1.9751375635676203,-0.3067370775020742
STU_000890,ENGR 17,2026SP,S03,INST_ENGR17_03,2026SP,20261,ENGR 17__2026SP,ENGR 17__2026SP__S03,1,post,3,0.5541686055661302,4.125,3.8,4.166666666666667,4.2,3.8333333333333335,1.0913669826826138,0.5858549829497852,1.354278574771479,1.4154817510017808,0.7064383601163647,4.033333333333333,1.1737222681022974,0.129397,0.24625,0.118773,0.155954,-0.571332,0.591033,-0.642206,-0.598996,-0.571332,0.591033,-0.642206,-0.598996,10.518110121158596,5.469952563293497,9.403282474942642,10.759027781118627,6.410597770721766,1.1318358749068795
STU_000053,ENGR 17,2026SP,S03,INST_ENGR17_03,2026SP,20261,ENGR 17__2026SP,ENGR 17__2026SP__S03,1,post,3,0.5541686055661302,3.5,3.4,3.3333333333333335,2.8,3.6666666666666665,-0.1586428265550334,-0.1597786317135771,-0.25737048810166807,-1.205356254901651,0.3862951957630527,3.3666666666666667,-0.28199971440463323,0.129397,0.24625,0.118773,0.155954,-0.571332,0.591033,-0.642206,-0.598996,-0.571332,0.591033,-0.642206,-0.598996,-2.6494143491335347,-1.4038657726622177,-2.3698879967802764,-2.9709303034423504,-1.324505689864884,-0.28811485246437424
STU_000791,ENGR 17,2026SP,S04,INST_ENGR17_01,2026SP,20261,ENGR 17__2026SP,ENGR 17__2026SP__S04,1,post,3,0.5541686055661302,3.125,3,3.5,2.4,2.8333333333333335,-0.9086487120976218,-0.9054122463769394,0.06495932447296097,-1.9541671137312024,-1.214420626003504,3,-1.0826468047834452,0.129397,0.24625,0.118773,0.155954,-0.571332,0.591033,-0.642206,-0.598996,-0.571332,0.591033,-0.642206,-0.598996,-9.488072773459232,-5.136936728897328,-7.999705818555931,-9.90547144299019,-6.110970834899294,-1.0238237257933427
STU_001281,ENGR 17,2026SP,S04,INST_ENGR17_01,2026SP,20261,ENGR 17__2026SP,ENGR 17__2026SP__S04,1,post,4,1.8116742112502071,4.125,4,3.6666666666666665,3.8,3.8333333333333335,1.0913669826826138,0.9586717902814668,0.38728913704759005,0.6666708921722283,0.7064383601163647,3.9,0.8825778716009113,0.129397,0.24625,0.118773,0.155954,-0.571332,0.591033,-0.642206,-0.598996,-0.571332,0.591033,-0.642206,-0.598996,7.860879258425403,4.293152963550407,6.701404517546378,7.821913911220687,4.8401757270435155,0.834527393435276
STU_001297,ENGR 17,2026SP,S04,INST_ENGR17_01,2026SP,20261,ENGR 17__2026SP,ENGR 17__2026SP__S04,1,post,2.7,0.17691692386090738,2.875,3,3,2.8,3.3333333333333335,-1.4086526357926807,-0.9054122463769394,-0.9020301132509271,-1.205356254901651,-0.2539911329435696,3,-1.0826468047834452,0.129397,0.24625,0.118773,0.155954,-0.571332,0.591033,-0.642206,-0.598996,-0.571332,0.591033,-0.642206,-0.598996,-9.917637505974412,-5.250201603396149,-8.57874144861727,-9.935868795956255,-5.770046029142623,-1.0490921543124325
STU_001126,ENGR 17,2026SP,S04,INST_ENGR17_01,2026SP,20261,ENGR 17__2026SP,ENGR 17__2026SP__S04,1,post,3.3,0.9314202872713531,3.75,4,3.8333333333333335,4,3.6666666666666665,0.3413610971400255,0.9586717902814668,0.7096189496222199,1.0410763215870045,0.3862951957630527,3.8333333333333335,0.7370056733502187,0.129397,0.24625,0.118773,0.155954,-0.571332,0.591033,-0.642206,-0.598996,-0.571332,0.591033,-0.642206,-0.598996,6.23844718844288,3.606964581678351,5.61723174561733,6.559877413700829,3.8422231712961072,0.6847830313971079
STU_000869,ENGR 17,2026SP,S04,INST_ENGR17_01,2026SP,20261,ENGR 17__2026SP,ENGR 17__2026SP__S04,1,post,2.3,-0.3260853184127238,3.75,3.8,3.8333333333333335,3.4,3.5,0.3413610971400255,0.5858549829497852,0.7096189496222199,-0.08213996665732322,0.06615203140974155,3.6666666666666665,0.3730751777234853,0.129397,0.24625,0.118773,0.155954,-0.571332,0.591033,-0.642206,-0.598996,-0.571332,0.591033,-0.642206,-0.598996,3.1135378272123755,1.8248952748855332,2.912668504277467,3.064574168962584,1.8440240870213855,0.33718088918892886
STU_000625,ENGR 17,2026SP,S04,INST_ENGR17_01,2026SP,20261,ENGR 17__2026SP,ENGR 17__2026SP__S04,1,post,2.3,-0.3260853184127238,3.625,3.6,3.6666666666666665,2.8,3,0.09135913529249606,0.21303817561810445,0.38728913704759005,-1.205356254901651,-0.8942774616501927,3.3666666666666667,-0.28199971440463323,0.129397,0.24625,0.118773,0.155954,-0.571332,0.591033,-0.642206,-0.598996,-0.571332,0.591033,-0.642206,-0.598996,-2.5517607393987682,-1.2251581994109784,-2.137266840722596,-2.999918622670519,-2.0261293243232985,-0.2902578263689842
STU_000148,ENGR 17,2026SP,S04,INST_ENGR17_01,2026SP,20261,ENGR 17__2026SP,ENGR 17__2026SP__S04,1,post,2.7,0.17691692386090738,3.75,3.8,3.1666666666666665,3.6,3.6666666666666665,0.3413610971400255,0.5858549829497852,-0.5797003006762981,0.29226546275745297,0.3862951957630527,3.6,0.22750297947279274,0.129397,0.24625,0.118773,0.155954,-0.571332,0.591033,-0.642206,-0.598996,-0.571332,0.591033,-0.642206,-0.598996,1.7116013333978712,1.107288532853801,1.1617146781496093,1.7018842376531218,1.1474271545656405,0.17825034369889942
STU_000945,ENGR 17,2026SP,S04,INST_ENGR17_01,2026SP,20261,ENGR 17__2026SP,ENGR 17__2026SP__S04,1,post,3.3,0.9314202872713531,4,3.8,3.6666666666666665,3.4,3.1666666666666665,0.8413650208350845,0.5858549829497852,0.38728913704759005,-0.08213996665732322,-0.5741342972968816,3.6333333333333333,0.300289078598139,0.129397,0.24625,0.118773,0.155954,-0.571332,0.591033,-0.642206,-0.598996,-0.571332,0.591033,-0.642206,-0.598996,2.920397592807336,1.6100059501436415,2.4153162075505508,2.6117330523799547,1.2387460312721323,0.2882581554491886
STU_000616,ENGR 17,2026SP,S05,INST_ENGR17_02,2026SP,20261,ENGR 17__2026SP,ENGR 17__2026SP__S05,1,post,3,0.5541686055661302,3.5,3.8,3.1666666666666665,2.6,3.1666666666666665,-0.1586428265550334,0.5858549829497852,-0.5797003006762981,-1.5797616843164264,-0.5741342972968816,3.2666666666666666,-0.5003580117806731,0.129397,0.24625,0.118773,0.155954,-0.571332,0.591033,-0.642206,-0.598996,-0.571332,0.591033,-0.642206,-0.598996,-4.304863810067281,-1.9029569220787557,-3.9647461580592727,-4.809178709103899,-2.8557410161892007,-0.4779832280198195
STU_000789,ENGR 17,2026SP,S05,INST_ENGR17_02,2026SP,20261,ENGR 17__2026SP,ENGR 17__2026SP__S05,1,post,2.7,0.17691692386090738,4.5,3.8,3.8333333333333335,4,4,1.8413728682252022,0.5858549829497852,0.7096189496222199,1.0410763215870045,1.0265815244696759,4.066666666666666,1.2465083672276438,0.129397,0.24625,0.118773,0.155954,-0.571332,0.591033,-0.642206,-0.598996,-0.571332,0.591033,-0.642206,-0.598996,11.580896176276955,5.814969676547673,9.783594812049015,11.391299173298629,7.0376998645872035,1.2126189459213106
STU_001333,ENGR 17,2026SP,S05,INST_ENGR17_02,2026SP,20261,ENGR 17__2026SP,ENGR 17__2026SP__S05,1,post,2.7,0.17691692386090738,2.875,3.4,3.5,2.8,3.6666666666666665,-1.4086526357926807,-0.1597786317135771,0.06495932447296097,-1.205356254901651,0.3862951957630527,3.2333333333333334,-0.5731441109060194,0.129397,0.24625,0.118773,0.155954,-0.571332,0.591033,-0.642206,-0.598996,-0.571332,0.591033,-0.642206,-0.598996,-5.126454050366644,-2.433068986833484,-4.013821011793322,-5.0256672171588805,-2.4760011514551747,-0.5129332893865811
STU_001444,ENGR 17,2026SP,S05,INST_ENGR17_02,2026SP,20261,ENGR 17__2026SP,ENGR 17__2026SP__S05,1,post,2.3,-0.3260853184127238,4,4,3.6666666666666665,3.8,4,0.8413650208350845,0.9586717902814668,0.38728913704759005,0.6666708921722283,1.0265815244696759,3.9,0.8825778716009113,0.129397,0.24625,0.118773,0.155954,-0.571332,0.591033,-0.642206,-0.598996,-0.571332,0.591033,-0.642206,-0.598996,7.656026651662176,4.238302363063908,6.600935614045105,7.703864630151812,4.92778408827993,0.8225579775582796
STU_001109,ENGR 17,2026SP,S05,INST_ENGR17_02,2026SP,20261,ENGR 17__2026SP,ENGR 17__2026SP__S05,1,post,3,0.5541686055661302,3.875,3.6,3.3333333333333335,3.6,3.1666666666666665,0.5913630589875549,0.21303817561810445,-0.25737048810166807,0.29226546275745297,-0.5741342972968816,3.533333333333333,0.0819307812220992,0.129397,0.24625,0.118773,0.155954,-0.571332,0.591033,-0.642206,-0.598996,-0.571332,0.591033,-0.642206,-0.598996,0.7962456242904855,0.36368071219208825,0.3735439204524741,0.6507674979782856,0.03435748606670735,0.0618077257841922
STU_001538,ENGR 17,2026SP,S05,INST_ENGR17_02,2026SP,20261,ENGR 17__2026SP,ENGR 17__2026SP__S05,1,post,3,0.5541686055661302,3.75,4.2,3.5,4,3.6666666666666665,0.3413610971400255,1.3314885976131483,0.06495932447296097,1.0410763215870045,0.3862951957630527,3.8,0.6642195742248714,0.129397,0.24625,0.118773,0.155954,-0.571332,0.591033,-0.642206,-0.598996,-0.571332,0.591033,-0.642206,-0.598996,5.557133287795635,3.470593324066551,4.803304656666362,5.88578996355764,3.463817121519284,0.610943831244311
STU_000410,ENGR 17,2026SP,S05,INST_ENGR17_02,2026SP,20261,ENGR 17__2026SP,ENGR 17__2026SP__S05,1,post,3,0.5541686055661302,4,4.2,3.6666666666666665,4,4.333333333333333,0.8413650208350845,1.3314885976131483,0.38728913704759005,1.0410763215870045,1.6668678531762982,4.033333333333333,1.1737222681022974,0.129397,0.24625,0.118773,0.155954,-0.571332,0.591033,-0.642206,-0.598996,-0.571332,0.591033,-0.642206,-0.598996,10.437651876905218,5.857147162364298,9.050323987292666,10.677897977189545,6.981685850377683,1.1346806303729966
STU_000428,ENGR 17,2026SP,S06,INST_ENGR17_03,2026SP,20261,ENGR 17__2026SP,ENGR 17__2026SP__S06,1,post,3.3,0.9314202872713531,3.875,4.6,4,4,3.6666666666666665,0.5913630589875549,2.07712221227651,1.031948762196849,1.0410763215870045,0.3862951957630527,4,1.100936168976951,0.129397,0.24625,0.118773,0.155954,-0.571332,0.591033,-0.642206,-0.598996,-0.571332,0.591033,-0.642206,-0.598996,9.502367777592942,5.862578678938327,8.603020822934933,9.843529075934,5.775616038441779,1.0443355532821208
STU_001513,ENGR 17,2026SP,S06,INST_ENGR17_03,2026SP,20261,ENGR 17__2026SP,ENGR 17__2026SP__S06,1,post,3.3,0.9314202872713531,4.25,4,4,4.4,4,1.3413689445301433,0.9586717902814668,1.031948762196849,1.789887180416557,1.0265815244696759,4.133333333333334,1.3920805654783381,0.129397,0.24625,0.118773,0.155954,-0.571332,0.591033,-0.642206,-0.598996,-0.571332,0.591033,-0.642206,-0.598996,12.43301706659696,6.5869960095437,10.857071094595637,12.73311031404582,7.684846012696283,1.3354344220050574
STU_000981,ENGR 17,2026SP,S06,INST_ENGR17_03,2026SP,20261,ENGR 17__2026SP,ENGR 17__2026SP__S06,1,post,2.3,-0.3260853184127238,2.75,3.2,3,2.8,3,-1.65865459764021,-0.5325954390452579,-0.9020301132509271,-1.205356254901651,-0.8942774616501927,2.933333333333333,-1.228219003034139,0.129397,0.24625,0.118773,0.155954,-0.571332,0.591033,-0.642206,-0.598996,-0.571332,0.591033,-0.642206,-0.598996,-11.1200005915905,-5.596419913005028,-9.53890341804821,-11.061410458319441,-6.723268229336216,-1.1717071340900558
STU_000685,ENGR 17,2026SP,S06,INST_ENGR17_03,2026SP,20261,ENGR 17__2026SP,ENGR 17__2026SP__S06,1,post,2.7,0.17691692386090738,2.875,3,3.1666666666666665,2.4,2.6666666666666665,-1.4086526357926807,-0.9054122463769394,-0.5797003006762981,-1.9541671137312024,-1.534563790356816,2.8333333333333335,-1.4465773004101776,0.129397,0.24625,0.118773,0.155954,-0.571332,0.591033,-0.642206,-0.598996,-0.571332,0.591033,-0.642206,-0.598996,-12.72567920922093,-6.716662487643128,-10.950260360075688,-13.04697309086406,-8.111784779480931,-1.3672232651866052
STU_000667,ENGR 17,2026SP,S06,INST_ENGR17_03,2026SP,20261,ENGR 17__2026SP,ENGR 17__2026SP__S06,1,post,2.3,-0.3260853184127238,3.5,3.6,3,3.2,3,-0.1586428265550334,0.21303817561810445,-0.9020301132509271,-0.4565453960720986,-0.8942774616501927,3.2666666666666666,-0.5003580117806731,0.129397,0.24625,0.118773,0.155954,-0.571332,0.591033,-0.642206,-0.598996,-0.571332,0.591033,-0.642206,-0.598996,-4.7780828348959625,-2.3224315691319104,-4.4737667471853975,-4.944131389453655,-3.3055999749343608,-0.5263312962172338
STU_001566,ENGR 17,2026SP,S06,INST_ENGR17_03,2026SP,20261,ENGR 17__2026SP,ENGR 17__2026SP__S06,1,post,3.3,0.9314202872713531,4.5,4.6,4.333333333333333,4,4.5,1.8413728682252022,2.07712221227651,1.6766083873461073,1.0410763215870045,1.98701101752961,4.4,1.9743693584811104,0.129397,0.24625,0.118773,0.155954,-0.571332,0.591033,-0.642206,-0.598996,-0.571332,0.591033,-0.642206,-0.598996,18.42838957079556,10.177532689239639,16.21489271725168,18.43776676783864,11.715600753103246,1.9822822316587172
STU_001149,ENGR 17,2026SP,S06,INST_ENGR17_03,2026SP,20261,ENGR 17__2026SP,ENGR 17__2026SP__S06,1,post,2,-0.7033370001179466,3.5,3.4,3.8333333333333335,3.8,3.3333333333333335,-0.1586428265550334,-0.1597786317135771,0.7096189496222199,0.6666708921722283,-0.2539911329435696,3.566666666666667,0.15471688034744646,0.129397,0.24625,0.118773,0.155954,-0.571332,0.591033,-0.642206,-0.598996,-0.571332,0.591033,-0.642206,-0.598996,1.0948604388814143,0.50668140661619,1.305229071014294,1.3963654833857453,0.6089096779095495,0.133171371780013
STU_001170,ENVS 10,2025SP,S01,INST_ENVS10_01,2026SP,20251,ENVS 10__2025SP,ENVS 10__2025SP__S01,0,pre,2.7,0.17691692386090738,3.125,3.6,3,3.2,2.8333333333333335,-0.9086487120976218,0.21303817561810445,-0.9020301132509271,-0.4565453960720986,-1.214420626003504,3.1333333333333333,-0.7915024082820592,0.222262,0.144687,0.247364,0.209144,0.977256,-0.361326,0.616196,1.192989,0,-0,0,0,-7.385485415237112,-3.4831913481053327,-6.485497094317699,-7.308361492154775,-4.847074071346455,-0.7845815771745562
STU_001332,ENVS 10,2025SP,S01,INST_ENVS10_01,2026SP,20251,ENVS 10__2025SP,ENVS 10__2025SP__S01,0,pre,1.7,-1.0805886818231698,3.625,3.4,3.1666666666666665,3,3.3333333333333335,0.09135913529249606,-0.1597786317135771,-0.5797003006762981,-0.8309508254868748,-0.2539911329435696,3.3333333333333335,-0.3547858135299795,0.222262,0.144687,0.247364,0.209144,0.977256,-0.361326,0.616196,1.192989,0,-0,0,0,-3.2531254274208834,-1.7832683164676593,-3.111623102152123,-3.608365749389609,-2.137666627478936,-0.3688876613141539
STU_001288,ENVS 10,2025SP,S01,INST_ENVS10_01,2026SP,20251,ENVS 10__2025SP,ENVS 10__2025SP__S01,0,pre,3.3,0.9314202872713531,4.5,4.6,4.5,4.6,4.333333333333333,1.8413728682252022,2.07712221227651,1.9989381999207372,2.1642926098313313,1.6668678531762982,4.5,2.192727655857149,0.222262,0.144687,0.247364,0.209144,0.977256,-0.361326,0.616196,1.192989,0,-0,0,0,20.269386380855728,11.119793696169372,17.960678200932314,20.654707110457093,12.603160774878885,2.188762262927332
STU_000376,ENVS 10,2025SP,S01,INST_ENVS10_01,2026SP,20251,ENVS 10__2025SP,ENVS 10__2025SP__S01,0,pre,2.3,-0.3260853184127238,2.75,3,3.3333333333333335,3,3,-1.65865459764021,-0.9054122463769394,-0.25737048810166807,-0.8309508254868748,-0.8942774616501927,3,-1.0826468047834452,0.222262,0.144687,0.247364,0.209144,0.977256,-0.361326,0.616196,1.192989,0,-0,0,0,-10.019108560658138,-5.260593287342438,-8.321451842684267,-9.842173173111162,-6.096200860941243,-1.048766780584631
STU_000626,ENVS 10,2025SP,S01,INST_ENVS10_01,2026SP,20251,ENVS 10__2025SP,ENVS 10__2025SP__S01,0,pre,2,-0.7033370001179466,3.25,2.4,2.6666666666666665,2.8,3.1666666666666665,-0.6586467502500923,-2.0238626683719834,-1.546689738400186,-1.205356254901651,-0.5741342972968816,2.9,-1.301005102159485,0.222262,0.144687,0.247364,0.209144,0.977256,-0.361326,0.616196,1.192989,0,-0,0,0,-11.359323458713932,-6.6927654848196525,-10.356490203055271,-11.742895403460073,-6.968216240893628,-1.2456171865559247
STU_001013,ENVS 10,2025SP,S01,INST_ENVS10_01,2026SP,20251,ENVS 10__2025SP,ENVS 10__2025SP__S01,0,pre,3.3,0.9314202872713531,4.25,3.8,3.5,3.8,3.8333333333333335,1.3413689445301433,0.5858549829497852,0.06495932447296097,0.6666708921722283,0.7064383601163647,3.8666666666666667,0.809791772475565,0.222262,0.144687,0.247364,0.209144,0.977256,-0.361326,0.616196,1.192989,0,-0,0,0,7.201986152359569,3.684594252925238,5.876604226656122,7.018042829407167,4.334232176739832,0.7467107974771556
STU_000252,ENVS 10,2025SP,S01,INST_ENVS10_01,2026SP,20251,ENVS 10__2025SP,ENVS 10__2025SP__S01,0,pre,3.3,0.9314202872713531,4,4.2,4,4,3.8333333333333335,0.8413650208350845,1.3314885976131483,1.031948762196849,1.0410763215870045,0.7064383601163647,4,1.100936168976951,0.222262,0.144687,0.247364,0.209144,0.977256,-0.361326,0.616196,1.192989,0,-0,0,0,9.786319609889663,5.5230679485090475,8.7127035960759,9.988883875960495,6.0460446502439105,1.060210280535038
STU_000160,ENVS 10,2025SP,S02,INST_ENVS10_02,2026SP,20251,ENVS 10__2025SP,ENVS 10__2025SP__S02,0,pre,2,-0.7033370001179466,3.625,4,3.3333333333333335,3.8,4,0.09135913529249606,0.9586717902814668,-0.25737048810166807,0.6666708921722283,1.0265815244696759,3.7333333333333334,0.5186473759741789,0.222262,0.144687,0.247364,0.209144,0.977256,-0.361326,0.616196,1.192989,0,-0,0,0,4.356541738581645,2.6925512443183446,3.699050384591625,4.62924118594371,3.131624909841703,0.48518186233125915
STU_001102,ENVS 10,2025SP,S02,INST_ENVS10_02,2026SP,20251,ENVS 10__2025SP,ENVS 10__2025SP__S02,0,pre,2.3,-0.3260853184127238,3.625,3.4,3.6666666666666665,3.8,3.8333333333333335,0.09135913529249606,-0.1597786317135771,0.38728913704759005,0.6666708921722283,0.7064383601163647,3.6666666666666665,0.3730751777234853,0.222262,0.144687,0.247364,0.209144,0.977256,-0.361326,0.616196,1.192989,0,-0,0,0,3.055491083180023,1.4403529519399503,2.801283401159771,3.2820383061191354,2.1700196491582453,0.3390600426981837
STU_001099,ENVS 10,2025SP,S02,INST_ENVS10_02,2026SP,20251,ENVS 10__2025SP,ENVS 10__2025SP__S02,0,pre,0,-3.2183482114861004,2.75,2.8,2.3333333333333335,2.6,2.5,-1.65865459764021,-1.278229053708621,-2.191349363549444,-1.5797616843164264,-1.8547069547101271,2.6,-1.9560799942876037,0.222262,0.144687,0.247364,0.209144,0.977256,-0.361326,0.616196,1.192989,0,-0,0,0,-17.0629228680753,-9.031556855694536,-15.258728329716577,-17.28834099779401,-10.783678003295798,-1.8411056073564462
STU_000737,ENVS 10,2025SP,S02,INST_ENVS10_02,2026SP,20251,ENVS 10__2025SP,ENVS 10__2025SP__S02,0,pre,3,0.5541686055661302,3.25,3.4,3.6666666666666665,3.2,3.5,-0.6586467502500923,-0.1597786317135771,0.38728913704759005,-0.4565453960720986,0.06615203140974155,3.4,-0.20921361527928692,0.222262,0.144687,0.247364,0.209144,0.977256,-0.361326,0.616196,1.192989,0,-0,0,0,-2.4207982731042437,-1.210957664543993,-1.719747852203892,-2.3327676442033773,-1.2796644640051413,-0.239336411920121
STU_001047,ENVS 10,2025SP,S02,INST_ENVS10_02,2026SP,20251,ENVS 10__2025SP,ENVS 10__2025SP__S02,0,pre,2.7,0.17691692386090738,4,4,4.333333333333333,3.8,4.166666666666667,0.8413650208350845,0.9586717902814668,1.6766083873461073,0.6666708921722283,1.3467246888229878,4.066666666666666,1.2465083672276438,0.222262,0.144687,0.247364,0.209144,0.977256,-0.361326,0.616196,1.192989,0,-0,0,0,11.004114667127121,5.943606747196741,10.02850494863814,11.138246797379049,7.123316003182835,1.1973569509179258
STU_000486,ENVS 10,2025SP,S02,INST_ENVS10_02,2026SP,20251,ENVS 10__2025SP,ENVS 10__2025SP__S02,0,pre,1.7,-1.0805886818231698,3.5,3.4,3.3333333333333335,3.2,3.1666666666666665,-0.1586428265550334,-0.1597786317135771,-0.25737048810166807,-0.4565453960720986,-0.5741342972968816,3.3333333333333335,-0.3547858135299795,0.222262,0.144687,0.247364,0.209144,0.977256,-0.361326,0.616196,1.192989,0,-0,0,0,-3.3377525862360753,-1.7670921549816472,-2.9805873680024035,-3.471206853712976,-2.239586504412213,-0.3653458372499325
STU_000434,ENVS 10,2025SP,S03,INST_ENVS10_03,2026SP,20251,ENVS 10__2025SP,ENVS 10__2025SP__S03,0,pre,2.7,0.17691692386090738,3.875,4,3.1666666666666665,4,3.3333333333333335,0.5913630589875549,0.9586717902814668,-0.5797003006762981,1.0410763215870045,-0.2539911329435696,3.6666666666666665,0.3730751777234853,0.222262,0.144687,0.247364,0.209144,0.977256,-0.361326,0.616196,1.192989,0,-0,0,0,3.246281420652016,2.0283581828244297,2.400349677732619,3.3659541549818797,1.6604595887172797,0.3365975769599262
STU_000948,ENVS 10,2025SP,S03,INST_ENVS10_03,2026SP,20251,ENVS 10__2025SP,ENVS 10__2025SP__S03,0,pre,3,0.5541686055661302,4,4.2,3.6666666666666665,3.6,3.6666666666666665,0.8413650208350845,1.3314885976131483,0.38728913704759005,0.29226546275745297,0.3862951957630527,3.8333333333333335,0.7370056733502187,0.222262,0.144687,0.247364,0.209144,0.977256,-0.361326,0.616196,1.192989,0,-0,0,0,6.328403249505448,3.748635119326277,5.419062214233417,6.229350450481583,3.766411379847939,0.6727244312469457
STU_001049,ENVS 10,2025SP,S03,INST_ENVS10_03,2026SP,20251,ENVS 10__2025SP,ENVS 10__2025SP__S03,0,pre,3,0.5541686055661302,4,4,3.8333333333333335,4,4.166666666666667,0.8413650208350845,0.9586717902814668,0.7096189496222199,1.0410763215870045,1.3467246888229878,4,1.100936168976951,0.222262,0.144687,0.247364,0.209144,0.977256,-0.361326,0.616196,1.192989,0,-0,0,0,9.786126359201742,5.320769237422145,8.598831890081124,10.017019428092828,6.421352327967558,1.0618710782899343
STU_000138,ENVS 10,2025SP,S03,INST_ENVS10_03,2026SP,20251,ENVS 10__2025SP,ENVS 10__2025SP__S03,0,pre,3.7,1.4344225295449842,4.125,4,3.6666666666666665,4.2,4.166666666666667,1.0913669826826138,0.9586717902814668,0.38728913704759005,1.4154817510017808,1.3467246888229878,4.033333333333333,1.1737222681022974,0.222262,0.144687,0.247364,0.209144,0.977256,-0.361326,0.616196,1.192989,0,-0,0,0,10.389420812721594,5.58956569354777,8.901057179899373,10.626744085666779,6.686981328579611,1.1173873016933056
STU_001092,ENVS 10,2025SP,S03,INST_ENVS10_03,2026SP,20251,ENVS 10__2025SP,ENVS 10__2025SP__S03,0,pre,2.7,0.17691692386090738,3.25,2.4,3,3,2.6666666666666665,-0.6586467502500923,-2.0238626683719834,-0.9020301132509271,-0.8309508254868748,-1.534563790356816,2.9,-1.301005102159485,0.222262,0.144687,0.247364,0.209144,0.977256,-0.361326,0.616196,1.192989,0,-0,0,0,-11.220568204967718,-6.623752903701549,-9.972646747929083,-11.494629214036241,-7.414417397915827,-1.2305965978687197
STU_000336,ENVS 10,2025SP,S03,INST_ENVS10_03,2026SP,20251,ENVS 10__2025SP,ENVS 10__2025SP__S03,0,pre,3,0.5541686055661302,3.875,3,3.3333333333333335,3.4,3.6666666666666665,0.5913630589875549,-0.9054122463769394,-0.25737048810166807,-0.08213996665732322,0.3862951957630527,3.5,0.009144682096752907,0.222262,0.144687,0.247364,0.209144,0.977256,-0.361326,0.616196,1.192989,0,-0,0,0,-0.0113210727171021,-0.5917563628934889,-0.30955811650546794,-0.281410994914974,0.015340149260443133,-0.027116875650239784
STU_000001,ENVS 10,2025SP,S04,INST_ENVS10_01,2026SP,20251,ENVS 10__2025SP,ENVS 10__2025SP__S04,0,pre,2.3,-0.3260853184127238,3.5,2.6,2.8333333333333335,3.2,3.3333333333333335,-0.1586428265550334,-1.6510458610403016,-1.2243599258255562,-0.4565453960720986,-0.2539911329435696,3.1333333333333333,-0.7915024082820592,0.222262,0.144687,0.247364,0.209144,0.977256,-0.361326,0.616196,1.192989,0,-0,0,0,-6.810922663794901,-4.274004929300254,-6.405596591985373,-7.051187272364175,-4.16314090547977,-0.7565657513025533
STU_000956,ENVS 10,2025SP,S04,INST_ENVS10_01,2026SP,20251,ENVS 10__2025SP,ENVS 10__2025SP__S04,0,pre,2.3,-0.3260853184127238,3,2,3,2.4,2.1666666666666665,-1.1586506739451512,-2.7694962830353456,-0.9020301132509271,-1.9541671137312024,-2.49499328341675,2.566666666666667,-2.02886609341295,0.222262,0.144687,0.247364,0.209144,0.977256,-0.361326,0.616196,1.192989,0,-0,0,0,-17.3112128728667,-10.007466661608952,-15.192361045891085,-17.839819108727866,-11.388928475308079,-1.8921287151476898
STU_000307,ENVS 10,2025F,S01,INST_ENVS10_01,2026SP,20253,ENVS 10__2025F,ENVS 10__2025F__S01,0,pre,0,-3.2183482114861004,4.5,4,4.166666666666667,4.4,4.166666666666667,1.8413728682252022,0.9586717902814668,1.354278574771479,1.789887180416557,1.3467246888229878,4.266666666666667,1.6832249619797233,0.222262,0.144687,0.247364,0.209144,0.977256,-0.361326,0.616196,1.192989,0,-0,0,0,15.366747890028956,7.980949702591111,13.372921484823864,15.502381452533132,9.441603204150669,1.6381798395663238
STU_001354,ENVS 10,2025F,S01,INST_ENVS10_01,2026SP,20253,ENVS 10__2025F,ENVS 10__2025F__S01,0,pre,2.7,0.17691692386090738,3.875,4,3.5,3.8,3.8333333333333335,0.5913630589875549,0.9586717902814668,0.06495932447296097,0.6666708921722283,0.7064383601163647,3.8,0.6642195742248714,0.222262,0.144687,0.247364,0.209144,0.977256,-0.361326,0.616196,1.192989,0,-0,0,0,5.9087085225187685,3.3892019442078714,4.9831173884277264,5.982267208268169,3.7331420205783084,0.6335576317738453
STU_001419,ENVS 10,2025F,S01,INST_ENVS10_01,2026SP,20253,ENVS 10__2025F,ENVS 10__2025F__S01,0,pre,2.7,0.17691692386090738,2.875,3,3.3333333333333335,3.2,3,-1.4086526357926807,-0.9054122463769394,-0.25737048810166807,-0.4565453960720986,-0.8942774616501927,3.066666666666667,-0.9370746065327518,0.222262,0.144687,0.247364,0.209144,0.977256,-0.361326,0.616196,1.192989,0,-0,0,0,-8.66827952886414,-4.590482611249807,-7.217409625878336,-8.438000311735973,-5.338358794859048,-0.9073289400569321
STU_000430,ENVS 10,2025F,S01,INST_ENVS10_01,2026SP,20253,ENVS 10__2025F,ENVS 10__2025F__S01,0,pre,1,-1.9608426058020236,4,3.8,4.666666666666667,3.8,4.166666666666667,0.8413650208350845,0.5858549829497852,2.321268012495367,0.6666708921722283,1.3467246888229878,4.1,1.31929446635299,0.222262,0.144687,0.247364,0.209144,0.977256,-0.361326,0.616196,1.192989,0,-0,0,0,12.089484591028697,6.328982381266137,11.266029621946517,12.250773035855707,7.830179588051251,1.3193933416744952
STU_000973,ENVS 10,2025F,S01,INST_ENVS10_01,2026SP,20253,ENVS 10__2025F,ENVS 10__2025F__S01,0,pre,3.3,0.9314202872713531,4,3.6,4,3.8,3.6666666666666665,0.8413650208350845,0.21303817561810445,1.031948762196849,0.6666708921722283,0.3862951957630527,3.8333333333333335,0.7370056733502187,0.222262,0.144687,0.247364,0.209144,0.977256,-0.361326,0.616196,1.192989,0,-0,0,0,6.599515532519368,3.328925116135745,5.927106992999593,6.62735406543327,3.959819882078897,0.7041215874322192
STU_000817,ENVS 10,2025F,S01,INST_ENVS10_01,2026SP,20253,ENVS 10__2025F,ENVS 10__2025F__S01,0,pre,3.7,1.4344225295449842,4.125,4,3.6666666666666665,4,3.8333333333333335,1.0913669826826138,0.9586717902814668,0.38728913704759005,1.0410763215870045,0.7064383601163647,3.933333333333333,0.9553639707262576,0.222262,0.144687,0.247364,0.209144,0.977256,-0.361326,0.616196,1.192989,0,-0,0,0,8.686499989454818,4.717669237756243,7.394257296993654,8.735728213815056,5.309566906604604,0.9235719478027369
STU_001508,ENVS 10,2025F,S02,INST_ENVS10_02,2026SP,20253,ENVS 10__2025F,ENVS 10__2025F__S02,0,pre,3.3,0.9314202872713531,4.125,3.6,3.6666666666666665,3.8,4,1.0913669826826138,0.21303817561810445,0.38728913704759005,0.6666708921722283,1.0265815244696759,3.8666666666666667,0.809791772475565,0.222262,0.144687,0.247364,0.209144,0.977256,-0.361326,0.616196,1.192989,0,-0,0,0,7.328765168692949,3.6348827861580713,6.178248774441525,7.241568300082381,4.656821755573057,0.7712278136474511
STU_000081,ENVS 10,2025F,S02,INST_ENVS10_02,2026SP,20253,ENVS 10__2025F,ENVS 10__2025F__S02,0,pre,4,1.8116742112502071,3.375,3.2,3.3333333333333335,3,3,-0.40864478840256285,-0.5325954390452579,-0.25737048810166807,-0.8309508254868748,-0.8942774616501927,3.2,-0.6459302100313656,0.222262,0.144687,0.247364,0.209144,0.977256,-0.361326,0.616196,1.192989,0,-0,0,0,-5.723317752632953,-3.1390820632310072,-4.9968099092510965,-5.947174394609521,-3.7889915170137263,-0.624028766688463
STU_001166,ENVS 10,2025F,S02,INST_ENVS10_02,2026SP,20253,ENVS 10__2025F,ENVS 10__2025F__S02,0,pre,3,0.5541686055661302,4,3.2,3.6666666666666665,3.2,3.6666666666666665,0.8413650208350845,-0.5325954390452579,0.38728913704759005,-0.4565453960720986,0.3862951957630527,3.6,0.22750297947279274,0.222262,0.144687,0.247364,0.209144,0.977256,-0.361326,0.616196,1.192989,0,-0,0,0,2.0735902671316278,0.5832743844104558,1.6474769014620805,1.6432182605369285,1.2227757045540577,0.19355318354076967
STU_001014,ENVS 10,2025F,S02,INST_ENVS10_02,2026SP,20253,ENVS 10__2025F,ENVS 10__2025F__S02,0,pre,3.7,1.4344225295449842,3.875,4.2,4,3.8,3.6666666666666665,0.5913630589875549,1.3314885976131483,1.031948762196849,0.6666708921722283,0.3862951957630527,3.9,0.8825778716009113,0.222262,0.144687,0.247364,0.209144,0.977256,-0.361326,0.616196,1.192989,0,-0,0,0,7.827145601926205,4.570641460870836,7.096532395404138,7.97976649726274,4.7319063062702815,0.8516974749601439
STU_000473,ENVS 10,2025F,S02,INST_ENVS10_02,2026SP,20253,ENVS 10__2025F,ENVS 10__2025F__S02,0,pre,3.3,0.9314202872713531,4.125,4.2,3.6666666666666665,4,3.8333333333333335,1.0913669826826138,1.3314885976131483,0.38728913704759005,1.0410763215870045,0.7064383601163647,3.966666666666667,1.0281500698516048,0.222262,0.144687,0.247364,0.209144,0.977256,-0.361326,0.616196,1.192989,0,-0,0,0,8.963189914557708,5.051571779269702,7.63682558842302,9.047112586573144,5.483034279790156,0.9573552343160048
STU_000002,ENVS 10,2025F,S02,INST_ENVS10_02,2026SP,20253,ENVS 10__2025F,ENVS 10__2025F__S02,0,pre,3,0.5541686055661302,4.375,4.2,4.166666666666667,4.6,4.333333333333333,1.5913709063776729,1.3314885976131483,1.354278574771479,2.1642926098313313,1.6668678531762982,4.333333333333333,1.828797160230416,0.222262,0.144687,0.247364,0.209144,0.977256,-0.361326,0.616196,1.192989,0,-0,0,0,16.847619630987335,8.997440920553966,14.786298911526607,17.250838417506024,10.644771036626526,1.8171783748572286
STU_000676,ENVS 10,2025F,S03,INST_ENVS10_03,2026SP,20253,ENVS 10__2025F,ENVS 10__2025F__S03,0,pre,2.3,-0.3260853184127238,4.25,4.4,3.8333333333333335,4.2,4,1.3413689445301433,1.7043054049448298,0.7096189496222199,1.4154817510017808,1.0265815244696759,4.133333333333334,1.3920805654783381,0.222262,0.144687,0.247364,0.209144,0.977256,-0.361326,0.616196,1.192989,0,-0,0,0,12.235987364819874,6.857375566189909,10.549969998152774,12.415336770345935,7.512245312006896,1.3122199762663989
STU_000953,ENVS 10,2025F,S03,INST_ENVS10_03,2026SP,20253,ENVS 10__2025F,ENVS 10__2025F__S03,0,pre,2.3,-0.3260853184127238,3.625,3.2,3,3.6,3.1666666666666665,0.09135913529249606,-0.5325954390452579,-0.9020301132509271,0.29226546275745297,-0.5741342972968816,3.3333333333333335,-0.3547858135299795,0.222262,0.144687,0.247364,0.209144,0.977256,-0.361326,0.616196,1.192989,0,-0,0,0,-3.2422683374261494,-1.95050709648677,-3.2169732988761575,-3.271149713906729,-2.267208437229612,-0.3661592424589592
STU_001564,ENVS 10,2025F,S03,INST_ENVS10_03,2026SP,20253,ENVS 10__2025F,ENVS 10__2025F__S03,0,pre,3,0.5541686055661302,3.75,3.8,3.5,3.6,4,0.3413610971400255,0.5858549829497852,0.06495932447296097,0.29226546275745297,1.0265815244696759,3.7333333333333334,0.5186473759741789,0.222262,0.144687,0.247364,0.209144,0.977256,-0.361326,0.616196,1.192989,0,-0,0,0,4.4390805012026355,2.485695758006101,3.7894798494057893,4.484887977082137,3.0962938687093415,0.48155543603734313
STU_001122,ENVS 10,2025F,S03,INST_ENVS10_03,2026SP,20253,ENVS 10__2025F,ENVS 10__2025F__S03,0,pre,3,0.5541686055661302,3.375,3.6,3.5,2.4,3.5,-0.40864478840256285,0.21303817561810445,0.06495932447296097,-1.9541671137312024,0.06615203140974155,3.3,-0.4275719126553268,0.222262,0.144687,0.247364,0.209144,0.977256,-0.361326,0.616196,1.192989,0,-0,0,0,-4.148887401559093,-1.9323087680488198,-3.472304801521561,-4.6275218487812015,-2.374826790288005,-0.44528445015871276
STU_000174,ENVS 10,2025F,S03,INST_ENVS10_03,2026SP,20253,ENVS 10__2025F,ENVS 10__2025F__S03,0,pre,2.7,0.17691692386090738,3.875,3.6,3,3.4,3.1666666666666665,0.5913630589875549,0.21303817561810445,-0.9020301132509271,-0.08213996665732322,-0.5741342972968816,3.433333333333333,-0.13642751615394064,0.222262,0.144687,0.247364,0.209144,0.977256,-0.361326,0.616196,1.192989,0,-0,0,0,-0.9690806568303098,-0.5281920240747402,-1.424873936242069,-1.2812048394479545,-1.0447172675869225,-0.13771976084259832
STU_001228,ENVS 10,2025F,S03,INST_ENVS10_03,2026SP,20253,ENVS 10__2025F,ENVS 10__2025F__S03,0,pre,1.3,-1.5835909240968005,4.125,4.2,3.6666666666666665,3.8,3.6666666666666665,1.0913669826826138,1.3314885976131483,0.38728913704759005,0.6666708921722283,0.3862951957630527,3.9,0.8825778716009113,0.222262,0.144687,0.247364,0.209144,0.977256,-0.361326,0.616196,1.192989,0,-0,0,0,7.903272634333354,4.499647942736519,6.680390882334,7.837214300978154,4.686044081470619,0.8361993410909063
STU_000175,ENVS 10,2025F,S04,INST_ENVS10_01,2026SP,20253,ENVS 10__2025F,ENVS 10__2025F__S04,0,pre,2.7,0.17691692386090738,3.25,3.2,3.1666666666666665,2.8,3.3333333333333335,-0.6586467502500923,-0.5325954390452579,-0.5797003006762981,-1.205356254901651,-0.2539911329435696,3.1666666666666665,-0.7187163091567129,0.222262,0.144687,0.247364,0.209144,0.977256,-0.361326,0.616196,1.192989,0,-0,0,0,-6.632624386388747,-3.519796391978436,-5.812155579842286,-6.858534639962983,-3.9694696300359644,-0.7126042324898147
STU_000407,ENVS 10,2025F,S05,INST_ENVS10_03,2026SP,20253,ENVS 10__2025F,ENVS 10__2025F__S05,0,pre,1.3,-1.5835909240968005,4.125,4.2,3.6666666666666665,3.8,3.6666666666666665,1.0913669826826138,1.3314885976131483,0.38728913704759005,0.6666708921722283,0.3862951957630527,3.9,0.8825778716009113,0.222262,0.144687,0.247364,0.209144,0.977256,-0.361326,0.616196,1.192989,0,-0,0,0,7.903272634333354,4.499647942736519,6.680390882334,7.837214300978154,4.686044081470619,0.8361993410909063
STU_000824,ENVS 10,2025F,S05,INST_ENVS10_01,2026SP,20253,ENVS 10__2025F,ENVS 10__2025F__S05,0,pre,2.7,0.17691692386090738,3.125,3.6,3,3.2,2.8333333333333335,-0.9086487120976218,0.21303817561810445,-0.9020301132509271,-0.4565453960720986,-1.214420626003504,3.1333333333333333,-0.7915024082820592,0.222262,0.144687,0.247364,0.209144,0.977256,-0.361326,0.616196,1.192989,0,-0,0,0,-7.385485415237112,-3.4831913481053327,-6.485497094317699,-7.308361492154775,-4.847074071346455,-0.7845815771745562
STU_000529,ENVS 10,2025F,S05,INST_ENVS10_03,2026SP,20253,ENVS 10__2025F,ENVS 10__2025F__S05,0,pre,2.7,0.17691692386090738,3.25,2.4,3,3,2.6666666666666665,-0.6586467502500923,-2.0238626683719834,-0.9020301132509271,-0.8309508254868748,-1.534563790356816,2.9,-1.301005102159485,0.222262,0.144687,0.247364,0.209144,0.977256,-0.361326,0.616196,1.192989,0,-0,0,0,-11.220568204967718,-6.623752903701549,-9.972646747929083,-11.494629214036241,-7.414417397915827,-1.2305965978687197
STU_001501,ENVS 10,2025F,S05,INST_ENVS10_03,2026SP,20253,ENVS 10__2025F,ENVS 10__2025F__S05,0,pre,2.3,-0.3260853184127238,3.625,3.2,3,3.6,3.1666666666666665,0.09135913529249606,-0.5325954390452579,-0.9020301132509271,0.29226546275745297,-0.5741342972968816,3.3333333333333335,-0.3547858135299795,0.222262,0.144687,0.247364,0.209144,0.977256,-0.361326,0.616196,1.192989,0,-0,0,0,-3.2422683374261494,-1.95050709648677,-3.2169732988761575,-3.271149713906729,-2.267208437229612,-0.3661592424589592
STU_001336,ENVS 10,2025F,S05,INST_ENVS10_01,2026SP,20253,ENVS 10__2025F,ENVS 10__2025F__S05,0,pre,2.7,0.17691692386090738,3.25,3.2,3.1666666666666665,2.8,3.3333333333333335,-0.6586467502500923,-0.5325954390452579,-0.5797003006762981,-1.205356254901651,-0.2539911329435696,3.1666666666666665,-0.7187163091567129,0.222262,0.144687,0.247364,0.209144,0.977256,-0.361326,0.616196,1.192989,0,-0,0,0,-6.632624386388747,-3.519796391978436,-5.812155579842286,-6.858534639962983,-3.9694696300359644,-0.7126042324898147
STU_001252,ENVS 10,2025F,S05,INST_ENVS10_03,2026SP,20253,ENVS 10__2025F,ENVS 10__2025F__S05,0,pre,2.7,0.17691692386090738,3.875,3.6,3,3.4,3.1666666666666665,0.5913630589875549,0.21303817561810445,-0.9020301132509271,-0.08213996665732322,-0.5741342972968816,3.433333333333333,-0.13642751615394064,0.222262,0.144687,0.247364,0.209144,0.977256,-0.361326,0.616196,1.192989,0,-0,0,0,-0.9690806568303098,-0.5281920240747402,-1.424873936242069,-1.2812048394479545,-1.0447172675869225,-0.13771976084259832
STU_000384,ENVS 10,2025F,S05,INST_ENVS10_01,2026SP,20253,ENVS 10__2025F,ENVS 10__2025F__S05,0,pre,3.3,0.9314202872713531,4.25,3.8,3.5,3.8,3.8333333333333335,1.3413689445301433,0.5858549829497852,0.06495932447296097,0.6666708921722283,0.7064383601163647,3.8666666666666667,0.809791772475565,0.222262,0.144687,0.247364,0.209144,0.977256,-0.361326,0.616196,1.192989,0,-0,0,0,7.201986152359569,3.684594252925238,5.876604226656122,7.018042829407167,4.334232176739832,0.7467107974771556
STU_001558,ENVS 10,2025F,S05,INST_ENVS10_01,2026SP,20253,ENVS 10__2025F,ENVS 10__2025F__S05,0,pre,3.3,0.9314202872713531,4,3.6,4,3.8,3.6666666666666665,0.8413650208350845,0.21303817561810445,1.031948762196849,0.6666708921722283,0.3862951957630527,3.8333333333333335,0.7370056733502187,0.222262,0.144687,0.247364,0.209144,0.977256,-0.361326,0.616196,1.192989,0,-0,0,0,6.599515532519368,3.328925116135745,5.927106992999593,6.62735406543327,3.959819882078897,0.7041215874322192
STU_000355,ENVS 10,2025F,S06,INST_ENVS10_03,2026SP,20253,ENVS 10__2025F,ENVS 10__2025F__S06,0,pre,2.7,0.17691692386090738,3.875,3.6,3,3.4,3.1666666666666665,0.5913630589875549,0.21303817561810445,-0.9020301132509271,-0.08213996665732322,-0.5741342972968816,3.433333333333333,-0.13642751615394064,0.222262,0.144687,0.247364,0.209144,0.977256,-0.361326,0.616196,1.192989,0,-0,0,0,-0.9690806568303098,-0.5281920240747402,-1.424873936242069,-1.2812048394479545,-1.0447172675869225,-0.13771976084259832
STU_000240,ENVS 10,2025F,S06,INST_ENVS10_03,2026SP,20253,ENVS 10__2025F,ENVS 10__2025F__S06,0,pre,2.3,-0.3260853184127238,3.625,3.2,3,3.6,3.1666666666666665,0.09135913529249606,-0.5325954390452579,-0.9020301132509271,0.29226546275745297,-0.5741342972968816,3.3333333333333335,-0.3547858135299795,0.222262,0.144687,0.247364,0.209144,0.977256,-0.361326,0.616196,1.192989,0,-0,0,0,-3.2422683374261494,-1.95050709648677,-3.2169732988761575,-3.271149713906729,-2.267208437229612,-0.3661592424589592
STU_000534,ENVS 10,2025F,S06,INST_ENVS10_03,2026SP,20253,ENVS 10__2025F,ENVS 10__2025F__S06,0,pre,3,0.5541686055661302,3.375,3.6,3.5,2.4,3.5,-0.40864478840256285,0.21303817561810445,0.06495932447296097,-1.9541671137312024,0.06615203140974155,3.3,-0.4275719126553268,0.222262,0.144687,0.247364,0.209144,0.977256,-0.361326,0.616196,1.192989,0,-0,0,0,-4.148887401559093,-1.9323087680488198,-3.472304801521561,-4.6275218487812015,-2.374826790288005,-0.44528445015871276
STU_000038,ENVS 10,2025F,S06,INST_ENVS10_03,2026SP,20253,ENVS 10__2025F,ENVS 10__2025F__S06,0,pre,2.3,-0.3260853184127238,4.25,4.4,3.8333333333333335,4.2,4,1.3413689445301433,1.7043054049448298,0.7096189496222199,1.4154817510017808,1.0265815244696759,4.133333333333334,1.3920805654783381,0.222262,0.144687,0.247364,0.209144,0.977256,-0.361326,0.616196,1.192989,0,-0,0,0,12.235987364819874,6.857375566189909,10.549969998152774,12.415336770345935,7.512245312006896,1.3122199762663989
STU_000797,ENVS 10,2025F,S06,INST_ENVS10_01,2026SP,20253,ENVS 10__2025F,ENVS 10__2025F__S06,0,pre,2.7,0.17691692386090738,3.25,3.2,3.1666666666666665,2.8,3.3333333333333335,-0.6586467502500923,-0.5325954390452579,-0.5797003006762981,-1.205356254901651,-0.2539911329435696,3.1666666666666665,-0.7187163091567129,0.222262,0.144687,0.247364,0.209144,0.977256,-0.361326,0.616196,1.192989,0,-0,0,0,-6.632624386388747,-3.519796391978436,-5.812155579842286,-6.858534639962983,-3.9694696300359644,-0.7126042324898147
STU_000749,ENVS 10,2025F,S06,INST_ENVS10_03,2026SP,20253,ENVS 10__2025F,ENVS 10__2025F__S06,0,pre,2.7,0.17691692386090738,3.875,4,3.1666666666666665,4,3.3333333333333335,0.5913630589875549,0.9586717902814668,-0.5797003006762981,1.0410763215870045,-0.2539911329435696,3.6666666666666665,0.3730751777234853,0.222262,0.144687,0.247364,0.209144,0.977256,-0.361326,0.616196,1.192989,0,-0,0,0,3.246281420652016,2.0283581828244297,2.400349677732619,3.3659541549818797,1.6604595887172797,0.3365975769599262
STU_001094,ENVS 10,2025F,S06,INST_ENVS10_01,2026SP,20253,ENVS 10__2025F,ENVS 10__2025F__S06,0,pre,3.3,0.9314202872713531,4.25,3.8,3.5,3.8,3.8333333333333335,1.3413689445301433,0.5858549829497852,0.06495932447296097,0.6666708921722283,0.7064383601163647,3.8666666666666667,0.809791772475565,0.222262,0.144687,0.247364,0.209144,0.977256,-0.361326,0.616196,1.192989,0,-0,0,0,7.201986152359569,3.684594252925238,5.876604226656122,7.018042829407167,4.334232176739832,0.7467107974771556
STU_001403,ENVS 10,2025F,S07,INST_ENVS10_03,2026SP,20253,ENVS 10__2025F,ENVS 10__2025F__S07,0,pre,3,0.5541686055661302,3.375,3.6,3.5,2.4,3.5,-0.40864478840256285,0.21303817561810445,0.06495932447296097,-1.9541671137312024,0.06615203140974155,3.3,-0.4275719126553268,0.222262,0.144687,0.247364,0.209144,0.977256,-0.361326,0.616196,1.192989,0,-0,0,0,-4.148887401559093,-1.9323087680488198,-3.472304801521561,-4.6275218487812015,-2.374826790288005,-0.44528445015871276
STU_000211,ENVS 10,2025F,S07,INST_ENVS10_02,2026SP,20253,ENVS 10__2025F,ENVS 10__2025F__S07,0,pre,3,0.5541686055661302,4.375,4.2,4.166666666666667,4.6,4.333333333333333,1.5913709063776729,1.3314885976131483,1.354278574771479,2.1642926098313313,1.6668678531762982,4.333333333333333,1.828797160230416,0.222262,0.144687,0.247364,0.209144,0.977256,-0.361326,0.616196,1.192989,0,-0,0,0,16.847619630987335,8.997440920553966,14.786298911526607,17.250838417506024,10.644771036626526,1.8171783748572286
STU_000527,ENVS 10,2025F,S07,INST_ENVS10_01,2026SP,20253,ENVS 10__2025F,ENVS 10__2025F__S07,0,pre,3.3,0.9314202872713531,4,3.6,4,3.8,3.6666666666666665,0.8413650208350845,0.21303817561810445,1.031948762196849,0.6666708921722283,0.3862951957630527,3.8333333333333335,0.7370056733502187,0.222262,0.144687,0.247364,0.209144,0.977256,-0.361326,0.616196,1.192989,0,-0,0,0,6.599515532519368,3.328925116135745,5.927106992999593,6.62735406543327,3.959819882078897,0.7041215874322192
STU_000253,ENVS 10,2025F,S07,INST_ENVS10_01,2026SP,20253,ENVS 10__2025F,ENVS 10__2025F__S07,0,pre,3.3,0.9314202872713531,4,3.6,4,3.8,3.6666666666666665,0.8413650208350845,0.21303817561810445,1.031948762196849,0.6666708921722283,0.3862951957630527,3.8333333333333335,0.7370056733502187,0.222262,0.144687,0.247364,0.209144,0.977256,-0.361326,0.616196,1.192989,0,-0,0,0,6.599515532519368,3.328925116135745,5.927106992999593,6.62735406543327,3.959819882078897,0.7041215874322192
STU_001323,ENVS 10,2025F,S07,INST_ENVS10_02,2026SP,20253,ENVS 10__2025F,ENVS 10__2025F__S07,0,pre,3,0.5541686055661302,3.25,3.4,3.6666666666666665,3.2,3.5,-0.6586467502500923,-0.1597786317135771,0.38728913704759005,-0.4565453960720986,0.06615203140974155,3.4,-0.20921361527928692,0.222262,0.144687,0.247364,0.209144,0.977256,-0.361326,0.616196,1.192989,0,-0,0,0,-2.4207982731042437,-1.210957664543993,-1.719747852203892,-2.3327676442033773,-1.2796644640051413,-0.239336411920121
STU_001011,ENVS 10,2025F,S07,INST_ENVS10_01,2026SP,20253,ENVS 10__2025F,ENVS 10__2025F__S07,0,pre,2,-0.7033370001179466,3.25,2.4,2.6666666666666665,2.8,3.1666666666666665,-0.6586467502500923,-2.0238626683719834,-1.546689738400186,-1.205356254901651,-0.5741342972968816,2.9,-1.301005102159485,0.222262,0.144687,0.247364,0.209144,0.977256,-0.361326,0.616196,1.192989,0,-0,0,0,-11.359323458713932,-6.6927654848196525,-10.356490203055271,-11.742895403460073,-6.968216240893628,-1.2456171865559247
STU_000420,ENVS 10,2025F,S07,INST_ENVS10_03,2026SP,20253,ENVS 10__2025F,ENVS 10__2025F__S07,0,pre,2.7,0.17691692386090738,3.875,3.6,3,3.4,3.1666666666666665,0.5913630589875549,0.21303817561810445,-0.9020301132509271,-0.08213996665732322,-0.5741342972968816,3.433333333333333,-0.13642751615394064,0.222262,0.144687,0.247364,0.209144,0.977256,-0.361326,0.616196,1.192989,0,-0,0,0,-0.9690806568303098,-0.5281920240747402,-1.424873936242069,-1.2812048394479545,-1.0447172675869225,-0.13771976084259832
STU_000164,ENVS 10,2026SP,S01,INST_ENVS10_01,2026SP,20261,ENVS 10__2026SP,ENVS 10__2026SP__S01,1,post,3.7,1.4344225295449842,4.625,4.6,4.5,3.6,4.5,2.0913748300727315,2.07712221227651,1.9989381999207372,0.29226546275745297,1.98701101752961,4.4,1.9743693584811104,0.222262,0.144687,0.247364,0.209144,0.977256,-0.361326,0.616196,1.192989,0.977256,-0.361326,0.616196,1.192989,18.49182065881255,10.119019713234477,16.267192378172584,18.13847754916386,11.636835395532147,1.9738115366869908
STU_001556,ENVS 10,2026SP,S01,INST_ENVS10_01,2026SP,20261,ENVS 10__2026SP,ENVS 10__2026SP__S01,1,post,3,0.5541686055661302,4.25,3.8,3.8333333333333335,3.6,3.6666666666666665,1.3413689445301433,0.5858549829497852,0.7096189496222199,0.29226546275745297,0.3862951957630527,3.8666666666666667,0.809791772475565,0.222262,0.144687,0.247364,0.209144,0.977256,-0.361326,0.616196,1.192989,0.977256,-0.361326,0.616196,1.192989,7.462810771316408,3.817196224541583,6.3469444313296375,7.175469848188458,4.386708924215751,0.7757043859242437
STU_001383,ENVS 10,2026SP,S01,INST_ENVS10_01,2026SP,20261,ENVS 10__2026SP,ENVS 10__2026SP__S01,1,post,2.3,-0.3260853184127238,2.875,3,2.5,2.8,3.1666666666666665,-1.4086526357926807,-0.9054122463769394,-1.869019550974815,-1.205356254901651,-0.5741342972968816,2.8666666666666667,-1.3737912012848315,0.222262,0.144687,0.247364,0.209144,0.977256,-0.361326,0.616196,1.192989,0.977256,-0.361326,0.616196,1.192989,-12.214292099261538,-6.408424642438601,-10.948412450934264,-12.301786693856776,-7.300411750325881,-1.3072853052608204
STU_001172,ENVS 10,2026SP,S01,INST_ENVS10_01,2026SP,20261,ENVS 10__2026SP,ENVS 10__2026SP__S01,1,post,3.7,1.4344225295449842,4.125,4.2,4,4.2,4,1.0913669826826138,1.3314885976131483,1.031948762196849,1.4154817510017808,1.0265815244696759,4.1,1.31929446635299,0.222262,0.144687,0.247364,0.209144,0.977256,-0.361326,0.616196,1.192989,0.977256,-0.361326,0.616196,1.192989,12.052793973368777,6.634989474699885,10.622078097468854,12.30613604454092,7.527040825689703,1.3016999615674474
STU_000744,ENVS 10,2026SP,S01,INST_ENVS10_01,2026SP,20261,ENVS 10__2026SP,ENVS 10__2026SP__S01,1,post,1.3,-1.5835909240968005,2.875,2.6,2.8333333333333335,2.6,2.8333333333333335,-1.4086526357926807,-1.6510458610403016,-1.2243599258255562,-1.5797616843164264,-1.214420626003504,2.7666666666666666,-1.5921494986608713,0.222262,0.144687,0.247364,0.209144,0.977256,-0.361326,0.616196,1.192989,0.977256,-0.361326,0.616196,1.192989,-13.873684453388197,-7.6633020040440725,-12.176850882545828,-14.103752251801781,-8.649627027822822,-1.4952210839328164
STU_001530,ENVS 10,2026SP,S01,INST_ENVS10_01,2026SP,20261,ENVS 10__2026SP,ENVS 10__2026SP__S01,1,post,2.7,0.17691692386090738,3.75,4,3.3333333333333335,3.6,3.5,0.3413610971400255,0.9586717902814668,-0.25737048810166807,0.29226546275745297,0.06615203140974155,3.6333333333333333,0.300289078598139,0.222262,0.144687,0.247364,0.209144,0.977256,-0.361326,0.616196,1.192989,0.977256,-0.361326,0.616196,1.192989,2.615768502941645,1.7574246976486163,2.082400617233447,2.630458044166758,1.5490993145182148,0.278825269492935
STU_000728,ENVS 10,2026SP,S01,INST_ENVS10_01,2026SP,20261,ENVS 10__2026SP,ENVS 10__2026SP__S01,1,post,3,0.5541686055661302,4.25,4,3.8333333333333335,4,4,1.3413689445301433,0.9586717902814668,0.7096189496222199,1.0410763215870045,1.0265815244696759,4.033333333333333,1.1737222681022974,0.222262,0.144687,0.247364,0.209144,0.977256,-0.361326,0.616196,1.192989,0.977256,-0.361326,0.616196,1.192989,10.21759468626485,5.450017394042284,8.786050990215378,10.230246931202197,6.309435760669422,1.0869415971680143
STU_001124,ENVS 10,2026SP,S01,INST_ENVS10_01,2026SP,20261,ENVS 10__2026SP,ENVS 10__2026SP__S01,1,post,2.3,-0.3260853184127238,4.875,4.2,4.166666666666667,4.2,4.166666666666667,2.5913787537677906,1.3314885976131483,1.354278574771479,1.4154817510017808,1.3467246888229878,4.366666666666666,1.9015832593557622,0.222262,0.144687,0.247364,0.209144,0.977256,-0.361326,0.616196,1.192989,0.977256,-0.361326,0.616196,1.192989,17.892459325277343,9.288173710592556,15.287879584468376,17.620932717803637,10.76347999547417,1.8817864607273245
STU_000358,ENVS 10,2026SP,S02,INST_ENVS10_02,2026SP,20261,ENVS 10__2026SP,ENVS 10__2026SP__S02,1,post,2,-0.7033370001179466,4,4.4,3.6666666666666665,4,3.8333333333333335,0.8413650208350845,1.7043054049448298,0.38728913704759005,1.0410763215870045,0.7064383601163647,3.966666666666667,1.0281500698516048,0.222262,0.144687,0.247364,0.209144,0.977256,-0.361326,0.616196,1.192989,0.977256,-0.361326,0.616196,1.192989,8.868113185056984,5.2549330003980295,7.642392798001761,9.056134629769016,5.488502959012952,0.9583408539922339
STU_001498,ENVS 10,2026SP,S02,INST_ENVS10_02,2026SP,20261,ENVS 10__2026SP,ENVS 10__2026SP__S02,1,post,3.3,0.9314202872713531,3.625,3.6,3.3333333333333335,3.2,3.5,0.09135913529249606,0.21303817561810445,-0.25737048810166807,-0.4565453960720986,0.06615203140974155,3.466666666666667,-0.06364141702859338,0.222262,0.144687,0.247364,0.209144,0.977256,-0.361326,0.616196,1.192989,0.977256,-0.361326,0.616196,1.192989,-0.8567537009254619,-0.3638364194428182,-0.8890443103374865,-1.0370576243348837,-0.5264702941175458,-0.09929204277388552
STU_000518,ENVS 10,2026SP,S02,INST_ENVS10_02,2026SP,20261,ENVS 10__2026SP,ENVS 10__2026SP__S02,1,post,2.7,0.17691692386090738,3.375,3.8,3,3.4,3.5,-0.40864478840256285,0.5858549829497852,-0.9020301132509271,-0.08213996665732322,0.06615203140974155,3.4,-0.20921361527928692,0.222262,0.144687,0.247364,0.209144,0.977256,-0.361326,0.616196,1.192989,0.977256,-0.361326,0.616196,1.192989,-2.0349119197978465,-0.6671809548316664,-1.9808307131516423,-1.9495968918880175,-1.0969876008944066,-0.20997571705458967
STU_000466,ENVS 10,2026SP,S02,INST_ENVS10_02,2026SP,20261,ENVS 10__2026SP,ENVS 10__2026SP__S02,1,post,2.3,-0.3260853184127238,3.5,3.4,3.1666666666666665,4,3.6666666666666665,-0.1586428265550334,-0.1597786317135771,-0.5797003006762981,1.0410763215870045,0.3862951957630527,3.533333333333333,0.0819307812220992,0.222262,0.144687,0.247364,0.209144,0.977256,-0.361326,0.616196,1.192989,0.977256,-0.361326,0.616196,1.192989,0.6018249371775923,0.26341461363890106,0.38234343945974125,1.0110787922278923,0.6280163949448487,0.07711091935047953
STU_000872,ENVS 10,2026SP,S02,INST_ENVS10_02,2026SP,20261,ENVS 10__2026SP,ENVS 10__2026SP__S02,1,post,2.7,0.17691692386090738,3.5,3.6,3.8333333333333335,3.4,3.5,-0.1586428265550334,0.21303817561810445,0.7096189496222199,-0.08213996665732322,0.06615203140974155,3.566666666666667,0.15471688034744646,0.222262,0.144687,0.247364,0.209144,0.977256,-0.361326,0.616196,1.192989,0.977256,-0.361326,0.616196,1.192989,0.9672002124808179,0.6138422086988569,1.166653936931323,1.0379564611915355,0.6351948806772583,0.11654250723974295
STU_000537,ENVS 10,2026SP,S02,INST_ENVS10_02,2026SP,20261,ENVS 10__2026SP,ENVS 10__2026SP__S02,1,post,2.3,-0.3260853184127238,3.375,3.2,3.1666666666666665,3.8,3.5,-0.40864478840256285,-0.5325954390452579,-0.5797003006762981,0.6666708921722283,0.06615203140974155,3.4,-0.20921361527928692,0.222262,0.144687,0.247364,0.209144,0.977256,-0.361326,0.616196,1.192989,0.977256,-0.361326,0.616196,1.192989,-2.1705859163108854,-1.2966410316978192,-2.000465445658311,-1.8849741082764422,-1.2064335874998662,-0.2252607396923121
STU_000695,ENVS 10,2026SP,S02,INST_ENVS10_02,2026SP,20261,ENVS 10__2026SP,ENVS 10__2026SP__S02,1,post,3.7,1.4344225295449842,3.75,3.4,3.3333333333333335,3.4,3.6666666666666665,0.3413610971400255,-0.1597786317135771,-0.25737048810166807,-0.08213996665732322,0.3862951957630527,3.533333333333333,0.0819307812220992,0.222262,0.144687,0.247364,0.209144,0.977256,-0.361326,0.616196,1.192989,0.977256,-0.361326,0.616196,1.192989,0.59661239478134,0.13129895333525546,0.26909173127315766,0.43553207736412947,0.45424993114400203,0.050318972218479724
STU_000122,ENVS 10,2026SP,S03,INST_ENVS10_03,2026SP,20261,ENVS 10__2026SP,ENVS 10__2026SP__S03,1,post,3.7,1.4344225295449842,3.75,3.4,4.166666666666667,3.8,4.166666666666667,0.3413610971400255,-0.1597786317135771,1.354278574771479,0.6666708921722283,1.3467246888229878,3.8666666666666667,0.809791772475565,0.222262,0.144687,0.247364,0.209144,0.977256,-0.361326,0.616196,1.192989,0.977256,-0.361326,0.616196,1.192989,7.179370890213773,3.506409070942136,6.7084432815210135,7.419160233608997,4.924193116220303,0.7896254109207594
STU_001000,ENVS 10,2026SP,S03,INST_ENVS10_03,2026SP,20261,ENVS 10__2026SP,ENVS 10__2026SP__S03,1,post,2,-0.7033370001179466,3.875,3.4,3.8333333333333335,3.8,3.6666666666666665,0.5913630589875549,-0.1597786317135771,0.7096189496222199,0.6666708921722283,0.3862951957630527,3.7333333333333334,0.5186473759741789,0.222262,0.144687,0.247364,0.209144,0.977256,-0.361326,0.616196,1.192989,0.977256,-0.361326,0.616196,1.192989,4.7189644558133965,2.2186377127077663,4.217996527997303,4.795148177167022,2.8845497819321126,0.5030275927177178
STU_001269,ENVS 10,2026SP,S03,INST_ENVS10_03,2026SP,20261,ENVS 10__2026SP,ENVS 10__2026SP__S03,1,post,4,1.8116742112502071,3.625,4,3.6666666666666665,3.4,3.5,0.09135913529249606,0.9586717902814668,0.38728913704759005,-0.08213996665732322,0.06615203140974155,3.6333333333333333,0.300289078598139,0.222262,0.144687,0.247364,0.209144,0.977256,-0.361326,0.616196,1.192989,0.977256,-0.361326,0.616196,1.192989,2.6003796615318344,1.7910747570655114,2.4158650941475797,2.6129362105070535,1.595230841758111,0.2883283536355005
STU_001319,ENVS 10,2026SP,S03,INST_ENVS10_03,2026SP,20261,ENVS 10__2026SP,ENVS 10__2026SP__S03,1,post,3,0.5541686055661302,3.625,3.2,3.6666666666666665,3,3.3333333333333335,0.09135913529249606,-0.5325954390452579,0.38728913704759005,-0.8309508254868748,-0.2539911329435696,3.4,-0.20921361527928692,0.222262,0.144687,0.247364,0.209144,0.977256,-0.361326,0.616196,1.192989,0.977256,-0.361326,0.616196,1.192989,-1.6968287777918536,-1.190524523529843,-1.3607921130510374,-2.0062138795069813,-1.1311388333152752,-0.1937960698707002
STU_000935,ENVS 10,2026SP,S03,INST_ENVS10_03,2026SP,20261,ENVS 10__2026SP,ENVS 10__2026SP__S03,1,post,1,-1.9608426058020236,3.5,3,3.1666666666666665,3.4,3.1666666666666665,-0.1586428265550334,-0.9054122463769394,-0.5797003006762981,-0.08213996665732322,-0.5741342972968816,3.2666666666666666,-0.5003580117806731,0.222262,0.144687,0.247364,0.209144,0.977256,-0.361326,0.616196,1.192989,0.977256,-0.361326,0.616196,1.192989,-4.43122328324926,-2.7035810547333043,-4.054522424865303,-4.506412715897103,-2.92044770249717,-0.48942506520385426
STU_000498,ENVS 10,2026SP,S03,INST_ENVS10_03,2026SP,20261,ENVS 10__2026SP,ENVS 10__2026SP__S03,1,post,4,1.8116742112502071,3.75,3.6,3.3333333333333335,3.2,3.3333333333333335,0.3413610971400255,0.21303817561810445,-0.25737048810166807,-0.4565453960720986,-0.2539911329435696,3.466666666666667,-0.06364141702859338,0.222262,0.144687,0.247364,0.209144,0.977256,-0.361326,0.616196,1.192989,0.977256,-0.361326,0.616196,1.192989,-0.6460013680720853,-0.27567795509146875,-0.7851340384610203,-0.9472129105916233,-0.6314617262966897,-0.08771012431516235
STU_000742,ENVS 10,2026SP,S03,INST_ENVS10_03,2026SP,20261,ENVS 10__2026SP,ENVS 10__2026SP__S03,1,post,4,1.8116742112502071,3.75,4,3.8333333333333335,3.8,3.1666666666666665,0.3413610971400255,0.9586717902814668,0.7096189496222199,0.6666708921722283,-0.5741342972968816,3.7,0.4458612768488326,0.222262,0.144687,0.247364,0.209144,0.977256,-0.361326,0.616196,1.192989,0.977256,-0.361326,0.616196,1.192989,3.878148173388245,2.4025539587435305,3.570949891175608,4.040997877005854,1.918068617816201,0.4202680193196958
STU_001205,ETHN 70,2024SP,S01,INST_ETHN70_01,2025F,20241,ETHN 70__2024SP,ETHN 70__2024SP__S01,0,pre,1,-1.9608426058020236,3.25,3.6,3.1666666666666665,3.6,3.3333333333333335,-0.6586467502500923,0.21303817561810445,-0.5797003006762981,0.29226546275745297,-0.2539911329435696,3.3666666666666667,-0.28199971440463323,0.059607,0.317604,0.167182,0.151,-1.735136,1.260126,-0.168471,-0.765909,-0,0,-0,-0,-2.986725337510567,-1.3003014586253054,-2.636589622346218,-2.705031093114522,-1.7928030047453647,-0.30479774801007026
STU_000484,ETHN 70,2024SP,S01,INST_ETHN70_01,2025F,20241,ETHN 70__2024SP,ETHN 70__2024SP__S01,0,pre,2.3,-0.3260853184127238,4.25,3.6,4,4.2,4.166666666666667,1.3413689445301433,0.21303817561810445,1.031948762196849,1.4154817510017808,1.3467246888229878,4.066666666666666,1.2465083672276438,0.059607,0.317604,0.167182,0.151,-1.735136,1.260126,-0.168471,-0.765909,-0,0,-0,-0,11.467380292884298,5.706163232058217,9.998442416351807,11.60092680672876,7.292876450430626,1.2246354510231854
STU_001341,ETHN 70,2024SP,S01,INST_ETHN70_01,2025F,20241,ETHN 70__2024SP,ETHN 70__2024SP__S01,0,pre,3.3,0.9314202872713531,4.625,4.4,4.666666666666667,5,4.833333333333333,2.0913748300727315,1.7043054049448298,2.321268012495367,2.913103468660884,2.6272973462362326,4.7,2.629444250609229,0.059607,0.317604,0.167182,0.151,-1.735136,1.260126,-0.168471,-0.765909,-0,0,-0,-0,25.38361655519855,13.46484918002128,22.496439709852474,26.01355318267562,16.187391217020522,2.7458841644419696
STU_000120,ETHN 70,2024SP,S01,INST_ETHN70_01,2025F,20241,ETHN 70__2024SP,ETHN 70__2024SP__S01,0,pre,3,0.5541686055661302,4.625,4.4,4.5,4.8,4.166666666666667,2.0913748300727315,1.7043054049448298,1.9989381999207372,2.538698039246108,1.3467246888229878,4.5,2.192727655857149,0.059607,0.317604,0.167182,0.151,-1.735136,1.260126,-0.168471,-0.765909,-0,0,-0,-0,20.614885018347497,11.036354991958147,18.14737318164487,20.998113972637743,12.580178229902433,2.2134154091151306
STU_000853,ETHN 70,2024SP,S01,INST_ETHN70_01,2025F,20241,ETHN 70__2024SP,ETHN 70__2024SP__S01,0,pre,2.3,-0.3260853184127238,3.375,3.2,3.1666666666666665,3,3.5,-0.40864478840256285,-0.5325954390452579,-0.5797003006762981,-0.8309508254868748,0.06615203140974155,3.2666666666666666,-0.5003580117806731,0.059607,0.317604,0.167182,0.151,-1.735136,1.260126,-0.168471,-0.765909,-0,0,-0,-0,-4.617580953975455,-2.573059180146993,-4.144967400741788,-4.809898845119239,-2.6734480692522276,-0.5001868375883631
STU_000101,ETHN 70,2024SP,S01,INST_ETHN70_01,2025F,20241,ETHN 70__2024SP,ETHN 70__2024SP__S01,0,pre,2.7,0.17691692386090738,4,3.4,3.6666666666666665,3.6,3.8333333333333335,0.8413650208350845,-0.1597786317135771,0.38728913704759005,0.29226546275745297,0.7064383601163647,3.7333333333333334,0.5186473759741789,0.059607,0.317604,0.167182,0.151,-1.735136,1.260126,-0.168471,-0.765909,-0,0,-0,-0,4.680088600454723,2.115306654308889,3.926486998938023,4.517855510684634,2.9395326140145976,0.48456806097580973
STU_000663,ETHN 70,2024SP,S01,INST_ETHN70_01,2025F,20241,ETHN 70__2024SP,ETHN 70__2024SP__S01,0,pre,1.7,-1.0805886818231698,3.375,3.2,3.3333333333333335,2.6,3.6666666666666665,-0.40864478840256285,-0.5325954390452579,-0.25737048810166807,-1.5797616843164264,0.3862951957630527,3.2666666666666666,-0.5003580117806731,0.059607,0.317604,0.167182,0.151,-1.735136,1.260126,-0.168471,-0.765909,-0,0,-0,-0,-4.5628158108817605,-2.527213350288651,-3.9744531614217533,-4.947903039313797,-2.4255843431655584,-0.49262023422245654
STU_000590,ETHN 70,2024SP,S02,INST_ETHN70_02,2025F,20241,ETHN 70__2024SP,ETHN 70__2024SP__S02,0,pre,1.7,-1.0805886818231698,3.5,3.6,2.8333333333333335,3,3.5,-0.1586428265550334,0.21303817561810445,-1.2243599258255562,-0.8309508254868748,0.06615203140974155,3.3,-0.4275719126553268,0.059607,0.317604,0.167182,0.151,-1.735136,1.260126,-0.168471,-0.765909,-0,0,-0,-0,-3.910573452719864,-1.8750313365878635,-3.8661947477886898,-4.198962610980346,-2.274013337332009,-0.4323465077728671
STU_000068,ETHN 70,2024SP,S02,INST_ETHN70_02,2025F,20241,ETHN 70__2024SP,ETHN 70__2024SP__S02,0,pre,1.7,-1.0805886818231698,4.125,3.8,3.5,3.6,3.5,1.0913669826826138,0.5858549829497852,0.06495932447296097,0.29226546275745297,0.06615203140974155,3.7333333333333334,0.5186473759741789,0.059607,0.317604,0.167182,0.151,-1.735136,1.260126,-0.168471,-0.765909,-0,0,-0,-0,4.778870656287801,2.507033745238756,3.805717331163589,4.508358343496432,2.633270587289568,0.4846322262445315
STU_000463,ETHN 70,2024SP,S02,INST_ETHN70_02,2025F,20241,ETHN 70__2024SP,ETHN 70__2024SP__S02,0,pre,2,-0.7033370001179466,3.875,3.8,3.8333333333333335,3.8,3.6666666666666665,0.5913630589875549,0.5858549829497852,0.7096189496222199,0.6666708921722283,0.3862951957630527,3.8,0.6642195742248714,0.059607,0.317604,0.167182,0.151,-1.735136,1.260126,-0.168471,-0.765909,-0,0,-0,-0,5.8299356385948515,3.1368846257032756,5.1698406999688125,5.910442502646593,3.5232588262304523,0.6257109947488279
STU_001495,ETHN 70,2024SP,S02,INST_ETHN70_02,2025F,20241,ETHN 70__2024SP,ETHN 70__2024SP__S02,0,pre,2.7,0.17691692386090738,3.75,3.6,3.3333333333333335,3.4,3.5,0.3413610971400255,0.21303817561810445,-0.25737048810166807,-0.08213996665732322,0.06615203140974155,3.533333333333333,0.0819307812220992,0.059607,0.317604,0.167182,0.151,-1.735136,1.260126,-0.168471,-0.765909,-0,0,-0,-0,0.4725332529008181,0.2573203485254481,0.21282336801065146,0.3277816630421455,0.20665869020647287,0.03890061863647133
STU_000472,ETHN 70,2024SP,S02,INST_ETHN70_02,2025F,20241,ETHN 70__2024SP,ETHN 70__2024SP__S02,0,pre,1.7,-1.0805886818231698,3.375,3,3,2.8,3.3333333333333335,-0.40864478840256285,-0.9054122463769394,-0.9020301132509271,-1.205356254901651,-0.2539911329435696,3.1333333333333333,-0.7915024082820592,0.059607,0.317604,0.167182,0.151,-1.735136,1.260126,-0.168471,-0.765909,-0,0,-0,-0,-7.2417990436712625,-4.088499449176947,-6.566155433086385,-7.592776470906308,-4.38682825743885,-0.7924080273528952
STU_001418,ETHN 70,2024SP,S02,INST_ETHN70_02,2025F,20241,ETHN 70__2024SP,ETHN 70__2024SP__S02,0,pre,2,-0.7033370001179466,3.5,3,3.8333333333333335,3,3.6666666666666665,-0.1586428265550334,-0.9054122463769394,0.7096189496222199,-0.8309508254868748,0.3862951957630527,3.433333333333333,-0.13642751615394064,0.059607,0.317604,0.167182,0.151,-1.735136,1.260126,-0.168471,-0.765909,-0,0,-0,-0,-1.312061225241383,-1.1017733141667503,-0.8287937510277658,-1.4960891315316613,-0.5511284932779295,-0.1388093043509257
STU_000520,ETHN 70,2024SP,S03,INST_ETHN70_03,2025F,20241,ETHN 70__2024SP,ETHN 70__2024SP__S03,0,pre,1.7,-1.0805886818231698,4.25,4.2,3.1666666666666665,3.8,4.166666666666667,1.3413689445301433,1.3314885976131483,-0.5797003006762981,0.6666708921722283,1.3467246888229878,3.933333333333333,0.9553639707262576,0.059607,0.317604,0.167182,0.151,-1.735136,1.260126,-0.168471,-0.765909,-0,0,-0,-0,8.539891428139459,4.80082487632087,6.819275743698956,8.401641916463225,5.51942183949647,0.8983890669577933
STU_001164,ETHN 70,2024SP,S03,INST_ETHN70_03,2025F,20241,ETHN 70__2024SP,ETHN 70__2024SP__S03,0,pre,0,-3.2183482114861004,3.875,3.4,4,3.4,3.5,0.5913630589875549,-0.1597786317135771,1.031948762196849,-0.08213996665732322,0.06615203140974155,3.6666666666666665,0.3730751777234853,0.059607,0.317604,0.167182,0.151,-1.735136,1.260126,-0.168471,-0.765909,-0,0,-0,-0,3.271009637718543,1.4224722786767663,3.0715453257912326,3.092716555676109,1.8296789589351161,0.3402772679995835
STU_001194,ETHN 70,2024SP,S03,INST_ETHN70_03,2025F,20241,ETHN 70__2024SP,ETHN 70__2024SP__S03,0,pre,2,-0.7033370001179466,4.375,4.6,4.166666666666667,4.2,4.666666666666667,1.5913709063776729,2.07712221227651,1.354278574771479,1.4154817510017808,2.307154181882922,4.4,1.9743693584811104,0.059607,0.317604,0.167182,0.151,-1.735136,1.260126,-0.168471,-0.765909,-0,0,-0,-0,18.112417785166368,10.059943715713127,15.878950373759242,18.325832885443408,11.743516122589197,1.95846855339193
STU_000741,ETHN 70,2024SP,S03,INST_ETHN70_03,2025F,20241,ETHN 70__2024SP,ETHN 70__2024SP__S03,0,pre,2.7,0.17691692386090738,3.25,3,3,3,3,-0.6586467502500923,-0.9054122463769394,-0.9020301132509271,-0.8309508254868748,-0.8942774616501927,3.066666666666667,-0.9370746065327518,0.059607,0.317604,0.167182,0.151,-1.735136,1.260126,-0.168471,-0.765909,-0,0,-0,-0,-8.377843995362035,-4.626417968381228,-7.4788892485982315,-8.561054332940563,-5.345713273268182,-0.9100649929139837
STU_001463,ETHN 70,2024SP,S03,INST_ETHN70_03,2025F,20241,ETHN 70__2024SP,ETHN 70__2024SP__S03,0,pre,2.3,-0.3260853184127238,4,3.8,3.5,3.8,3.5,0.8413650208350845,0.5858549829497852,0.06495932447296097,0.6666708921722283,0.06615203140974155,3.7333333333333334,0.5186473759741789,0.059607,0.317604,0.167182,0.151,-1.735136,1.260126,-0.168471,-0.765909,-0,0,-0,-0,4.555641792336346,2.4560004074221657,3.722638856586423,4.517173442652583,2.5415681359965845,0.47313474892334983
STU_000662,ETHN 70,2024SP,S03,INST_ETHN70_03,2025F,20241,ETHN 70__2024SP,ETHN 70__2024SP__S03,0,pre,2.7,0.17691692386090738,3.5,3,3.3333333333333335,3,3.3333333333333335,-0.1586428265550334,-0.9054122463769394,-0.25737048810166807,-0.8309508254868748,-0.2539911329435696,3.2666666666666666,-0.5003580117806731,0.059607,0.317604,0.167182,0.151,-1.735136,1.260126,-0.168471,-0.765909,-0,0,-0,-0,-4.459911056441074,-2.7299223434081834,-3.9349508513426157,-4.735094137718551,-2.7531264577909265,-0.49141276223040053
STU_001346,ETHN 70,2024SP,S03,INST_ETHN70_03,2025F,20241,ETHN 70__2024SP,ETHN 70__2024SP__S03,0,pre,1.7,-1.0805886818231698,3,2.4,3,3.2,3,-1.1586506739451512,-2.0238626683719834,-0.9020301132509271,-0.4565453960720986,-0.8942774616501927,2.933333333333333,-1.228219003034139,0.059607,0.317604,0.167182,0.151,-1.735136,1.260126,-0.168471,-0.765909,-0,0,-0,-0,-10.728877858920043,-6.267098349904283,-9.382792510673946,-10.676239534779425,-6.60846337351726,-1.1522754329567593
STU_000649,ETHN 70,2024F,S01,INST_ETHN70_01,2025F,20243,ETHN 70__2024F,ETHN 70__2024F__S01,0,pre,1.7,-1.0805886818231698,3,3.2,3,3,2.6666666666666665,-1.1586506739451512,-0.5325954390452579,-0.9020301132509271,-0.8309508254868748,-1.534563790356816,2.966666666666667,-1.1554329039087916,0.059607,0.317604,0.167182,0.151,-1.735136,1.260126,-0.168471,-0.765909,-0,0,-0,-0,-10.25157280457394,-5.304778405114467,-8.96740200106329,-10.296888903456503,-6.672865241826302,-1.099614844602884
STU_001407,ETHN 70,2024F,S01,INST_ETHN70_01,2025F,20243,ETHN 70__2024F,ETHN 70__2024F__S01,0,pre,1.3,-1.5835909240968005,4.125,3.4,3.8333333333333335,3.2,4,1.0913669826826138,-0.1597786317135771,0.7096189496222199,-0.4565453960720986,1.0265815244696759,3.7666666666666666,0.5914334750995252,0.059607,0.317604,0.167182,0.151,-1.735136,1.260126,-0.168471,-0.765909,-0,0,-0,-0,5.384803110613173,2.4253703496702674,4.590815838855087,4.922818993292026,3.4847719757145628,0.5527553943460527
STU_000544,ETHN 70,2024F,S01,INST_ETHN70_01,2025F,20243,ETHN 70__2024F,ETHN 70__2024F__S01,0,pre,2.3,-0.3260853184127238,3.5,3.8,3.6666666666666665,3.8,3.8333333333333335,-0.1586428265550334,0.5858549829497852,0.38728913704759005,0.6666708921722283,0.7064383601163647,3.7,0.4458612768488326,0.059607,0.317604,0.167182,0.151,-1.735136,1.260126,-0.168471,-0.765909,-0,0,-0,-0,3.639335726707488,2.206784965670429,3.452703868781465,4.01484710818121,2.618070013829358,0.4191255761786527
STU_001400,ETHN 70,2024F,S01,INST_ETHN70_01,2025F,20243,ETHN 70__2024F,ETHN 70__2024F__S01,0,pre,3.3,0.9314202872713531,4.625,4.4,4.166666666666667,4,3.8333333333333335,2.0913748300727315,1.7043054049448298,1.354278574771479,1.0410763215870045,0.7064383601163647,4.233333333333333,1.610438862854377,0.059607,0.317604,0.167182,0.151,-1.735136,1.260126,-0.168471,-0.765909,-0,0,-0,-0,14.746499727854218,8.01009188346936,12.732591153180474,14.537701673959248,8.668850581596155,1.5569987932069194
STU_001342,ETHN 70,2024F,S01,INST_ETHN70_01,2025F,20243,ETHN 70__2024F,ETHN 70__2024F__S01,0,pre,2.7,0.17691692386090738,4.25,4,3.8333333333333335,4,3.8333333333333335,1.3413689445301433,0.9586717902814668,0.7096189496222199,1.0410763215870045,0.7064383601163647,4,1.100936168976951,0.059607,0.317604,0.167182,0.151,-1.735136,1.260126,-0.168471,-0.765909,-0,0,-0,-0,9.900141723828074,5.2727513444234555,8.461159932965852,9.880818726672281,5.943996463175842,1.047366242359749
STU_000517,ETHN 70,2024F,S01,INST_ETHN70_01,2025F,20243,ETHN 70__2024F,ETHN 70__2024F__S01,0,pre,3.3,0.9314202872713531,3,3.2,3.3333333333333335,2.8,2.8333333333333335,-1.1586506739451512,-0.5325954390452579,-0.25737048810166807,-1.205356254901651,-1.214420626003504,3.033333333333333,-1.009860705658099,0.059607,0.317604,0.167182,0.151,-1.735136,1.260126,-0.168471,-0.765909,-0,0,-0,-0,-9.067188728506315,-4.680729203437444,-7.65306988317766,-9.153853673034455,-5.786462989755416,-0.9640402081210467
STU_000928,ETHN 70,2024F,S02,INST_ETHN70_02,2025F,20243,ETHN 70__2024F,ETHN 70__2024F__S02,0,pre,1.7,-1.0805886818231698,2.875,3.2,2.5,2.4,2.3333333333333335,-1.4086526357926807,-0.5325954390452579,-1.869019550974815,-1.9541671137312024,-2.1748501190634384,2.6666666666666665,-1.8105077960369111,0.059607,0.317604,0.167182,0.151,-1.735136,1.260126,-0.168471,-0.765909,-0,0,-0,-0,-15.754488457244271,-8.054176762172029,-14.079961385989435,-16.126012413424263,-10.199292023757375,-1.7047455597204924
STU_000447,ETHN 70,2024F,S02,INST_ETHN70_02,2025F,20243,ETHN 70__2024F,ETHN 70__2024F__S02,0,pre,2.7,0.17691692386090738,4.5,5,4.166666666666667,3.8,4.5,1.8413728682252022,2.822755826939873,1.354278574771479,0.6666708921722283,1.98701101752961,4.4,1.9743693584811104,0.059607,0.317604,0.167182,0.151,-1.735136,1.260126,-0.168471,-0.765909,-0,0,-0,-0,18.254611017625933,10.470821961758315,15.877429595848627,18.122677135414236,11.56785358678867,1.9599041038707752
STU_001140,ETHN 70,2024F,S02,INST_ETHN70_02,2025F,20243,ETHN 70__2024F,ETHN 70__2024F__S02,0,pre,0.7,-2.338094287507247,2.125,2.4,2,2.2,2.1666666666666665,-2.9086644068778575,-2.0238626683719834,-2.8360089886987034,-2.328572543145978,-2.49499328341675,2.1666666666666665,-2.9022992829171095,0.059607,0.317604,0.167182,0.151,-1.735136,1.260126,-0.168471,-0.765909,-0,0,-0,-0,-25.01236372414148,-13.245035254446343,-22.03902207911874,-25.14294083456326,-15.581063586391377,-2.6793847909178203
STU_001137,ETHN 70,2024F,S02,INST_ETHN70_02,2025F,20243,ETHN 70__2024F,ETHN 70__2024F__S02,0,pre,2.7,0.17691692386090738,4.125,4,4.333333333333333,4.4,4.166666666666667,1.0913669826826138,0.9586717902814668,1.6766083873461073,1.789887180416557,1.3467246888229878,4.2,1.5376527637290307,0.059607,0.317604,0.167182,0.151,-1.735136,1.260126,-0.168471,-0.765909,-0,0,-0,-0,13.833412285415609,7.366396065946092,12.43414464104676,14.270357972189302,8.76556199026479,1.5034912385886836
STU_000929,ETHN 70,2024F,S02,INST_ETHN70_02,2025F,20243,ETHN 70__2024F,ETHN 70__2024F__S02,0,pre,2.3,-0.3260853184127238,3,3.2,3.3333333333333335,3.2,3.1666666666666665,-1.1586506739451512,-0.5325954390452579,-0.25737048810166807,-0.4565453960720986,-0.5741342972968816,3.1666666666666665,-0.7187163091567129,0.059607,0.317604,0.167182,0.151,-1.735136,1.260126,-0.168471,-0.765909,-0,0,-0,-0,-6.724626640513946,-3.4735852761226194,-5.5793222658450725,-6.5298901249097785,-4.0488345351616735,-0.6995974155544608
STU_001370,ETHN 70,2024F,S02,INST_ETHN70_02,2025F,20243,ETHN 70__2024F,ETHN 70__2024F__S02,0,pre,1.7,-1.0805886818231698,3,3.2,3.1666666666666665,3.2,3.3333333333333335,-1.1586506739451512,-0.5325954390452579,-0.5797003006762981,-0.4565453960720986,-0.2539911329435696,3.1666666666666665,-0.7187163091567129,0.059607,0.317604,0.167182,0.151,-1.735136,1.260126,-0.168471,-0.765909,-0,0,-0,-0,-6.879242100319725,-3.5558482242411493,-5.864207373808383,-6.692523151133858,-4.00415309074354,-0.7177138128316738
STU_000206,ETHN 70,2024F,S02,INST_ETHN70_02,2025F,20243,ETHN 70__2024F,ETHN 70__2024F__S02,0,pre,2,-0.7033370001179466,4.625,4,4.166666666666667,3.8,4.833333333333333,2.0913748300727315,0.9586717902814668,1.354278574771479,0.6666708921722283,2.6272973462362326,4.333333333333333,1.828797160230416,0.059607,0.317604,0.167182,0.151,-1.735136,1.260126,-0.168471,-0.765909,-0,0,-0,-0,17.0668190479369,8.797576153161842,14.77888178438034,16.794586146047255,11.144013723306768,1.815799211962588
STU_000207,ETHN 70,2024F,S03,INST_ETHN70_03,2025F,20243,ETHN 70__2024F,ETHN 70__2024F__S03,0,pre,1,-1.9608426058020236,3.875,3.4,3.6666666666666665,4,4,0.5913630589875549,-0.1597786317135771,0.38728913704759005,1.0410763215870045,1.0265815244696759,3.8,0.6642195742248714,0.059607,0.317604,0.167182,0.151,-1.735136,1.260126,-0.168471,-0.765909,-0,0,-0,-0,5.728037611846448,2.721404182266327,4.995528058781056,5.950872301416754,3.82962111573358,0.6180943980454101
STU_001394,ETHN 70,2024F,S03,INST_ETHN70_03,2025F,20243,ETHN 70__2024F,ETHN 70__2024F__S03,0,pre,3,0.5541686055661302,3.75,3.8,3.8333333333333335,3.2,3.6666666666666665,0.3413610971400255,0.5858549829497852,0.7096189496222199,-0.4565453960720986,0.3862951957630527,3.6666666666666665,0.3730751777234853,0.059607,0.317604,0.167182,0.151,-1.735136,1.260126,-0.168471,-0.765909,-0,0,-0,-0,3.324553596153992,1.9723023856839006,3.1247634544966454,3.178001220813642,2.1490287362292078,0.36135740294052454
STU_000571,ETHN 70,2024F,S03,INST_ETHN70_03,2025F,20243,ETHN 70__2024F,ETHN 70__2024F__S03,0,pre,1.7,-1.0805886818231698,3.625,3.8,3.5,3.8,3,0.09135913529249606,0.5858549829497852,0.06495932447296097,0.6666708921722283,-0.8942774616501927,3.533333333333333,0.0819307812220992,0.059607,0.317604,0.167182,0.151,-1.735136,1.260126,-0.168471,-0.765909,-0,0,-0,-0,0.37699562378517093,0.4775251644988152,0.34307437745909447,0.560261376035945,-0.2842430753116229,0.040943235572326826
STU_000404,ETHN 70,2024F,S03,INST_ETHN70_03,2025F,20243,ETHN 70__2024F,ETHN 70__2024F__S03,0,pre,2.3,-0.3260853184127238,3.5,3.4,3.1666666666666665,3.6,3.3333333333333335,-0.1586428265550334,-0.1597786317135771,-0.5797003006762981,0.29226546275745297,-0.2539911329435696,3.4,-0.20921361527928692,0.059607,0.317604,0.167182,0.151,-1.735136,1.260126,-0.168471,-0.765909,-0,0,-0,-0,-1.970914654673195,-1.0485554030254467,-1.8911889761380065,-1.8718884962721853,-1.248780282977897,-0.21240524095228897
STU_001384,ETHN 70,2024F,S03,INST_ETHN70_03,2025F,20243,ETHN 70__2024F,ETHN 70__2024F__S03,0,pre,1,-1.9608426058020236,3.625,3,2.6666666666666665,3,3.5,0.09135913529249606,-0.9054122463769394,-1.546689738400186,-0.8309508254868748,0.06615203140974155,3.2,-0.6459302100313656,0.059607,0.317604,0.167182,0.151,-1.735136,1.260126,-0.168471,-0.765909,-0,0,-0,-0,-5.7010588712652455,-3.4111257512132562,-5.642780016977865,-6.123408865783967,-3.4409077559865113,-0.6442308396430001
STU_001476,ETHN 70,2024F,S03,INST_ETHN70_03,2025F,20243,ETHN 70__2024F,ETHN 70__2024F__S03,0,pre,1.3,-1.5835909240968005,3,3.2,3,2.6,2.8333333333333335,-1.1586506739451512,-0.5325954390452579,-0.9020301132509271,-1.5797616843164264,-1.214420626003504,2.933333333333333,-1.228219003034139,0.059607,0.317604,0.167182,0.151,-1.735136,1.260126,-0.168471,-0.765909,-0,0,-0,-0,-10.907175198366097,-5.659709195589191,-9.547650287452525,-11.19037258230894,-6.942534060464111,-1.1746947833919266
STU_000078,ETHN 70,2025SP,S01,INST_ETHN70_01,2025F,20251,ETHN 70__2025SP,ETHN 70__2025SP__S01,0,pre,2,-0.7033370001179466,3.625,3.4,4.166666666666667,3.4,3.8333333333333335,0.09135913529249606,-0.1597786317135771,1.354278574771479,-0.08213996665732322,0.7064383601163647,3.7,0.4458612768488326,0.059607,0.317604,0.167182,0.151,-1.735136,1.260126,-0.168471,-0.765909,-0,0,-0,-0,3.5536403923245827,1.724093758373099,3.6150517097018833,3.597198576104021,2.459683844663909,0.396753423376997
STU_000054,ETHN 70,2025SP,S01,INST_ETHN70_01,2025F,20251,ETHN 70__2025SP,ETHN 70__2025SP__S01,0,pre,2.3,-0.3260853184127238,4.25,4,3.3333333333333335,3.8,4.333333333333333,1.3413689445301433,0.9586717902814668,-0.25737048810166807,0.6666708921722283,1.6668678531762982,3.966666666666667,1.0281500698516048,0.059607,0.317604,0.167182,0.151,-1.735136,1.260126,-0.168471,-0.765909,-0,0,-0,-0,9.203256986253722,4.922239263766512,7.506455046679721,9.077318252238399,6.092705599652177,0.971790323595379
STU_000837,ETHN 70,2025SP,S01,INST_ETHN70_01,2025F,20251,ETHN 70__2025SP,ETHN 70__2025SP__S01,0,pre,1.3,-1.5835909240968005,3.125,3.2,3.3333333333333335,2.8,3,-0.9086487120976218,-0.5325954390452579,-0.25737048810166807,-1.205356254901651,-0.8942774616501927,3.1,-0.8642885074074055,0.059607,0.317604,0.167182,0.151,-1.735136,1.260126,-0.168471,-0.765909,-0,0,-0,-0,-8.020853213030787,-4.207229984693575,-6.8423554045244845,-8.190422030780889,-5.064188228577832,-0.8577229385907316
STU_000598,ETHN 70,2025SP,S01,INST_ETHN70_01,2025F,20251,ETHN 70__2025SP,ETHN 70__2025SP__S01,0,pre,4,1.8116742112502071,3.25,2.8,3.1666666666666665,3.2,2.6666666666666665,-0.6586467502500923,-1.278229053708621,-0.5797003006762981,-0.4565453960720986,-1.534563790356816,3.033333333333333,-1.009860705658099,0.059607,0.317604,0.167182,0.151,-1.735136,1.260126,-0.168471,-0.765909,-0,0,-0,-0,-8.84618736369385,-5.021408262678023,-7.774098425439654,-8.94122901812303,-5.948161098730475,-0.9626516558034681
STU_000109,ETHN 70,2025SP,S01,INST_ETHN70_01,2025F,20251,ETHN 70__2025SP,ETHN 70__2025SP__S01,0,pre,4,1.8116742112502071,3.5,3.6,3.5,3.6,4.166666666666667,-0.1586428265550334,0.21303817561810445,0.06495932447296097,0.29226546275745297,1.3467246888229878,3.6666666666666665,0.3730751777234853,0.059607,0.317604,0.167182,0.151,-1.735136,1.260126,-0.168471,-0.765909,-0,0,-0,-0,3.099895352513195,1.7347356181280997,2.812639350721552,3.3278826245513775,2.5984030007884047,0.35534386969307546
STU_000018,ETHN 70,2025SP,S01,INST_ETHN70_01,2025F,20251,ETHN 70__2025SP,ETHN 70__2025SP__S01,0,pre,2.3,-0.3260853184127238,3.75,3.4,3.6666666666666665,3.6,3.5,0.3413610971400255,-0.1597786317135771,0.38728913704759005,0.29226546275745297,0.06615203140974155,3.6,0.22750297947279274,0.059607,0.317604,0.167182,0.151,-1.735136,1.260126,-0.168471,-0.765909,-0,0,-0,-0,2.0153138804665627,0.8679659442261013,1.801633293015991,2.018105770726687,1.1707857340646217,0.21140048510133574
STU_000062,ETHN 70,2025SP,S01,INST_ETHN70_01,2025F,20251,ETHN 70__2025SP,ETHN 70__2025SP__S01,0,pre,0,-3.2183482114861004,3.125,3.4,2.8333333333333335,3.2,3.1666666666666665,-0.9086487120976218,-0.1597786317135771,-1.2243599258255562,-0.4565453960720986,-0.5741342972968816,3.1333333333333333,-0.7915024082820592,0.059607,0.317604,0.167182,0.151,-1.735136,1.260126,-0.168471,-0.765909,-0,0,-0,-0,-7.275489984162779,-3.638333665551592,-6.541257875360104,-7.217316138833989,-4.447657491547936,-0.7747204885845647
STU_000628,ETHN 70,2025SP,S02,INST_ETHN70_02,2025F,20251,ETHN 70__2025SP,ETHN 70__2025SP__S02,0,pre,2.3,-0.3260853184127238,3.75,3.2,3.3333333333333335,4,3,0.3413610971400255,-0.5325954390452579,-0.25737048810166807,1.0410763215870045,-0.8942774616501927,3.466666666666667,-0.06364141702859338,0.059607,0.317604,0.167182,0.151,-1.735136,1.260126,-0.168471,-0.765909,-0,0,-0,-0,-0.45153045930122904,-0.5791008726439797,-0.620956413604481,-0.306306741586205,-0.8234305780496164,-0.06595340133861101
STU_000944,ETHN 70,2025SP,S02,INST_ETHN70_02,2025F,20251,ETHN 70__2025SP,ETHN 70__2025SP__S02,0,pre,1,-1.9608426058020236,2.875,3.2,3.1666666666666665,2.8,3.1666666666666665,-1.4086526357926807,-0.5325954390452579,-0.5797003006762981,-1.205356254901651,-0.5741342972968816,3.033333333333333,-1.009860705658099,0.059607,0.317604,0.167182,0.151,-1.735136,1.260126,-0.168471,-0.765909,-0,0,-0,-0,-9.335284380554109,-4.782963937275969,-7.939137442260847,-9.338338672793343,-5.585362572060504,-0.9836860617044106
STU_001038,ETHN 70,2025SP,S02,INST_ETHN70_02,2025F,20251,ETHN 70__2025SP,ETHN 70__2025SP__S02,0,pre,1.7,-1.0805886818231698,3.5,3.8,4.333333333333333,3.2,3.1666666666666665,-0.1586428265550334,0.5858549829497852,1.6766083873461073,-0.4565453960720986,-0.5741342972968816,3.6,0.22750297947279274,0.059607,0.317604,0.167182,0.151,-1.735136,1.260126,-0.168471,-0.765909,-0,0,-0,-0,1.602783412530341,1.1402076970362454,2.105210278629385,1.5767722693515698,0.6606702992746958,0.1877993295223128
STU_000293,ETHN 70,2025SP,S02,INST_ETHN70_02,2025F,20251,ETHN 70__2025SP,ETHN 70__2025SP__S02,0,pre,2.3,-0.3260853184127238,3.25,3.4,3.6666666666666665,3.6,3.1666666666666665,-0.6586467502500923,-0.1597786317135771,0.38728913704759005,0.29226546275745297,-0.5741342972968816,3.4,-0.20921361527928692,0.059607,0.317604,0.167182,0.151,-1.735136,1.260126,-0.168471,-0.765909,-0,0,-0,-0,-2.380632262631161,-1.1427080799108211,-1.6987278490328441,-2.0646897281332244,-1.549111231496824,-0.2332126711182564
STU_000859,ETHN 70,2025SP,S02,INST_ETHN70_02,2025F,20251,ETHN 70__2025SP,ETHN 70__2025SP__S02,0,pre,2,-0.7033370001179466,3.625,3.2,3.1666666666666665,3.8,3.5,0.09135913529249606,-0.5325954390452579,-0.5797003006762981,0.6666708921722283,0.06615203140974155,3.466666666666667,-0.06364141702859338,0.059607,0.317604,0.167182,0.151,-1.735136,1.260126,-0.168471,-0.765909,-0,0,-0,-0,-0.6905484194081241,-0.6625291992240496,-0.8773097337657884,-0.5723847203252964,-0.4124377362489103,-0.08207629737163041
STU_001235,ETHN 70,2025SP,S02,INST_ETHN70_02,2025F,20251,ETHN 70__2025SP,ETHN 70__2025SP__S02,0,pre,2.7,0.17691692386090738,4,3.2,3.1666666666666665,3.4,4,0.8413650208350845,-0.5325954390452579,-0.5797003006762981,-0.08213996665732322,1.0265815244696759,3.6,0.22750297947279274,0.059607,0.317604,0.167182,0.151,-1.735136,1.260126,-0.168471,-0.765909,-0,0,-0,-0,1.980760635758167,0.5317795989924021,1.224639051232711,1.6616192160434433,1.5101188153124394,0.18444980287773657
STU_000398,ETHN 70,2025SP,S02,INST_ETHN70_02,2025F,20251,ETHN 70__2025SP,ETHN 70__2025SP__S02,0,pre,2,-0.7033370001179466,3.125,3.4,3.3333333333333335,3.2,3.8333333333333335,-0.9086487120976218,-0.1597786317135771,-0.25737048810166807,-0.4565453960720986,0.7064383601163647,3.3666666666666667,-0.28199971440463323,0.059607,0.317604,0.167182,0.151,-1.735136,1.260126,-0.168471,-0.765909,-0,0,-0,-0,-2.8871172694572658,-1.385338504667482,-2.335587924478436,-2.720941738784623,-1.182688722798179,-0.2836565167027837
STU_000900,ETHN 70,2025SP,S03,INST_ETHN70_03,2025F,20251,ETHN 70__2025SP,ETHN 70__2025SP__S03,0,pre,2.3,-0.3260853184127238,4,4,4,4,3.8333333333333335,0.8413650208350845,0.9586717902814668,1.031948762196849,1.0410763215870045,0.7064383601163647,3.966666666666667,1.0281500698516048,0.059607,0.317604,0.167182,0.151,-1.735136,1.260126,-0.168471,-0.765909,-0,0,-0,-0,9.079253255162664,4.970959620358189,8.077213871894052,9.254681366420474,5.584095822738321,0.9800250771391527
STU_001036,ETHN 70,2025SP,S03,INST_ETHN70_03,2025F,20251,ETHN 70__2025SP,ETHN 70__2025SP__S03,0,pre,2.7,0.17691692386090738,3.875,3.6,3.1666666666666665,3.2,3.8333333333333335,0.5913630589875549,0.21303817561810445,-0.5797003006762981,-0.4565453960720986,0.7064383601163647,3.566666666666667,0.15471688034744646,0.059607,0.317604,0.167182,0.151,-1.735136,1.260126,-0.168471,-0.765909,-0,0,-0,-0,1.1207161552588736,0.5392327194622996,0.5674040018788522,0.7885895983303779,0.8776447272573424,0.10061996580438473
STU_000962,ETHN 70,2025SP,S03,INST_ETHN70_03,2025F,20251,ETHN 70__2025SP,ETHN 70__2025SP__S03,0,pre,2.3,-0.3260853184127238,3.125,3.2,3.3333333333333335,3.6,3.6666666666666665,-0.9086487120976218,-0.5325954390452579,-0.25737048810166807,0.29226546275745297,0.3862951957630527,3.3666666666666667,-0.28199971440463323,0.059607,0.317604,0.167182,0.151,-1.735136,1.260126,-0.168471,-0.765909,-0,0,-0,-0,-2.9422537454131104,-1.5847600488642073,-2.333724452551701,-2.54586917014584,-1.3330087161074236,-0.28605429009793376
STU_001262,ETHN 70,2025SP,S03,INST_ETHN70_03,2025F,20251,ETHN 70__2025SP,ETHN 70__2025SP__S03,0,pre,0.7,-2.338094287507247,3.625,3.4,3.1666666666666665,3,3.5,0.09135913529249606,-0.1597786317135771,-0.5797003006762981,-0.8309508254868748,0.06615203140974155,3.3666666666666667,-0.28199971440463323,0.059607,0.317604,0.167182,0.151,-1.735136,1.260126,-0.168471,-0.765909,-0,0,-0,-0,-2.337312308074459,-1.3279642549290318,-2.331567443571439,-2.6941321779070355,-1.4000048977345754,-0.26897801653493053
STU_001240,ETHN 70,2025SP,S03,INST_ETHN70_03,2025F,20251,ETHN 70__2025SP,ETHN 70__2025SP__S03,0,pre,2.3,-0.3260853184127238,3.875,4,3.6666666666666665,3.6,3.8333333333333335,0.5913630589875549,0.9586717902814668,0.38728913704759005,0.29226546275745297,0.7064383601163647,3.8,0.6642195742248714,0.059607,0.317604,0.167182,0.151,-1.735136,1.260126,-0.168471,-0.765909,-0,0,-0,-0,5.80091594079524,3.3307159462540614,5.047959990446601,5.794325416260232,3.699194161078978,0.624489583349451
STU_001060,ETHN 70,2025SP,S03,INST_ETHN70_03,2025F,20251,ETHN 70__2025SP,ETHN 70__2025SP__S03,0,pre,1.7,-1.0805886818231698,3.375,3.4,3.1666666666666665,3.6,3.5,-0.40864478840256285,-0.1597786317135771,-0.5797003006762981,0.29226546275745297,0.06615203140974155,3.4,-0.20921361527928692,0.059607,0.317604,0.167182,0.151,-1.735136,1.260126,-0.168471,-0.765909,-0,0,-0,-0,-2.0756867186629377,-1.0466009524499187,-1.8858884943826408,-1.8599140535308567,-1.0976622439113466,-0.21216920452008728
STU_001231,ETHN 70,2025SP,S03,INST_ETHN70_03,2025F,20251,ETHN 70__2025SP,ETHN 70__2025SP__S03,0,pre,2,-0.7033370001179466,3.125,3.4,3,3.6,3.5,-0.9086487120976218,-0.1597786317135771,-0.9020301132509271,0.29226546275745297,0.06615203140974155,3.3,-0.4275719126553268,0.059607,0.317604,0.167182,0.151,-1.735136,1.260126,-0.168471,-0.765909,-0,0,-0,-0,-4.221226363222125,-2.0640199192497533,-3.7288091176408353,-3.865265744545006,-2.2842848450334814,-0.431106447153288
STU_000716,ETHN 70,2025F,S01,INST_ETHN70_01,2025F,20253,ETHN 70__2025F,ETHN 70__2025F__S01,1,post,2.7,0.17691692386090738,4.125,4.4,3.6666666666666665,4.2,4.166666666666667,1.0913669826826138,1.7043054049448298,0.38728913704759005,1.4154817510017808,1.3467246888229878,4.1,1.31929446635299,0.059607,0.317604,0.167182,0.151,-1.735136,1.260126,-0.168471,-0.765909,-1.735136,1.260126,-0.168471,-0.765909,11.919553189773286,6.746519861218018,10.239256841387874,12.167671217375444,7.6247399119697645,1.286580792424171
STU_000241,ETHN 70,2025F,S01,INST_ETHN70_01,2025F,20253,ETHN 70__2025F,ETHN 70__2025F__S01,1,post,2.3,-0.3260853184127238,3.75,4,4.666666666666667,4.4,4.166666666666667,0.3413610971400255,0.9586717902814668,2.321268012495367,1.789887180416557,1.3467246888229878,4.166666666666667,1.4648666646036845,0.059607,0.317604,0.167182,0.151,-1.735136,1.260126,-0.168471,-0.765909,-1.735136,1.260126,-0.168471,-0.765909,12.881505956078806,7.036153646292969,12.131511700137263,13.63250200121773,8.413571586026176,1.4336310378592387
STU_001327,ETHN 70,2025F,S01,INST_ETHN70_01,2025F,20253,ETHN 70__2025F,ETHN 70__2025F__S01,1,post,3,0.5541686055661302,4,4,3.6666666666666665,4,4.166666666666667,0.8413650208350845,0.9586717902814668,0.38728913704759005,1.0410763215870045,1.3467246888229878,3.966666666666667,1.0281500698516048,0.059607,0.317604,0.167182,0.151,-1.735136,1.260126,-0.168471,-0.765909,-1.735136,1.260126,-0.168471,-0.765909,9.027874800936395,4.928066143809643,7.806208014051546,9.239017384570474,5.906268952758634,0.976084182730155
STU_001399,ETHN 70,2025F,S01,INST_ETHN70_01,2025F,20253,ETHN 70__2025F,ETHN 70__2025F__S01,1,post,2.7,0.17691692386090738,3.5,2.8,2.6666666666666665,3.2,3,-0.1586428265550334,-1.278229053708621,-1.546689738400186,-0.4565453960720986,-0.8942774616501927,3.066666666666667,-0.9370746065327518,0.059607,0.317604,0.167182,0.151,-1.735136,1.260126,-0.168471,-0.765909,-1.735136,1.260126,-0.168471,-0.765909,-8.281561745195312,-4.873486436041787,-7.828122873115311,-8.574250918777059,-5.409371780705617,-0.9223473368464361
STU_000995,ETHN 70,2025F,S01,INST_ETHN70_01,2025F,20253,ETHN 70__2025F,ETHN 70__2025F__S01,1,post,2,-0.7033370001179466,3.875,3.8,4.166666666666667,3.8,3.1666666666666665,0.5913630589875549,0.5858549829497852,1.354278574771479,0.6666708921722283,-0.5741342972968816,3.7666666666666666,0.5914334750995252,0.059607,0.317604,0.167182,0.151,-1.735136,1.260126,-0.168471,-0.765909,-1.735136,1.260126,-0.168471,-0.765909,5.447991932028202,2.9943025968698787,5.121224067845473,5.53919124681102,2.8262706783043976,0.5851527555688893
STU_001452,ETHN 70,2025F,S01,INST_ETHN70_01,2025F,20253,ETHN 70__2025F,ETHN 70__2025F__S01,1,post,1.3,-1.5835909240968005,4.125,3.8,4,4,3.3333333333333335,1.0913669826826138,0.5858549829497852,1.031948762196849,1.0410763215870045,-0.2539911329435696,3.8666666666666667,0.809791772475565,0.059607,0.317604,0.167182,0.151,-1.735136,1.260126,-0.168471,-0.765909,-1.735136,1.260126,-0.168471,-0.765909,7.42422719731509,3.883305288787049,6.542461288231948,7.476117842810554,4.1070924386472285,0.7849319380516843
STU_001313,ETHN 70,2025F,S01,INST_ETHN70_01,2025F,20253,ETHN 70__2025F,ETHN 70__2025F__S01,1,post,2,-0.7033370001179466,3.5,2.8,3.6666666666666665,3,3.5,-0.1586428265550334,-1.278229053708621,0.38728913704759005,-0.8309508254868748,0.06615203140974155,3.3333333333333335,-0.3547858135299795,0.059607,0.317604,0.167182,0.151,-1.735136,1.260126,-0.168471,-0.765909,-1.735136,1.260126,-0.168471,-0.765909,-3.2519321187556374,-2.309146605226588,-2.6719166465772926,-3.520652338125079,-1.8941865696821,-0.3581837251260916
STU_000416,ETHN 70,2025F,S02,INST_ETHN70_02,2025F,20253,ETHN 70__2025F,ETHN 70__2025F__S02,1,post,2,-0.7033370001179466,3.75,3.8,3.8333333333333335,4,3.6666666666666665,0.3413610971400255,0.5858549829497852,0.7096189496222199,1.0410763215870045,0.3862951957630527,3.8,0.6642195742248714,0.059607,0.317604,0.167182,0.151,-1.735136,1.260126,-0.168471,-0.765909,-1.735136,1.260126,-0.168471,-0.765909,5.590428691602355,3.108380900139633,5.089310962220978,5.953218307550333,3.4835971093187448,0.6162221813238054
STU_001233,ETHN 70,2025F,S02,INST_ETHN70_02,2025F,20253,ETHN 70__2025F,ETHN 70__2025F__S02,1,post,1.7,-1.0805886818231698,3.375,3.8,3.5,3,2.8333333333333335,-0.40864478840256285,0.5858549829497852,0.06495932447296097,-0.8309508254868748,-1.214420626003504,3.3,-0.4275719126553268,0.059607,0.317604,0.167182,0.151,-1.735136,1.260126,-0.168471,-0.765909,-1.735136,1.260126,-0.168471,-0.765909,-3.9581624681084158,-1.6756960127339628,-3.3225692129401327,-4.127122730752845,-2.9223404626981053,-0.4259847635560389
STU_000050,ETHN 70,2025F,S02,INST_ETHN70_02,2025F,20253,ETHN 70__2025F,ETHN 70__2025F__S02,1,post,2,-0.7033370001179466,3.75,3.6,3.6666666666666665,3.4,3.3333333333333335,0.3413610971400255,0.21303817561810445,0.38728913704759005,-0.08213996665732322,-0.2539911329435696,3.566666666666667,0.15471688034744646,0.059607,0.317604,0.167182,0.151,-1.735136,1.260126,-0.168471,-0.765909,-1.735136,1.260126,-0.168471,-0.765909,1.5532995250800214,0.8394169335224598,1.3940019584507677,1.447214644766943,0.7356331173797883,0.15931225273183514
STU_001411,ETHN 70,2025F,S02,INST_ETHN70_02,2025F,20253,ETHN 70__2025F,ETHN 70__2025F__S02,1,post,2,-0.7033370001179466,3.75,3.6,3.6666666666666665,3.6,4,0.3413610971400255,0.21303817561810445,0.38728913704759005,0.29226546275745297,1.0265815244696759,3.7333333333333334,0.5186473759741789,0.059607,0.317604,0.167182,0.151,-1.735136,1.260126,-0.168471,-0.765909,-1.735136,1.260126,-0.168471,-0.765909,4.104764890729782,2.1313782078748194,3.646177903394661,4.178389364333097,2.9260110190251885,0.4485693263879203
STU_000654,ETHN 70,2025F,S02,INST_ETHN70_02,2025F,20253,ETHN 70__2025F,ETHN 70__2025F__S02,1,post,1.3,-1.5835909240968005,3.75,4.4,3.5,4,4.333333333333333,0.3413610971400255,1.7043054049448298,0.06495932447296097,1.0410763215870045,1.6668678531762982,3.966666666666667,1.0281500698516048,0.059607,0.317604,0.167182,0.151,-1.735136,1.260126,-0.168471,-0.765909,-1.735136,1.260126,-0.168471,-0.765909,9.07484907880345,5.485967336654179,7.907757133887264,9.490041040284183,6.259749959642085,1.004252696003868
STU_000137,ETHN 70,2025F,S02,INST_ETHN70_02,2025F,20253,ETHN 70__2025F,ETHN 70__2025F__S02,1,post,1.3,-1.5835909240968005,4.25,4.2,4.333333333333333,4.6,3.8333333333333335,1.3413689445301433,1.3314885976131483,1.6766083873461073,2.1642926098313313,0.7064383601163647,4.233333333333333,1.610438862854377,0.059607,0.317604,0.167182,0.151,-1.735136,1.260126,-0.168471,-0.765909,-1.735136,1.260126,-0.168471,-0.765909,14.570418074067387,7.8941825956191245,13.004753138582736,15.02683675176692,8.754058383243473,1.5739810750721357
STU_000561,ETHN 70,2025F,S02,INST_ETHN70_02,2025F,20253,ETHN 70__2025F,ETHN 70__2025F__S02,1,post,2,-0.7033370001179466,3.625,4,3.8333333333333335,3.4,3.8333333333333335,0.09135913529249606,0.9586717902814668,0.7096189496222199,-0.08213996665732322,0.7064383601163647,3.7333333333333334,0.5186473759741789,0.059607,0.317604,0.167182,0.151,-1.735136,1.260126,-0.168471,-0.765909,-1.735136,1.260126,-0.168471,-0.765909,3.9638322734677534,2.5248555206391927,3.7752954304332005,4.057554101353036,2.7269322928867332,0.4466510478955099
STU_000132,ETHN 70,2025F,S03,INST_ETHN70_03,2025F,20253,ETHN 70__2025F,ETHN 70__2025F__S03,1,post,2,-0.7033370001179466,4.375,3.8,4,4,3.6666666666666665,1.5913709063776729,0.5858549829497852,1.031948762196849,1.0410763215870045,0.3862951957630527,4,1.100936168976951,0.059607,0.317604,0.167182,0.151,-1.735136,1.260126,-0.168471,-0.765909,-1.735136,1.260126,-0.168471,-0.765909,10.538040972499058,5.354442262088693,9.06175570033932,10.39909553989637,6.147675269079751,1.1049031915042715
STU_000412,ETHN 70,2025F,S03,INST_ETHN70_03,2025F,20253,ETHN 70__2025F,ETHN 70__2025F__S03,1,post,2,-0.7033370001179466,3.625,3.4,3.6666666666666665,4,3.6666666666666665,0.09135913529249606,-0.1597786317135771,0.38728913704759005,1.0410763215870045,0.3862951957630527,3.6666666666666665,0.3730751777234853,0.059607,0.317604,0.167182,0.151,-1.735136,1.260126,-0.168471,-0.765909,-1.735136,1.260126,-0.168471,-0.765909,3.484885203542736,1.6797447901255467,3.1895938688385717,3.841627085021905,2.3375088596308737,0.38759717978782926
STU_001545,ETHN 70,2025F,S03,INST_ETHN70_03,2025F,20253,ETHN 70__2025F,ETHN 70__2025F__S03,1,post,2,-0.7033370001179466,3.875,3.4,3.6666666666666665,3.8,4,0.5913630589875549,-0.1597786317135771,0.38728913704759005,0.6666708921722283,1.0265815244696759,3.7666666666666666,0.5914334750995252,0.059607,0.317604,0.167182,0.151,-1.735136,1.260126,-0.168471,-0.765909,-1.735136,1.260126,-0.168471,-0.765909,5.399770644209128,2.5369682264535807,4.67862232053123,5.478194953548956,3.618455025114029,0.5774098912513207
STU_000192,ETHN 70,2025F,S03,INST_ETHN70_03,2025F,20253,ETHN 70__2025F,ETHN 70__2025F__S03,1,post,2.7,0.17691692386090738,3.625,4,4.333333333333333,4,4,0.09135913529249606,0.9586717902814668,1.6766083873461073,1.0410763215870045,1.0265815244696759,3.966666666666667,1.0281500698516048,0.059607,0.317604,0.167182,0.151,-1.735136,1.260126,-0.168471,-0.765909,-1.735136,1.260126,-0.168471,-0.765909,8.763352846131555,4.995623387924431,8.363639854858466,9.300113890695275,5.814459136087535,0.9843473904588188
STU_001034,ETHN 70,2025F,S03,INST_ETHN70_03,2025F,20253,ETHN 70__2025F,ETHN 70__2025F__S03,1,post,1.7,-1.0805886818231698,3.75,4.2,4.333333333333333,4.2,3.8333333333333335,0.3413610971400255,1.3314885976131483,1.6766083873461073,1.4154817510017808,0.7064383601163647,4.033333333333333,1.1737222681022974,0.059607,0.317604,0.167182,0.151,-1.735136,1.260126,-0.168471,-0.765909,-1.735136,1.260126,-0.168471,-0.765909,10.127019474589686,5.816973481431839,9.458599180536805,10.68983464991843,6.388664769875548,1.1244502155628588
STU_000998,ETHN 70,2025F,S03,INST_ETHN70_03,2025F,20253,ETHN 70__2025F,ETHN 70__2025F__S03,1,post,0.7,-2.338094287507247,2.875,3.4,3.1666666666666665,3.2,3.3333333333333335,-1.4086526357926807,-0.1597786317135771,-0.5797003006762981,-0.4565453960720986,-0.2539911329435696,3.1666666666666665,-0.7187163091567129,0.059607,0.317604,0.167182,0.151,-1.735136,1.260126,-0.168471,-0.765909,-1.735136,1.260126,-0.168471,-0.765909,-6.922863501974081,-3.341945895117943,-5.794448931853883,-6.619180948079045,-3.9338352195162773,-0.709953436934546
STU_000421,ETHN 70,2025F,S03,INST_ETHN70_03,2025F,20253,ETHN 70__2025F,ETHN 70__2025F__S03,1,post,2,-0.7033370001179466,4.125,4.6,4.166666666666667,4.4,4.333333333333333,1.0913669826826138,2.07712221227651,1.354278574771479,1.789887180416557,1.6668678531762982,4.3,1.7560110611050697,0.059607,0.317604,0.167182,0.151,-1.735136,1.260126,-0.168471,-0.765909,-1.735136,1.260126,-0.168471,-0.765909,15.849417023590151,8.992322286392696,14.068793713092072,16.32564970112421,10.136089436374709,1.7279941282909546
STU_000370,FSHD 50,2024SP,S01,INST_FSHD50_01,2026SP,20241,FSHD 50__2024SP,FSHD 50__2024SP__S01,0,pre,2,-0.7033370001179466,3.25,3.2,3,3.2,2.6666666666666665,-0.6586467502500923,-0.5325954390452579,-0.9020301132509271,-0.4565453960720986,-1.534563790356816,3.066666666666667,-0.9370746065327518,0.199289,0.102708,0.078864,0.145037,0.59416,-0.754967,-1.03276,-0.966797,0,-0,-0,-0,-8.36161558171452,-4.44511303288775,-7.480085574959753,-8.444330875969566,-5.6803247841139815,-0.90939591141106
STU_001242,FSHD 50,2024SP,S01,INST_FSHD50_01,2026SP,20241,FSHD 50__2024SP,FSHD 50__2024SP__S01,0,pre,2,-0.7033370001179466,2.875,3.2,3,3.2,3.1666666666666665,-1.4086526357926807,-0.5325954390452579,-0.9020301132509271,-0.4565453960720986,-0.5741342972968816,3.066666666666667,-0.9370746065327518,0.199289,0.102708,0.078864,0.145037,0.59416,-0.754967,-1.03276,-0.966797,0,-0,-0,-0,-8.694006151282917,-4.44627080396733,-7.5213429737653605,-8.486395204584682,-5.192796394162196,-0.9126975659583382
STU_001301,FSHD 50,2024SP,S01,INST_FSHD50_01,2026SP,20241,FSHD 50__2024SP,FSHD 50__2024SP__S01,0,pre,2.3,-0.3260853184127238,3.5,3.2,4.166666666666667,3.8,3.1666666666666665,-0.1586428265550334,-0.5325954390452579,1.354278574771479,0.6666708921722283,-0.5741342972968816,3.566666666666667,0.15471688034744646,0.199289,0.102708,0.078864,0.145037,0.59416,-0.754967,-1.03276,-0.966797,0,-0,-0,-0,1.286967702886131,0.42115153390408266,1.7064073769568975,1.5949134862461514,0.536541089004145,0.15340777383019835
STU_000753,FSHD 50,2024SP,S01,INST_FSHD50_01,2026SP,20241,FSHD 50__2024SP,FSHD 50__2024SP__S01,0,pre,2,-0.7033370001179466,3.875,3.6,3.3333333333333335,3.2,4,0.5913630589875549,0.21303817561810445,-0.25737048810166807,-0.4565453960720986,1.0265815244696759,3.6333333333333333,0.300289078598139,0.199289,0.102708,0.078864,0.145037,0.59416,-0.754967,-1.03276,-0.966797,0,-0,-0,-0,2.730981977426535,1.3730665151410713,2.0749304002222173,2.410238371738283,2.0225019772058137,0.27804705775019284
STU_000153,FSHD 50,2024SP,S01,INST_FSHD50_01,2026SP,20241,FSHD 50__2024SP,FSHD 50__2024SP__S01,0,pre,3.7,1.4344225295449842,3.5,3.8,3.6666666666666665,3.4,3.5,-0.1586428265550334,0.5858549829497852,0.38728913704759005,-0.08213996665732322,0.06615203140974155,3.566666666666667,0.15471688034744646,0.199289,0.102708,0.078864,0.145037,0.59416,-0.754967,-1.03276,-0.966797,0,-0,-0,-0,1.1469747212996921,0.9020419289613079,1.1930459438797505,1.2120990765730366,0.7623253897512325,0.1355044552418128
STU_000185,FSHD 50,2024SP,S01,INST_FSHD50_01,2026SP,20241,FSHD 50__2024SP,FSHD 50__2024SP__S01,0,pre,3.3,0.9314202872713531,3.25,3,3,3.2,3,-0.6586467502500923,-0.9054122463769394,-0.9020301132509271,-0.4565453960720986,-0.8942774616501927,3.1,-0.8642885074074055,0.199289,0.102708,0.078864,0.145037,0.59416,-0.754967,-1.03276,-0.966797,0,-0,-0,-0,-7.873227445406865,-4.372621997479557,-7.018626119364763,-7.936715433106883,-5.058255206715033,-0.8526653908767554
STU_001306,FSHD 50,2024SP,S01,INST_FSHD50_01,2026SP,20241,FSHD 50__2024SP,FSHD 50__2024SP__S01,0,pre,1.7,-1.0805886818231698,3.75,3.2,3.8333333333333335,3.8,4,0.3413610971400255,-0.5325954390452579,0.7096189496222199,0.6666708921722283,1.0265815244696759,3.7333333333333334,0.5186473759741789,0.199289,0.102708,0.078864,0.145037,0.59416,-0.754967,-1.03276,-0.966797,0,-0,-0,-0,4.453709316828702,1.951028662044162,4.088082084305342,4.625987481462709,3.1089080769127193,0.4858975474649676
STU_000102,FSHD 50,2024SP,S01,INST_FSHD50_01,2026SP,20241,FSHD 50__2024SP,FSHD 50__2024SP__S01,0,pre,0.7,-2.338094287507247,3.125,3.4,3,3,2.8333333333333335,-0.9086487120976218,-0.1597786317135771,-0.9020301132509271,-0.8309508254868748,-1.214420626003504,3.066666666666667,-0.9370746065327518,0.199289,0.102708,0.078864,0.145037,0.59416,-0.754967,-1.03276,-0.966797,0,-0,-0,-0,-8.378124939997207,-4.191925982364794,-7.426237538545246,-8.478612152095621,-5.4605854544864725,-0.9010567718699876
STU_000786,FSHD 50,2024SP,S02,INST_FSHD50_02,2026SP,20241,FSHD 50__2024SP,FSHD 50__2024SP__S02,0,pre,1.7,-1.0805886818231698,2.625,2,3,2.6,2.3333333333333335,-1.9086565594877396,-2.7694962830353456,-0.9020301132509271,-1.5797616843164264,-2.1748501190634384,2.533333333333333,-2.1016521925382974,0.199289,0.102708,0.078864,0.145037,0.59416,-0.754967,-1.03276,-0.966797,0,-0,-0,-0,-18.11754421787615,-10.237267590731607,-15.593963628953755,-18.24272622333415,-11.471604879001989,-1.9459688389835392
STU_000857,FSHD 50,2024SP,S02,INST_FSHD50_02,2026SP,20241,FSHD 50__2024SP,FSHD 50__2024SP__S02,0,pre,2.7,0.17691692386090738,3.875,3.4,3.5,3.2,3,0.5913630589875549,-0.1597786317135771,0.06495932447296097,-0.4565453960720986,-0.8942774616501927,3.433333333333333,-0.13642751615394064,0.199289,0.102708,0.078864,0.145037,0.59416,-0.754967,-1.03276,-0.966797,0,-0,-0,-0,-1.030085393824088,-0.7505013982916072,-1.1193060177789083,-1.467655125616599,-1.269681648818669,-0.14515982563886085
STU_001510,FSHD 50,2024SP,S02,INST_FSHD50_02,2026SP,20241,FSHD 50__2024SP,FSHD 50__2024SP__S02,0,pre,1.7,-1.0805886818231698,3.375,3.8,3.8333333333333335,3.8,3.6666666666666665,-0.40864478840256285,0.5858549829497852,0.7096189496222199,0.6666708921722283,0.3862951957630527,3.6666666666666665,0.3730751777234853,0.199289,0.102708,0.078864,0.145037,0.59416,-0.754967,-1.03276,-0.966797,0,-0,-0,-0,2.8700849731954645,1.8515943388352736,2.9801859848975645,3.316853676672825,2.0086776674695477,0.3430143763872868
STU_000283,FSHD 50,2024SP,S02,INST_FSHD50_02,2026SP,20241,FSHD 50__2024SP,FSHD 50__2024SP__S02,0,pre,1.7,-1.0805886818231698,3.375,3,3.6666666666666665,3.2,3.1666666666666665,-0.40864478840256285,-0.9054122463769394,0.38728913704759005,-0.4565453960720986,-0.5741342972968816,3.3,-0.4275719126553268,0.199289,0.102708,0.078864,0.145037,0.59416,-0.754967,-1.03276,-0.966797,0,-0,-0,-0,-3.8254957461709465,-2.3575279381365517,-3.0554199902935926,-3.8777489524911797,-2.520433075383343,-0.41039591695744293
STU_000325,FSHD 50,2024SP,S02,INST_FSHD50_02,2026SP,20241,FSHD 50__2024SP,FSHD 50__2024SP__S02,0,pre,1.7,-1.0805886818231698,3.25,2.8,2.8333333333333335,3,3,-0.6586467502500923,-1.278229053708621,-1.2243599258255562,-0.8309508254868748,-0.8942774616501927,3,-1.0826468047834452,0.199289,0.102708,0.078864,0.145037,0.59416,-0.754967,-1.03276,-0.966797,0,-0,-0,-0,-9.706800112983325,-5.497417633342487,-8.78179841646577,-9.926956673259689,-6.143231715143463,-1.0591501051831373
STU_001131,FSHD 50,2024SP,S02,INST_FSHD50_02,2026SP,20241,FSHD 50__2024SP,FSHD 50__2024SP__S02,0,pre,2.3,-0.3260853184127238,2.875,3.2,2.8333333333333335,2.8,3.5,-1.4086526357926807,-0.5325954390452579,-1.2243599258255562,-1.205356254901651,0.06615203140974155,3.033333333333333,-1.009860705658099,0.199289,0.102708,0.078864,0.145037,0.59416,-0.754967,-1.03276,-0.966797,0,-0,-0,-0,-9.110199234298,-4.64447184379171,-7.975831188225034,-9.097820386843669,-5.073222648034403,-0.9580188095640971
STU_000697,FSHD 50,2024SP,S03,INST_FSHD50_03,2026SP,20241,FSHD 50__2024SP,FSHD 50__2024SP__S03,0,pre,0.7,-2.338094287507247,3.25,2.2,2.3333333333333335,2.4,2.5,-0.6586467502500923,-2.396679475703664,-2.191349363549444,-1.9541671137312024,-1.8547069547101271,2.6,-1.9560799942876037,0.199289,0.102708,0.078864,0.145037,0.59416,-0.754967,-1.03276,-0.966797,0,-0,-0,-0,-16.62686826584961,-9.58200836348372,-15.251726636771059,-17.362122197262433,-10.766418559384329,-1.8385791967683083
STU_001414,FSHD 50,2024SP,S03,INST_FSHD50_03,2026SP,20241,FSHD 50__2024SP,FSHD 50__2024SP__S03,0,pre,1.7,-1.0805886818231698,3.75,3.8,4,3.8,4,0.3413610971400255,0.5858549829497852,1.031948762196849,0.6666708921722283,1.0265815244696759,3.8666666666666667,0.809791772475565,0.199289,0.102708,0.078864,0.145037,0.59416,-0.754967,-1.03276,-0.966797,0,-0,-0,-0,6.903207753649885,3.7713059918308955,6.355534723791922,7.145153749047661,4.602586623292176,0.7611201096646298
STU_000492,FSHD 50,2024SP,S03,INST_FSHD50_03,2026SP,20241,FSHD 50__2024SP,FSHD 50__2024SP__S03,0,pre,2,-0.7033370001179466,3.125,2.8,3,2.8,3.1666666666666665,-0.9086487120976218,-1.278229053708621,-0.9020301132509271,-1.205356254901651,-0.5741342972968816,3,-1.0826468047834452,0.199289,0.102708,0.078864,0.145037,0.59416,-0.754967,-1.03276,-0.966797,0,-0,-0,-0,-9.791827509586115,-5.5170359850707955,-8.66379520950371,-10.037687861931037,-5.973654768893184,-1.0590765548588374
STU_000125,FSHD 50,2024SP,S03,INST_FSHD50_03,2026SP,20241,FSHD 50__2024SP,FSHD 50__2024SP__S03,0,pre,1.7,-1.0805886818231698,3.375,3.4,3.5,3.6,3.3333333333333335,-0.40864478840256285,-0.1597786317135771,0.06495932447296097,0.29226546275745297,-0.2539911329435696,3.433333333333333,-0.13642751615394064,0.199289,0.102708,0.078864,0.145037,0.59416,-0.754967,-1.03276,-0.966797,0,-0,-0,-0,-1.6619106994985926,-0.8477396679488576,-1.2893690834627116,-1.444501263550594,-1.0539958034440078,-0.16602172144464347
STU_001472,FSHD 50,2024SP,S03,INST_FSHD50_03,2026SP,20241,FSHD 50__2024SP,FSHD 50__2024SP__S03,0,pre,2.3,-0.3260853184127238,2.625,2,3,2.2,2.6666666666666665,-1.9086565594877396,-2.7694962830353456,-0.9020301132509271,-2.328572543145978,-1.534563790356816,2.533333333333333,-2.1016521925382974,0.199289,0.102708,0.078864,0.145037,0.59416,-0.754967,-1.03276,-0.966797,0,-0,-0,-0,-17.94676581084242,-10.193144920437476,-15.504266986266629,-18.323511899986045,-11.10655743613698,-1.9329954712846937
STU_001397,FSHD 50,2024SP,S03,INST_FSHD50_03,2026SP,20241,FSHD 50__2024SP,FSHD 50__2024SP__S03,0,pre,2.3,-0.3260853184127238,3.25,3.8,2.8333333333333335,3.2,3.5,-0.6586467502500923,0.5858549829497852,-1.2243599258255562,-0.4565453960720986,0.06615203140974155,3.3,-0.4275719126553268,0.199289,0.102708,0.078864,0.145037,0.59416,-0.754967,-1.03276,-0.966797,0,-0,-0,-0,-4.385214894373013,-1.8029959228480332,-4.096027373893889,-4.336382640139121,-2.457928021830888,-0.4599069942253595
STU_001432,FSHD 50,2024F,S01,INST_FSHD50_01,2026SP,20243,FSHD 50__2024F,FSHD 50__2024F__S01,0,pre,1.3,-1.5835909240968005,2.875,3.2,3.3333333333333335,2.8,2.8333333333333335,-1.4086526357926807,-0.5325954390452579,-0.25737048810166807,-1.205356254901651,-1.214420626003504,3,-1.0826468047834452,0.199289,0.102708,0.078864,0.145037,0.59416,-0.754967,-1.03276,-0.966797,0,-0,-0,-0,-9.558328957273934,-4.888678481427644,-8.045308807118788,-9.599040611978648,-6.016278777940205,-1.0116952645735298
STU_001177,FSHD 50,2024F,S01,INST_FSHD50_01,2026SP,20243,FSHD 50__2024F,FSHD 50__2024F__S01,0,pre,2,-0.7033370001179466,3,3.2,3,3.2,3.8333333333333335,-1.1586506739451512,-0.5325954390452579,-0.9020301132509271,-0.4565453960720986,0.7064383601163647,3.2333333333333334,-0.5731441109060194,0.199289,0.102708,0.078864,0.145037,0.59416,-0.754967,-1.03276,-0.966797,0,-0,-0,-0,-5.468391534762488,-2.8579571768900975,-4.757303775125439,-5.272005394111429,-2.664653349173036,-0.5621354999937322
STU_000810,FSHD 50,2024F,S01,INST_FSHD50_01,2026SP,20243,FSHD 50__2024F,FSHD 50__2024F__S01,0,pre,2.7,0.17691692386090738,3.125,3.4,2.8333333333333335,3,3.1666666666666665,-0.9086487120976218,-0.1597786317135771,-1.2243599258255562,-0.8309508254868748,-0.5741342972968816,3.1,-0.8642885074074055,0.199289,0.102708,0.078864,0.145037,0.59416,-0.754967,-1.03276,-0.966797,0,-0,-0,-0,-7.76865104082676,-3.8758092789909684,-6.971244274845975,-7.833839612341676,-4.744453997775434,-0.8306070506627836
STU_001287,FSHD 50,2024F,S01,INST_FSHD50_01,2026SP,20243,FSHD 50__2024F,FSHD 50__2024F__S01,0,pre,1.7,-1.0805886818231698,3,3.4,3,2.8,3,-1.1586506739451512,-0.1597786317135771,-0.9020301132509271,-1.205356254901651,-0.8942774616501927,3.033333333333333,-1.009860705658099,0.199289,0.102708,0.078864,0.145037,0.59416,-0.754967,-1.03276,-0.966797,0,-0,-0,-0,-9.125314936624045,-4.514228443594366,-7.969706367707163,-9.22631311069812,-5.674203372884627,-0.9717799912748428
STU_001156,FSHD 50,2024F,S01,INST_FSHD50_01,2026SP,20243,FSHD 50__2024F,FSHD 50__2024F__S01,0,pre,2,-0.7033370001179466,3.375,3,2.8333333333333335,2.8,2.5,-0.40864478840256285,-0.9054122463769394,-1.2243599258255562,-1.205356254901651,-1.8547069547101271,2.933333333333333,-1.228219003034139,0.199289,0.102708,0.078864,0.145037,0.59416,-0.754967,-1.03276,-0.966797,0,-0,-0,-0,-10.58893928188141,-5.818139622201001,-9.637405616919358,-11.053890343454384,-7.202671016427377,-1.1707039641540555
STU_000299,FSHD 50,2024F,S01,INST_FSHD50_01,2026SP,20243,FSHD 50__2024F,FSHD 50__2024F__S01,0,pre,1.3,-1.5835909240968005,3.125,2.6,3,2.8,2.8333333333333335,-0.9086487120976218,-1.6510458610403016,-0.9020301132509271,-1.205356254901651,-1.214420626003504,2.9,-1.301005102159485,0.199289,0.102708,0.078864,0.145037,0.59416,-0.754967,-1.03276,-0.966797,0,-0,-0,-0,-11.552095575815262,-6.575118582746105,-10.204171428458578,-11.833811230356627,-7.390532815000223,-1.2564677215895792
STU_000176,FSHD 50,2024F,S02,INST_FSHD50_02,2026SP,20243,FSHD 50__2024F,FSHD 50__2024F__S02,0,pre,1.3,-1.5835909240968005,2.875,2.8,2.6666666666666665,3,2.5,-1.4086526357926807,-1.278229053708621,-1.546689738400186,-0.8309508254868748,-1.8547069547101271,2.7666666666666666,-1.5921494986608713,0.199289,0.102708,0.078864,0.145037,0.59416,-0.754967,-1.03276,-0.966797,0,-0,-0,-0,-14.066736773083074,-7.548671329579928,-12.476029180376253,-14.088739552734785,-9.081414221124273,-1.5152886862304358
STU_000828,FSHD 50,2024F,S02,INST_FSHD50_02,2026SP,20243,FSHD 50__2024F,FSHD 50__2024F__S02,0,pre,2.3,-0.3260853184127238,3.625,3.2,3.3333333333333335,3.4,3.1666666666666665,0.09135913529249606,-0.5325954390452579,-0.25737048810166807,-0.08213996665732322,-0.5741342972968816,3.3666666666666667,-0.28199971440463323,0.199289,0.102708,0.078864,0.145037,0.59416,-0.754967,-1.03276,-0.966797,0,-0,-0,-0,-2.3911704178865825,-1.5097690042181686,-2.2502339491677836,-2.5245134451868325,-1.7442301934445141,-0.27279687358366134
STU_000046,FSHD 50,2024F,S02,INST_FSHD50_02,2026SP,20243,FSHD 50__2024F,FSHD 50__2024F__S02,0,pre,2.3,-0.3260853184127238,3.875,4.2,4.333333333333333,4.2,4,0.5913630589875549,1.3314885976131483,1.6766083873461073,1.4154817510017808,1.0265815244696759,4.1,1.31929446635299,0.199289,0.102708,0.078864,0.145037,0.59416,-0.754967,-1.03276,-0.966797,0,-0,-0,-0,11.291896938643418,6.37124770057311,10.413664885607746,11.799716557331912,7.174107916746042,1.2454983564027315
STU_000802,FSHD 50,2024F,S02,INST_FSHD50_02,2026SP,20243,FSHD 50__2024F,FSHD 50__2024F__S02,0,pre,1.3,-1.5835909240968005,3.75,3.2,3.3333333333333335,3.6,3.5,0.3413610971400255,-0.5325954390452579,-0.25737048810166807,0.29226546275745297,0.06615203140974155,3.5,0.009144682096752907,0.199289,0.102708,0.078864,0.145037,0.59416,-0.754967,-1.03276,-0.966797,0,-0,-0,-0,-0.12894228485358838,-0.42924919833352526,-0.3456590819532255,-0.18396076179237192,-0.12506267034866436,-0.028693638909209472
STU_000579,FSHD 50,2024F,S02,INST_FSHD50_02,2026SP,20243,FSHD 50__2024F,FSHD 50__2024F__S02,0,pre,2.3,-0.3260853184127238,2.25,2.6,1.8333333333333333,3,2.1666666666666665,-2.658662445030328,-1.6510458610403016,-3.1583388012733327,-0.8309508254868748,-2.49499328341675,2.3333333333333335,-2.5383687872903757,0.199289,0.102708,0.078864,0.145037,0.59416,-0.754967,-1.03276,-0.966797,0,-0,-0,-0,-21.714963985278295,-11.457081421388219,-19.353838827769344,-21.48676555860068,-13.683851366085284,-2.3238074560179505
STU_000938,FSHD 50,2024F,S02,INST_FSHD50_02,2026SP,20243,FSHD 50__2024F,FSHD 50__2024F__S02,0,pre,2.3,-0.3260853184127238,3.625,3.8,3.3333333333333335,3.4,3.6666666666666665,0.09135913529249606,0.5858549829497852,-0.25737048810166807,-0.08213996665732322,0.3862951957630527,3.566666666666667,0.15471688034744646,0.199289,0.102708,0.078864,0.145037,0.59416,-0.754967,-1.03276,-0.966797,0,-0,-0,-0,1.3285591203046465,0.9587319489948829,1.0419744493426901,1.3116464107019759,1.0267355166338081,0.1461623562607053
STU_001246,FSHD 50,2024F,S03,INST_FSHD50_03,2026SP,20243,FSHD 50__2024F,FSHD 50__2024F__S03,0,pre,2,-0.7033370001179466,4.25,3.2,3.8333333333333335,4.2,3.6666666666666665,1.3413689445301433,-0.5325954390452579,0.7096189496222199,1.4154817510017808,0.3862951957630527,3.8666666666666667,0.809791772475565,0.199289,0.102708,0.078864,0.145037,0.59416,-0.754967,-1.03276,-0.966797,0,-0,-0,-0,7.4396810893771645,3.264402052858729,6.338758726669348,7.480346509750836,4.315505498994203,0.7737318359065563
STU_001506,FSHD 50,2024F,S03,INST_FSHD50_03,2026SP,20243,FSHD 50__2024F,FSHD 50__2024F__S03,0,pre,2,-0.7033370001179466,4,3.4,3.3333333333333335,3.8,3.8333333333333335,0.8413650208350845,-0.1597786317135771,-0.25737048810166807,0.6666708921722283,0.7064383601163647,3.7,0.4458612768488326,0.199289,0.102708,0.078864,0.145037,0.59416,-0.754967,-1.03276,-0.966797,0,-0,-0,-0,3.9164783663254696,1.7428238129836031,3.048523130978254,3.874519944267934,2.5355629023965816,0.40298660444390416
STU_000594,FSHD 50,2024F,S03,INST_FSHD50_03,2026SP,20243,FSHD 50__2024F,FSHD 50__2024F__S03,0,pre,1.7,-1.0805886818231698,3.75,3.6,3.3333333333333335,2.8,3.5,0.3413610971400255,0.21303817561810445,-0.25737048810166807,-1.205356254901651,0.06615203140974155,3.433333333333333,-0.13642751615394064,0.199289,0.102708,0.078864,0.145037,0.59416,-0.754967,-1.03276,-0.966797,0,-0,-0,-0,-1.2174309506556307,-0.5692304177121535,-1.2733239236569978,-1.7128690425214534,-0.7634242814476304,-0.15000866411943867
STU_001563,FSHD 50,2024F,S03,INST_FSHD50_03,2026SP,20243,FSHD 50__2024F,FSHD 50__2024F__S03,0,pre,2,-0.7033370001179466,3.625,3.6,3,3.4,4,0.09135913529249606,0.21303817561810445,-0.9020301132509271,-0.08213996665732322,1.0265815244696759,3.533333333333333,0.0819307812220992,0.199289,0.102708,0.078864,0.145037,0.59416,-0.754967,-1.03276,-0.966797,0,-0,-0,-0,0.34559339431921626,0.26011204615253714,-0.055263550942308295,0.31203589598545617,0.7072080319947216,0.03690925602164734
STU_000375,FSHD 50,2024F,S03,INST_FSHD50_03,2026SP,20243,FSHD 50__2024F,FSHD 50__2024F__S03,0,pre,1.7,-1.0805886818231698,3.5,3,3,3.4,3.5,-0.1586428265550334,-0.9054122463769394,-0.9020301132509271,-0.08213996665732322,0.06615203140974155,3.3,-0.4275719126553268,0.199289,0.102708,0.078864,0.145037,0.59416,-0.754967,-1.03276,-0.966797,0,-0,-0,-0,-3.5573185382166836,-2.2610590564361774,-3.418266088943131,-3.6149545072857885,-1.9929353563210075,-0.39197968382775383
STU_000514,FSHD 50,2024F,S03,INST_FSHD50_03,2026SP,20243,FSHD 50__2024F,FSHD 50__2024F__S03,0,pre,1.3,-1.5835909240968005,2.125,3,2.5,2.6,2.3333333333333335,-2.9086644068778575,-0.9054122463769394,-1.869019550974815,-1.5797616843164264,-2.1748501190634384,2.466666666666667,-2.2472243907889897,0.199289,0.102708,0.078864,0.145037,0.59416,-0.754967,-1.03276,-0.966797,0,-0,-0,-0,-19.295306047921756,-9.696313436308976,-16.639606343933075,-19.074296006366698,-11.981969783508795,-2.0376511523335563
STU_000230,FSHD 50,2024F,S04,INST_FSHD50_01,2026SP,20243,FSHD 50__2024F,FSHD 50__2024F__S04,0,pre,2.3,-0.3260853184127238,3,2.8,2.8333333333333335,3,2.6666666666666665,-1.1586506739451512,-1.278229053708621,-1.2243599258255562,-0.8309508254868748,-1.534563790356816,2.8666666666666667,-1.3737912012848315,0.199289,0.102708,0.078864,0.145037,0.59416,-0.754967,-1.03276,-0.966797,0,-0,-0,-0,-12.369975389278972,-6.777206228546012,-10.95545679227906,-12.461686103588015,-7.965452820167607,-1.3362627401208291
STU_000158,FSHD 50,2026SP,S01,INST_FSHD50_01,2026SP,20261,FSHD 50__2026SP,FSHD 50__2026SP__S01,1,post,1.3,-1.5835909240968005,3.125,2.8,3,2.4,3,-0.9086487120976218,-1.278229053708621,-0.9020301132509271,-1.9541671137312024,-0.8942774616501927,2.9,-1.301005102159485,0.199289,0.102708,0.078864,0.145037,0.59416,-0.754967,-1.03276,-0.966797,0.59416,-0.754967,-1.03276,-0.966797,-11.471207271323088,-6.346851833072487,-10.125890018689043,-11.964298237806032,-7.151363683826876,-1.2475038247066614
STU_001515,FSHD 50,2026SP,S01,INST_FSHD50_01,2026SP,20261,FSHD 50__2026SP,FSHD 50__2026SP__S01,1,post,1.3,-1.5835909240968005,3,3,2.6666666666666665,3,2.3333333333333335,-1.1586506739451512,-0.9054122463769394,-1.546689738400186,-0.8309508254868748,-2.1748501190634384,2.8,-1.519363399535525,0.199289,0.102708,0.078864,0.145037,0.59416,-0.754967,-1.03276,-0.966797,0.59416,-0.754967,-1.03276,-0.966797,-13.2965123960338,-7.027001928697159,-11.851629396657513,-13.408122835112595,-8.827482334771235,-1.4396553835547539
STU_001430,FSHD 50,2026SP,S01,INST_FSHD50_01,2026SP,20261,FSHD 50__2026SP,FSHD 50__2026SP__S01,1,post,2.7,0.17691692386090738,3.875,4,3.6666666666666665,4,4.166666666666667,0.5913630589875549,0.9586717902814668,0.38728913704759005,1.0410763215870045,1.3467246888229878,3.933333333333333,0.9553639707262576,0.199289,0.102708,0.078864,0.145037,0.59416,-0.754967,-1.03276,-0.966797,0.59416,-0.754967,-1.03276,-0.966797,8.56218162098908,4.788711902391905,7.4793435429898345,8.848939076708092,5.734420660282094,0.9349775689367599
STU_000056,FSHD 50,2026SP,S01,INST_FSHD50_01,2026SP,20261,FSHD 50__2026SP,FSHD 50__2026SP__S01,1,post,1.7,-1.0805886818231698,4,4,3.8333333333333335,4.2,4,0.8413650208350845,0.9586717902814668,0.7096189496222199,1.4154817510017808,1.0265815244696759,4,1.100936168976951,0.199289,0.102708,0.078864,0.145037,0.59416,-0.754967,-1.03276,-0.966797,0.59416,-0.754967,-1.03276,-0.966797,9.722961748327005,5.309171850335923,8.549651015752927,10.0607038407067,6.206525098601366,1.0556055391223085
STU_001061,FSHD 50,2026SP,S01,INST_FSHD50_01,2026SP,20261,FSHD 50__2026SP,FSHD 50__2026SP__S01,1,post,2,-0.7033370001179466,4,4,3.6666666666666665,4,3.8333333333333335,0.8413650208350845,0.9586717902814668,0.38728913704759005,1.0410763215870045,0.7064383601163647,3.9,0.8825778716009113,0.199289,0.102708,0.078864,0.145037,0.59416,-0.754967,-1.03276,-0.966797,0.59416,-0.754967,-1.03276,-0.966797,7.882223560854118,4.337857109481569,6.785367775258962,8.037610029286416,4.901497650136412,0.846143550762639
STU_001076,FSHD 50,2026SP,S01,INST_FSHD50_01,2026SP,20261,FSHD 50__2026SP,FSHD 50__2026SP__S01,1,post,2,-0.7033370001179466,3.75,3.8,3.6666666666666665,2.8,2.8333333333333335,0.3413610971400255,0.5858549829497852,0.38728913704759005,-1.205356254901651,-1.214420626003504,3.4,-0.20921361527928692,0.199289,0.102708,0.078864,0.145037,0.59416,-0.754967,-1.03276,-0.966797,0.59416,-0.754967,-1.03276,-0.966797,-1.9128325253486205,-0.778048822362953,-1.6797484006017436,-2.454445281253877,-1.9255306620040151,-0.23164692831817152
STU_000811,FSHD 50,2026SP,S01,INST_FSHD50_01,2026SP,20261,FSHD 50__2026SP,FSHD 50__2026SP__S01,1,post,1.7,-1.0805886818231698,3.125,2.6,3,3.2,3.3333333333333335,-0.9086487120976218,-1.6510458610403016,-0.9020301132509271,-0.4565453960720986,-0.2539911329435696,3.066666666666667,-0.9370746065327518,0.199289,0.102708,0.078864,0.145037,0.59416,-0.754967,-1.03276,-0.966797,0.59416,-0.754967,-1.03276,-0.966797,-7.9095136746203725,-4.743791748276768,-7.014645590651564,-7.922662483796093,-4.682813563683239,-0.85215763398211275
STU_000584,FSHD 50,2026SP,S02,INST_FSHD50_02,2026SP,20261,FSHD 50__2026SP,FSHD 50__2026SP__S02,1,post,2.3,-0.3260853184127238,3.125,3,3.3333333333333335,3.2,2.8333333333333335,-0.9086487120976218,-0.9054122463769394,-0.25737048810166807,-0.4565453960720986,-1.214420626003504,3.1,-0.8642885074074055,0.199289,0.102708,0.078864,0.145037,0.59416,-0.754967,-1.03276,-0.966797,0.59416,-0.754967,-1.03276,-0.966797,-7.8819951442608,-4.303051901457806,-6.7124230133833525,-7.836488027312555,-5.1655645663177285,-0.8423854283991217
STU_000328,FSHD 50,2026SP,S02,INST_FSHD50_02,2026SP,20261,FSHD 50__2026SP,FSHD 50__2026SP__S02,1,post,1.7,-1.0805886818231698,3.5,3.6,4,3.6,3.3333333333333335,-0.1586428265550334,0.21303817561810445,1.031948762196849,0.29226546275745297,-0.2539911329435696,3.6,0.22750297947279274,0.199289,0.102708,0.078864,0.145037,0.59416,-0.754967,-1.03276,-0.966797,0.59416,-0.754967,-1.03276,-0.966797,1.6916351098686422,1.0140025132826114,1.9665206874555727,1.903313817121433,0.9105946569095241,0.19970750370331095
STU_000499,FSHD 50,2026SP,S02,INST_FSHD50_02,2026SP,20261,FSHD 50__2026SP,FSHD 50__2026SP__S02,1,post,1.3,-1.5835909240968005,3,3.2,2.8333333333333335,2.6,3,-1.1586506739451512,-0.5325954390452579,-1.2243599258255562,-1.5797616843164264,-0.8942774616501927,2.933333333333333,-1.228219003034139,0.199289,0.102708,0.078864,0.145037,0.59416,-0.754967,-1.03276,-0.966797,0.59416,-0.754967,-1.03276,-0.966797,-11.22531300953325,-5.7838490932565305,-9.916294155901607,-11.469703949211533,-6.961855803346265,-1.2057206074822997
STU_000187,FSHD 50,2026SP,S02,INST_FSHD50_02,2026SP,20261,FSHD 50__2026SP,FSHD 50__2026SP__S02,1,post,2,-0.7033370001179466,3.875,3.6,3.8333333333333335,3.6,3.5,0.5913630589875549,0.21303817561810445,0.7096189496222199,0.29226546275745297,0.06615203140974155,3.7,0.4458612768488326,0.199289,0.102708,0.078864,0.145037,0.59416,-0.754967,-1.03276,-0.966797,0.59416,-0.754967,-1.03276,-0.966797,4.231051011148008,2.132790174779157,3.7749671857820757,4.157205882619721,2.4246055513085154,0.445648214410144
STU_000163,FSHD 50,2026SP,S02,INST_FSHD50_02,2026SP,20261,FSHD 50__2026SP,FSHD 50__2026SP__S02,1,post,0,-3.2183482114861004,3,3.4,2.8333333333333335,2.8,3,-1.1586506739451512,-0.1597786317135771,-1.2243599258255562,-1.205356254901651,-0.8942774616501927,3,-1.0826468047834452,0.199289,0.102708,0.078864,0.145037,0.59416,-0.754967,-1.03276,-0.966797,0.59416,-0.754967,-1.03276,-0.966797,-9.87981095092675,-4.940061423753059,-8.75830754778447,-10.014308971324908,-6.131209193349059,-1.0570829216933029
STU_000096,FSHD 50,2026SP,S02,INST_FSHD50_02,2026SP,20261,FSHD 50__2026SP,FSHD 50__2026SP__S02,1,post,2.3,-0.3260853184127238,3.875,4.2,4.166666666666667,3.2,3.6666666666666665,0.5913630589875549,1.3314885976131483,1.354278574771479,-0.4565453960720986,0.3862951957630527,3.8333333333333335,0.7370056733502187,0.199289,0.102708,0.078864,0.145037,0.59416,-0.754967,-1.03276,-0.966797,0.59416,-0.754967,-1.03276,-0.966797,6.576143445973896,3.9217720326099617,6.105566246509098,6.373624855487271,3.9760101353663195,0.7104947774790293
STU_001512,FSHD 50,2026SP,S02,INST_FSHD50_02,2026SP,20261,FSHD 50__2026SP,FSHD 50__2026SP__S02,1,post,1.7,-1.0805886818231698,3.25,3.8,3.1666666666666665,2.8,3,-0.6586467502500923,0.5858549829497852,-0.5797003006762981,-1.205356254901651,-0.8942774616501927,3.2,-0.6459302100313656,0.199289,0.102708,0.078864,0.145037,0.59416,-0.754967,-1.03276,-0.966797,0.59416,-0.754967,-1.03276,-0.966797,-6.2195958476133555,-2.7490776646055726,-5.43669467655868,-6.4068959085977255,-3.997103494080576,-0.6632305205157166
STU_001200,FSHD 50,2026SP,S03,INST_FSHD50_03,2026SP,20261,FSHD 50__2026SP,FSHD 50__2026SP__S03,1,post,1.3,-1.5835909240968005,2.625,2,2.3333333333333335,2,1.8333333333333333,-1.9086565594877396,-2.7694962830353456,-2.191349363549444,-2.702977972560754,-3.135279612123373,2.2,-2.829513183791762,0.199289,0.102708,0.078864,0.145037,0.59416,-0.754967,-1.03276,-0.966797,0.59416,-0.754967,-1.03276,-0.966797,-24.124324942471194,-13.339515157305874,-21.412987174743957,-24.768837501018506,-15.59739979565054,-2.6251200812844977
STU_000214,FSHD 50,2026SP,S03,INST_FSHD50_03,2026SP,20261,FSHD 50__2026SP,FSHD 50__2026SP__S03,1,post,2.3,-0.3260853184127238,3.625,3.2,3.1666666666666665,3.2,3.3333333333333335,0.09135913529249606,-0.5325954390452579,-0.5797003006762981,-0.4565453960720986,-0.2539911329435696,3.3333333333333335,-0.3547858135299795,0.199289,0.102708,0.078864,0.145037,0.59416,-0.754967,-1.03276,-0.966797,0.59416,-0.754967,-1.03276,-0.966797,-3.0094714090853665,-1.8388595394912068,-2.901968895951239,-3.254929249143866,-1.93961329006401,-0.3417073561787524
STU_000319,FSHD 50,2026SP,S03,INST_FSHD50_03,2026SP,20261,FSHD 50__2026SP,FSHD 50__2026SP__S03,1,post,3,0.5541686055661302,4.375,4.2,3.8333333333333335,4.2,4.5,1.5913709063776729,1.3314885976131483,0.7096189496222199,1.4154817510017808,1.98701101752961,4.233333333333333,1.610438862854377,0.199289,0.102708,0.078864,0.145037,0.59416,-0.754967,-1.03276,-0.966797,0.59416,-0.754967,-1.03276,-0.966797,14.858189054169717,7.959780971702929,12.76210335134751,14.963789253693355,9.61404608468375,1.5919948616069237
STU_001002,FSHD 50,2026SP,S03,INST_FSHD50_03,2026SP,20261,FSHD 50__2026SP,FSHD 50__2026SP__S03,1,post,1,-1.9608426058020236,2.75,2.4,2.5,2.4,2.8333333333333335,-1.65865459764021,-2.0238626683719834,-1.869019550974815,-1.9541671137312024,-1.214420626003504,2.6,-1.9560799942876037,0.199289,0.102708,0.078864,0.145037,0.59416,-0.754967,-1.03276,-0.966797,0.59416,-0.754967,-1.03276,-0.966797,-17.109934916318952,-9.422212686593625,-15.153281643074324,-17.430499375878675,-10.490593049583094,-1.8449668597816358
STU_000664,FSHD 50,2026SP,S03,INST_FSHD50_03,2026SP,20261,FSHD 50__2026SP,FSHD 50__2026SP__S03,1,post,2,-0.7033370001179466,3.75,3.6,2.6666666666666665,3,3.1666666666666665,0.3413610971400255,0.21303817561810445,-1.546689738400186,-0.8309508254868748,-0.5741342972968816,3.2666666666666666,-0.5003580117806731,0.199289,0.102708,0.078864,0.145037,0.59416,-0.754967,-1.03276,-0.966797,0.59416,-0.754967,-1.03276,-0.966797,-4.42562802967509,-2.2365977636111785,-4.618101303778555,-4.919391740773318,-3.0417093690651833,-0.5120788993025818
STU_000195,FSHD 50,2026SP,S03,INST_FSHD50_03,2026SP,20261,FSHD 50__2026SP,FSHD 50__2026SP__S03,1,post,1.7,-1.0805886818231698,3.25,3,3,2.8,2.8333333333333335,-0.6586467502500923,-0.9054122463769394,-0.9020301132509271,-1.205356254901651,-1.214420626003504,3,-1.0826468047834452,0.199289,0.102708,0.078864,0.145037,0.59416,-0.754967,-1.03276,-0.966797,0.59416,-0.754967,-1.03276,-0.966797,-9.494617823598945,-5.18625720667637,-8.496784136148712,-9.826420007097827,-6.196735057048117,-1.0375585591739707
STU_000679,FSHD 50,2026SP,S03,INST_FSHD50_03,2026SP,20261,FSHD 50__2026SP,FSHD 50__2026SP__S03,1,post,2,-0.7033370001179466,3.125,3.4,3.1666666666666665,3.2,2.5,-0.9086487120976218,-0.1597786317135771,-0.5797003006762981,-0.4565453960720986,-1.8547069547101271,3.066666666666667,-0.9370746065327518,0.199289,0.102708,0.078864,0.145037,0.59416,-0.754967,-1.03276,-0.966797,0.59416,-0.754967,-1.03276,-0.966797,-8.550999160189887,-4.3031527475218025,-7.423817604279625,-8.52481945198691,-5.877993226118411,-0.9176861548500902
STU_000345,FSHD 50,2026SP,S03,INST_FSHD50_03,2026SP,20261,FSHD 50__2026SP,FSHD 50__2026SP__S03,1,post,2.3,-0.3260853184127238,3.5,3.4,3.5,3.8,3.6666666666666665,-0.1586428265550334,-0.1597786317135771,0.06495932447296097,0.6666708921722283,0.3862951957630527,3.566666666666667,0.15471688034744646,0.199289,0.102708,0.078864,0.145037,0.59416,-0.754967,-1.03276,-0.966797,0.59416,-0.754967,-1.03276,-0.966797,0.9290592468194566,0.41064720389416287,0.8873509018289621,1.2233591998005333,0.817518651080449,0.1137038169581409
STU_001138,FSHD 50,2026SP,S04,INST_FSHD50_01,2026SP,20261,FSHD 50__2026SP,FSHD 50__2026SP__S04,1,post,2.7,0.17691692386090738,3.875,3.4,3.8333333333333335,3.4,3.8333333333333335,0.5913630589875549,-0.1597786317135771,0.7096189496222199,-0.08213996665732322,0.7064383601163647,3.7,0.4458612768488326,0.199289,0.102708,0.078864,0.145037,0.59416,-0.754967,-1.03276,-0.966797,0.59416,-0.754967,-1.03276,-0.966797,3.9048423544681183,1.7888663659216948,3.518247898555094,3.7632109185527516,2.5789486499477126,0.4135339930839512
STU_000308,FSHD 50,2026SP,S04,INST_FSHD50_01,2026SP,20261,FSHD 50__2026SP,FSHD 50__2026SP__S04,1,post,2,-0.7033370001179466,3.625,3.2,3.1666666666666665,2.8,3,0.09135913529249606,-0.5325954390452579,-0.5797003006762981,-1.205356254901651,-0.8942774616501927,3.2,-0.6459302100313656,0.199289,0.102708,0.078864,0.145037,0.59416,-0.754967,-1.03276,-0.966797,0.59416,-0.754967,-1.03276,-0.966797,-5.6641004941324695,-3.1959486728544193,-5.23416525324355,-6.185745085880192,-3.891772469839305,-0.6390504032142696
STU_000033,FSHD 50,2026SP,S04,INST_FSHD50_01,2026SP,20261,FSHD 50__2026SP,FSHD 50__2026SP__S04,1,post,3.3,0.9314202872713531,3.875,4,4.166666666666667,4.2,3.8333333333333335,0.5913630589875549,0.9586717902814668,1.354278574771479,1.4154817510017808,0.7064383601163647,4,1.100936168976951,0.199289,0.102708,0.078864,0.145037,0.59416,-0.754967,-1.03276,-0.966797,0.59416,-0.754967,-1.03276,-0.966797,9.58246859306232,5.324553274900444,8.770358996319105,10.031212771958161,6.034217055380953,1.0532794500571436
STU_000276,FSHD 50,2026SP,S04,INST_FSHD50_01,2026SP,20261,FSHD 50__2026SP,FSHD 50__2026SP__S04,1,post,2.3,-0.3260853184127238,3.75,3.6,3.5,3.2,3.8333333333333335,0.3413610971400255,0.21303817561810445,0.06495932447296097,-0.4565453960720986,0.7064383601163647,3.6,0.22750297947279274,0.199289,0.102708,0.078864,0.145037,0.59416,-0.754967,-1.03276,-0.966797,0.59416,-0.754967,-1.03276,-0.966797,1.7715960943429732,0.9580338768709168,1.4798944432522376,1.5546315027245985,1.336508153547062,0.18532809213628715
STU_000106,FSHD 50,2026SP,S04,INST_FSHD50_01,2026SP,20261,FSHD 50__2026SP,FSHD 50__2026SP__S04,1,post,3,0.5541686055661302,3.75,3.4,3.5,4.2,3.8333333333333335,0.3413610971400255,-0.1597786317135771,0.06495932447296097,1.4154817510017808,0.7064383601163647,3.7333333333333334,0.5186473759741789,0.199289,0.102708,0.078864,0.145037,0.59416,-0.754967,-1.03276,-0.966797,0.59416,-0.754967,-1.03276,-0.966797,4.472268549544166,2.1403355171899587,3.83437191548701,4.860153131543186,2.971584054370558,0.48738284382429437
STU_000540,FSHD 50,2026SP,S04,INST_FSHD50_01,2026SP,20261,FSHD 50__2026SP,FSHD 50__2026SP__S04,1,post,2.3,-0.3260853184127238,4.25,4,3.8333333333333335,4.2,4,1.3413689445301433,0.9586717902814668,0.7096189496222199,1.4154817510017808,1.0265815244696759,4.066666666666666,1.2465083672276438,0.199289,0.102708,0.078864,0.145037,0.59416,-0.754967,-1.03276,-0.966797,0.59416,-0.754967,-1.03276,-0.966797,11.318458424153008,6.035686159785912,9.7336245673054,11.456227110203468,7.036381252752609,1.208831456868647
STU_000708,FSHD 50,2026SP,S04,INST_FSHD50_01,2026SP,20261,FSHD 50__2026SP,FSHD 50__2026SP__S04,1,post,1,-1.9608426058020236,3,2.4,2.6666666666666665,3.2,2.3333333333333335,-1.1586506739451512,-2.0238626683719834,-1.546689738400186,-0.4565453960720986,-2.1748501190634384,2.7333333333333334,-1.6649355977862175,0.199289,0.102708,0.078864,0.145037,0.59416,-0.754967,-1.03276,-0.966797,0.59416,-0.754967,-1.03276,-0.966797,-14.349802266352773,-8.119312720479897,-12.814485317408362,-14.389012904193644,-9.435534013516369,-1.5589577021349446
STU_000229,FSHD 50,2026SP,S04,INST_FSHD50_01,2026SP,20261,FSHD 50__2026SP,FSHD 50__2026SP__S04,1,post,1.7,-1.0805886818231698,3,2.8,3.3333333333333335,2.6,2.8333333333333335,-1.1586506739451512,-1.278229053708621,-0.25737048810166807,-1.5797616843164264,-1.214420626003504,2.933333333333333,-1.228219003034139,0.199289,0.102708,0.078864,0.145037,0.59416,-0.754967,-1.03276,-0.966797,0.59416,-0.754967,-1.03276,-0.966797,-10.829947599859128,-5.967553797065844,-9.248017609857163,-11.1186897985085,-6.869883085505593,-1.16563072242306
STU_000143,FSHD 50,2026SP,S05,INST_FSHD50_02,2026SP,20261,FSHD 50__2026SP,FSHD 50__2026SP__S05,1,post,2,-0.7033370001179466,3.375,3.4,3.5,3.2,3.6666666666666665,-0.40864478840256285,-0.1597786317135771,0.06495932447296097,-0.4565453960720986,0.3862951957630527,3.433333333333333,-0.13642751615394064,0.199289,0.102708,0.078864,0.145037,0.59416,-0.754967,-1.03276,-0.966797,0.59416,-0.754967,-1.03276,-0.966797,-1.5642055435040771,-0.8153018954368042,-1.1926784451889143,-1.5471201307050737,-0.6140399389555774,-0.15454332129814013
STU_001083,FSHD 50,2026SP,S05,INST_FSHD50_02,2026SP,20261,FSHD 50__2026SP,FSHD 50__2026SP__S05,1,post,2.3,-0.3260853184127238,3.75,3.8,3.6666666666666665,3.8,4.166666666666667,0.3413610971400255,0.5858549829497852,0.38728913704759005,0.6666708921722283,1.3467246888229878,3.8333333333333335,0.7370056733502187,0.199289,0.102708,0.078864,0.145037,0.59416,-0.754967,-1.03276,-0.966797,0.59416,-0.754967,-1.03276,-0.966797,6.432706637645853,3.5248334527729748,5.712951256823034,6.66398360778753,4.529576431356627,0.7085529893506175
STU_000313,FSHD 50,2026SP,S05,INST_FSHD50_02,2026SP,20261,FSHD 50__2026SP,FSHD 50__2026SP__S05,1,post,1.3,-1.5835909240968005,3,3.2,3,2.8,3.3333333333333335,-1.1586506739451512,-0.5325954390452579,-0.9020301132509271,-1.205356254901651,-0.2539911329435696,3.066666666666667,-0.9370746065327518,0.199289,0.102708,0.078864,0.145037,0.59416,-0.754967,-1.03276,-0.966797,0.59416,-0.754967,-1.03276,-0.966797,-8.744744430680973,-4.50883015404898,-7.646214471467068,-8.838729956037515,-5.135735160472338,-0.928616572461229
STU_000801,FSHD 50,2026SP,S05,INST_FSHD50_02,2026SP,20261,FSHD 50__2026SP,FSHD 50__2026SP__S05,1,post,3,0.5541686055661302,4.75,4.2,4.166666666666667,4.2,4.166666666666667,2.3413767919202613,1.3314885976131483,1.354278574771479,1.4154817510017808,1.3467246888229878,4.333333333333333,1.828797160230416,0.199289,0.102708,0.078864,0.145037,0.59416,-0.754967,-1.03276,-0.966797,0.59416,-0.754967,-1.03276,-0.966797,17.319784409643777,9.056170775939965,14.88483004196148,17.171382238230002,10.554095470895149,1.8311782243742578
STU_000721,FSHD 50,2026SP,S05,INST_FSHD50_02,2026SP,20261,FSHD 50__2026SP,FSHD 50__2026SP__S05,1,post,2.3,-0.3260853184127238,3.375,3.4,3,3.2,3.5,-0.40864478840256285,-0.1597786317135771,-0.9020301132509271,-0.4565453960720986,0.06615203140974155,3.3,-0.4275719126553268,0.199289,0.102708,0.078864,0.145037,0.59416,-0.754967,-1.03276,-0.966797,0.59416,-0.754967,-1.03276,-0.966797,-3.962717920881799,-2.0357213710711517,-3.6863131711779378,-4.03591652170518,-2.2399424859253063,-0.4259772320784378
STU_000841,FSHD 50,2026SP,S05,INST_FSHD50_02,2026SP,20261,FSHD 50__2026SP,FSHD 50__2026SP__S05,1,post,1.3,-1.5835909240968005,2.75,3.2,3.3333333333333335,2.8,2.5,-1.65865459764021,-0.5325954390452579,-0.25737048810166807,-1.205356254901651,-1.8547069547101271,2.9,-1.301005102159485,0.199289,0.102708,0.078864,0.145037,0.59416,-0.754967,-1.03276,-0.966797,0.59416,-0.754967,-1.03276,-0.966797,-11.539882850524936,-5.859780998304924,-9.680057584383787,-11.512030275393002,-7.4789199127724055,-1.2215783470488217
STU_000984,FSHD 50,2026SP,S05,INST_FSHD50_02,2026SP,20261,FSHD 50__2026SP,FSHD 50__2026SP__S05,1,post,1.7,-1.0805886818231698,3.75,4.2,4,4.2,3.6666666666666665,0.3413610971400255,1.3314885976131483,1.031948762196849,1.4154817510017808,0.3862951957630527,3.933333333333333,0.9553639707262576,0.199289,0.102708,0.078864,0.145037,0.59416,-0.754967,-1.03276,-0.966797,0.59416,-0.754967,-1.03276,-0.966797,8.195244928654102,4.814803586067566,7.468814505794852,8.690242516943462,5.017998072987699,0.9049944795934924
STU_000525,FSHD 50,2026SP,S06,INST_FSHD50_03,2026SP,20261,FSHD 50__2026SP,FSHD 50__2026SP__S06,1,post,1.7,-1.0805886818231698,3.25,3.4,3.3333333333333335,2.6,3.3333333333333335,-0.6586467502500923,-0.1597786317135771,-0.25737048810166807,-1.5797616843164264,-0.2539911329435696,3.2,-0.6459302100313656,0.199289,0.102708,0.078864,0.145037,0.59416,-0.754967,-1.03276,-0.966797,0.59416,-0.754967,-1.03276,-0.966797,-5.968611745245601,-2.999428067136414,-5.0883247237870295,-6.2711863996095705,-3.52941237041802,-0.6368864187738545
STU_001565,FSHD 50,2026SP,S06,INST_FSHD50_03,2026SP,20261,FSHD 50__2026SP,FSHD 50__2026SP__S06,1,post,2,-0.7033370001179466,3.75,3.2,3.1666666666666665,3.2,3.3333333333333335,0.3413610971400255,-0.5325954390452579,-0.5797003006762981,-0.4565453960720986,-0.2539911329435696,3.3666666666666667,-0.28199971440463323,0.199289,0.102708,0.078864,0.145037,0.59416,-0.754967,-1.03276,-0.966797,0.59416,-0.754967,-1.03276,-0.966797,-2.2204435794219504,-1.4957313990356178,-2.295090325700346,-2.5599341954382697,-1.5436106799561173,-0.2657451224361543
STU_000947,FSHD 50,2026SP,S06,INST_FSHD50_03,2026SP,20261,FSHD 50__2026SP,FSHD 50__2026SP__S06,1,post,3.3,0.9314202872713531,4.375,3.6,3.8333333333333335,4,4.166666666666667,1.5913709063776729,0.21303817561810445,0.7096189496222199,1.0410763215870045,1.3467246888229878,4.033333333333333,1.1737222681022974,0.199289,0.102708,0.078864,0.145037,0.59416,-0.754967,-1.03276,-0.966797,0.59416,-0.754967,-1.03276,-0.966797,10.754804413974078,5.282788963932147,9.181629928535981,10.660458336718019,6.754186099323861,1.1335545909380478
STU_000277,FSHD 50,2026SP,S06,INST_FSHD50_03,2026SP,20261,FSHD 50__2026SP,FSHD 50__2026SP__S06,1,post,1.7,-1.0805886818231698,3.875,3,3,3,3.6666666666666665,0.5913630589875549,-0.9054122463769394,-0.9020301132509271,-0.8309508254868748,0.3862951957630527,3.3666666666666667,-0.28199971440463323,0.199289,0.102708,0.078864,0.145037,0.59416,-0.754967,-1.03276,-0.966797,0.59416,-0.754967,-1.03276,-0.966797,-2.636715589404563,-1.9515219346121282,-2.871802935036445,-3.1835259870463073,-1.5476339396309493,-0.3214466671292517
STU_000274,FSHD 50,2026SP,S06,INST_FSHD50_03,2026SP,20261,FSHD 50__2026SP,FSHD 50__2026SP__S06,1,post,2.3,-0.3260853184127238,3.75,3.4,3.1666666666666665,4,3.6666666666666665,0.3413610971400255,-0.1597786317135771,-0.5797003006762981,1.0410763215870045,0.3862951957630527,3.6,0.22750297947279274,0.199289,0.102708,0.078864,0.145037,0.59416,-0.754967,-1.03276,-0.966797,0.59416,-0.754967,-1.03276,-0.966797,1.9067614634953047,0.8102887591029566,1.329988040184371,2.1121120939666147,1.306379757472718,0.19981320792848595
STU_001324,FSHD 50,2026SP,S06,INST_FSHD50_03,2026SP,20261,FSHD 50__2026SP,FSHD 50__2026SP__S06,1,post,2,-0.7033370001179466,3.25,3.8,3.6666666666666665,3.4,3.6666666666666665,-0.6586467502500923,0.5858549829497852,0.38728913704759005,-0.08213996665732322,0.3862951957630527,3.533333333333333,0.0819307812220992,0.199289,0.102708,0.078864,0.145037,0.59416,-0.754967,-1.03276,-0.966797,0.59416,-0.754967,-1.03276,-0.966797,0.5700069315078231,0.7308853505876156,0.8681224541661423,0.8326916622313687,0.7208722295337682,0.0933385188112046
STU_001436,FSHD 50,2026SP,S06,INST_FSHD50_03,2026SP,20261,FSHD 50__2026SP,FSHD 50__2026SP__S06,1,post,1.7,-1.0805886818231698,3.375,3.2,2.5,3.2,2.8333333333333335,-0.40864478840256285,-0.5325954390452579,-1.869019550974815,-0.4565453960720986,-1.214420626003504,3.033333333333333,-1.009860705658099,0.199289,0.102708,0.078864,0.145037,0.59416,-0.754967,-1.03276,-0.966797,0.59416,-0.754967,-1.03276,-0.966797,-8.99161382921282,-4.82993410103206,-8.484655601463068,-9.197454222824659,-5.942913735876672,-0.9912044269242232
STU_001239,HIST 51,2024SP,S01,INST_HIST51_01,2026SP,20241,HIST 51__2024SP,HIST 51__2024SP__S01,0,pre,3,0.5541686055661302,3.75,4,3.6666666666666665,3.6,4,0.3413610971400255,0.9586717902814668,0.38728913704759005,0.29226546275745297,1.0265815244696759,3.8,0.6642195742248714,0.147226,0.205417,0.361682,0.215388,-0.274022,0.208136,1.734924,1.403353,-0,0,0,0,5.216045971811863,3.1047520274248273,4.637778951866004,5.334773428347808,3.5968487278925827,0.5751665035103023
STU_000690,HIST 51,2024SP,S01,INST_HIST51_01,2026SP,20241,HIST 51__2024SP,HIST 51__2024SP__S01,0,pre,2.7,0.17691692386090738,3.625,3,2.8333333333333335,2.6,2.8333333333333335,0.09135913529249606,-0.9054122463769394,-1.2243599258255562,-1.5797616843164264,-1.214420626003504,3.033333333333333,-1.009860705658099,0.147226,0.205417,0.361682,0.215388,-0.274022,0.208136,1.734924,1.403353,-0,0,0,0,-8.451676114055028,-4.830370780647573,-7.940284729408279,-9.168558133551304,-5.728038272944259,-0.9546726397110447
STU_000348,HIST 51,2024SP,S01,INST_HIST51_01,2026SP,20241,HIST 51__2024SP,HIST 51__2024SP__S01,0,pre,3,0.5541686055661302,3.625,3.4,3.6666666666666665,3.2,3.5,0.09135913529249606,-0.1597786317135771,0.38728913704759005,-0.4565453960720986,0.06615203140974155,3.5,0.009144682096752907,0.147226,0.205417,0.361682,0.215388,-0.274022,0.208136,1.734924,1.403353,-0,0,0,0,-0.11516212650719672,-0.1583607504852366,0.007427444590260747,-0.25927325536372064,-0.07818102285102675,-0.015603571186616125
STU_000774,HIST 51,2024SP,S01,INST_HIST51_01,2026SP,20241,HIST 51__2024SP,HIST 51__2024SP__S01,0,pre,3.3,0.9314202872713531,3.25,3.2,3.3333333333333335,3.6,3.3333333333333335,-0.6586467502500923,-0.5325954390452579,-0.25737048810166807,0.29226546275745297,-0.2539911329435696,3.3333333333333335,-0.3547858135299795,0.147226,0.205417,0.361682,0.215388,-0.274022,0.208136,1.734924,1.403353,-0,0,0,0,-3.3731726720261697,-1.8664694398864847,-2.8320040167145324,-3.100699201457761,-2.004809327981654,-0.3479286412129143
STU_001546,HIST 51,2024SP,S01,INST_HIST51_01,2026SP,20241,HIST 51__2024SP,HIST 51__2024SP__S01,0,pre,2.3,-0.3260853184127238,3.5,3.2,3.3333333333333335,2.8,3.1666666666666665,-0.1586428265550334,-0.5325954390452579,-0.25737048810166807,-1.205356254901651,-0.5741342972968816,3.2333333333333334,-0.5731441109060194,0.147226,0.205417,0.361682,0.215388,-0.274022,0.208136,1.734924,1.403353,-0,0,0,0,-5.059519027764708,-2.8507602956737084,-4.499506552715107,-5.471785011808039,-3.2826320738783896,-0.5605608300047703
STU_000766,HIST 51,2024SP,S01,INST_HIST51_01,2026SP,20241,HIST 51__2024SP,HIST 51__2024SP__S01,0,pre,2.7,0.17691692386090738,3.5,4.4,3.8333333333333335,3.2,3.5,-0.1586428265550334,1.7043054049448298,0.7096189496222199,-0.4565453960720986,0.06615203140974155,3.6666666666666665,0.3730751777234853,0.147226,0.205417,0.361682,0.215388,-0.274022,0.208136,1.734924,1.403353,-0,0,0,0,3.019399783207977,2.4678886687443726,3.023139622151007,3.0394143697220124,1.907099250375757,0.3484052806192045
STU_000365,HIST 51,2024SP,S01,INST_HIST51_01,2026SP,20241,HIST 51__2024SP,HIST 51__2024SP__S01,0,pre,3.3,0.9314202872713531,3.75,3.4,3.8333333333333335,4,3.8333333333333335,0.3413610971400255,-0.1597786317135771,0.7096189496222199,1.0410763215870045,0.7064383601163647,3.7666666666666666,0.5914334750995252,0.147226,0.205417,0.361682,0.215388,-0.274022,0.208136,1.734924,1.403353,-0,0,0,0,5.159945653121019,2.5009317043750845,4.688699980789181,5.464799727916405,3.366724242478259,0.5643987701937448
STU_001549,HIST 51,2024SP,S02,INST_HIST51_02,2026SP,20241,HIST 51__2024SP,HIST 51__2024SP__S02,0,pre,4,1.8116742112502071,3.875,4.4,4.333333333333333,4.2,4.5,0.5913630589875549,1.7043054049448298,1.6766083873461073,1.4154817510017808,1.98701101752961,4.233333333333333,1.610438862854377,0.147226,0.205417,0.361682,0.215388,-0.274022,0.208136,1.734924,1.403353,-0,0,0,0,14.313908793542739,8.106761666872888,13.037528252972525,14.864643703103036,9.531903038364934,1.580443559033618
STU_000128,HIST 51,2024SP,S02,INST_HIST51_02,2026SP,20241,HIST 51__2024SP,HIST 51__2024SP__S02,0,pre,1.7,-1.0805886818231698,2.75,3,2.8333333333333335,1.8,2.3333333333333335,-1.65865459764021,-0.9054122463769394,-1.2243599258255562,-3.07738340197553,-2.1748501190634384,2.566666666666667,-2.02886609341295,0.147226,0.205417,0.361682,0.215388,-0.274022,0.208136,1.734924,1.403353,-0,0,0,0,-17.65848529962553,-9.165003049473905,-15.401616703227603,-18.293273110725973,-11.28530042733382,-1.9067117021037256
STU_000225,HIST 51,2024SP,S02,INST_HIST51_02,2026SP,20241,HIST 51__2024SP,HIST 51__2024SP__S02,0,pre,2.3,-0.3260853184127238,3.125,3.2,3.6666666666666665,2.8,3,-0.9086487120976218,-0.5325954390452579,0.38728913704759005,-1.205356254901651,-0.8942774616501927,3.1666666666666665,-0.7187163091567129,0.147226,0.205417,0.361682,0.215388,-0.274022,0.208136,1.734924,1.403353,-0,0,0,0,-6.53974067653202,-3.44554049829966,-5.281598716057534,-6.66956371295915,-4.165735908113097,-0.6919460467248046
STU_000573,HIST 51,2024SP,S02,INST_HIST51_02,2026SP,20241,HIST 51__2024SP,HIST 51__2024SP__S02,0,pre,2.7,0.17691692386090738,3.5,4,3.1666666666666665,2.8,3,-0.1586428265550334,0.9586717902814668,-0.5797003006762981,-1.205356254901651,-0.8942774616501927,3.3,-0.4275719126553268,0.147226,0.205417,0.361682,0.215388,-0.274022,0.208136,1.734924,1.403353,-0,0,0,0,-3.790430113891028,-1.391766317335262,-3.4949124820804123,-4.154960885667488,-2.7113576741568735,-0.4175694358270434
STU_000693,HIST 51,2024SP,S02,INST_HIST51_02,2026SP,20241,HIST 51__2024SP,HIST 51__2024SP__S02,0,pre,1.7,-1.0805886818231698,3.375,3.2,2.3333333333333335,3.2,2.8333333333333335,-0.40864478840256285,-0.5325954390452579,-2.191349363549444,-0.4565453960720986,-1.214420626003504,3,-1.0826468047834452,0.147226,0.205417,0.361682,0.215388,-0.274022,0.208136,1.734924,1.403353,-0,0,0,0,-9.486410764881123,-5.052156309550312,-9.054044459689928,-9.712019538080991,-6.237323976913696,-1.0474476588978037
STU_000257,HIST 51,2024SP,S02,INST_HIST51_02,2026SP,20241,HIST 51__2024SP,HIST 51__2024SP__S02,0,pre,4,1.8116742112502071,3.625,3.4,3.6666666666666665,4.2,3.8333333333333335,0.09135913529249606,-0.1597786317135771,0.38728913704759005,1.4154817510017808,0.7064383601163647,3.7333333333333334,0.5186473759741789,0.147226,0.205417,0.361682,0.215388,-0.274022,0.208136,1.734924,1.403353,-0,0,0,0,4.362472948447373,2.1196385004362797,3.9727121159693857,4.846580447952494,2.9597701833726284,0.48676097806752366
STU_001040,HIST 51,2024SP,S03,INST_HIST51_03,2026SP,20241,HIST 51__2024SP,HIST 51__2024SP__S03,0,pre,2.3,-0.3260853184127238,3.25,3.4,3.3333333333333335,3.4,3.3333333333333335,-0.6586467502500923,-0.1597786317135771,-0.25737048810166807,-0.08213996665732322,-0.2539911329435696,3.3333333333333335,-0.3547858135299795,0.147226,0.205417,0.361682,0.215388,-0.274022,0.208136,1.734924,1.403353,-0,0,0,0,-3.471435663153499,-1.7367435731479852,-2.9264071781245176,-3.3044937855366143,-2.063417195802308,-0.35887830566717754
STU_000591,HIST 51,2024SP,S03,INST_HIST51_03,2026SP,20241,HIST 51__2024SP,HIST 51__2024SP__S03,0,pre,3.3,0.9314202872713531,4.25,3.8,3.8333333333333335,3.4,4,1.3413689445301433,0.5858549829497852,0.7096189496222199,-0.08213996665732322,1.0265815244696759,3.9,0.8825778716009113,0.147226,0.205417,0.361682,0.215388,-0.274022,0.208136,1.734924,1.403353,-0,0,0,0,8.04178913172506,4.134676243120074,6.877597386291932,7.6705142025819075,5.032586041136153,0.8412557196265422
STU_000049,HIST 51,2024SP,S03,INST_HIST51_03,2026SP,20241,HIST 51__2024SP,HIST 51__2024SP__S03,0,pre,3.3,0.9314202872713531,4.25,3.6,3.8333333333333335,3.8,4.166666666666667,1.3413689445301433,0.21303817561810445,0.7096189496222199,0.6666708921722283,1.3467246888229878,3.966666666666667,1.0281500698516048,0.147226,0.205417,0.361682,0.215388,-0.274022,0.208136,1.734924,1.403353,-0,0,0,0,9.06587529882179,4.470518617730244,7.75630886651635,8.931992654462817,5.805304187531955,0.9567407836073364
STU_000448,HIST 51,2024SP,S03,INST_HIST51_03,2026SP,20241,HIST 51__2024SP,HIST 51__2024SP__S03,0,pre,2.7,0.17691692386090738,3.25,3.6,2.8333333333333335,2.6,3.1666666666666665,-0.6586467502500923,0.21303817561810445,-1.2243599258255562,-1.5797616843164264,-0.5741342972968816,3.1,-0.8642885074074055,0.147226,0.205417,0.361682,0.215388,-0.274022,0.208136,1.734924,1.403353,-0,0,0,0,-8.048519605771075,-3.8882225648244337,-7.309491160792687,-8.42208090299585,-4.9931704869823195,-0.8718561051117777
STU_001078,HIST 51,2024SP,S03,INST_HIST51_03,2026SP,20241,HIST 51__2024SP,HIST 51__2024SP__S03,0,pre,3,0.5541686055661302,3.625,3.2,3.6666666666666665,4,3.6666666666666665,0.09135913529249606,-0.5325954390452579,0.38728913704759005,1.0410763215870045,0.3862951957630527,3.6333333333333333,0.300289078598139,0.147226,0.205417,0.361682,0.215388,-0.274022,0.208136,1.734924,1.403353,-0,0,0,0,2.6191806570562832,1.054642631992259,2.409579891911734,2.95433717986499,1.7423905629225327,0.2900081502709639
STU_000477,HIST 51,2024SP,S03,INST_HIST51_03,2026SP,20241,HIST 51__2024SP,HIST 51__2024SP__S03,0,pre,2.7,0.17691692386090738,3.375,3.6,2.6666666666666665,3,3.1666666666666665,-0.40864478840256285,0.21303817561810445,-1.546689738400186,-0.8309508254868748,-0.5741342972968816,3.1666666666666665,-0.7187163091567129,0.147226,0.205417,0.361682,0.215388,-0.274022,0.208136,1.734924,1.403353,-0,0,0,0,-6.69196145059309,-3.256399921536409,-6.324207904258654,-6.9122962399795425,-4.213720265975099,-0.7303903274433056
STU_000060,HIST 51,2024SP,S03,INST_HIST51_03,2026SP,20241,HIST 51__2024SP,HIST 51__2024SP__S03,0,pre,2.3,-0.3260853184127238,3.625,3.4,3.6666666666666665,3.4,3,0.09135913529249606,-0.1597786317135771,0.38728913704759005,-0.08213996665732322,-0.8942774616501927,3.433333333333333,-0.13642751615394064,0.147226,0.205417,0.361682,0.215388,-0.274022,0.208136,1.734924,1.403353,-0,0,0,0,-1.522426052778938,-0.8989803717039585,-1.213895036074258,-1.6071982254216834,-1.4294243147652455,-0.172852627054309
STU_001280,HIST 51,2024F,S01,INST_HIST51_01,2026SP,20243,HIST 51__2024F,HIST 51__2024F__S01,0,pre,2.7,0.17691692386090738,4.125,5,4.166666666666667,4.4,4,1.0913669826826138,2.822755826939873,1.354278574771479,1.789887180416557,1.0265815244696759,4.3,1.7560110611050697,0.147226,0.205417,0.361682,0.215388,-0.274022,0.208136,1.734924,1.403353,-0,0,0,0,15.976460869531282,9.464153923298413,14.185484833186633,16.466074361546227,9.86733748696562,1.742137461499902
STU_001185,HIST 51,2024F,S01,INST_HIST51_01,2026SP,20243,HIST 51__2024F,HIST 51__2024F__S01,0,pre,2.3,-0.3260853184127238,3.25,3.6,3.1666666666666665,3.6,3.5,-0.6586467502500923,0.21303817561810445,-0.5797003006762981,0.29226546275745297,0.06615203140974155,3.4,-0.20921361527928692,0.147226,0.205417,0.361682,0.215388,-0.274022,0.208136,1.734924,1.403353,-0,0,0,0,-2.102511254956153,-0.848449378019754,-1.835694890978003,-1.804466990524626,-1.058043876744305,-0.20583778374435968
STU_000217,HIST 51,2024F,S01,INST_HIST51_01,2026SP,20243,HIST 51__2024F,HIST 51__2024F__S01,0,pre,2,-0.7033370001179466,4,4.2,4,3.4,4.333333333333333,0.8413650208350845,1.3314885976131483,1.031948762196849,-0.08213996665732322,1.6668678531762982,4,1.100936168976951,0.147226,0.205417,0.361682,0.215388,-0.274022,0.208136,1.734924,1.403353,-0,0,0,0,10.053284492509155,5.673851367583298,8.965068808747708,9.944663519826651,6.746362739649362,1.0899738559891632
STU_001243,HIST 51,2024F,S01,INST_HIST51_01,2026SP,20243,HIST 51__2024F,HIST 51__2024F__S01,0,pre,2.7,0.17691692386090738,3.5,3.6,3.8333333333333335,3.4,3.5,-0.1586428265550334,0.21303817561810445,0.7096189496222199,-0.08213996665732322,0.06615203140974155,3.566666666666667,0.15471688034744646,0.147226,0.205417,0.361682,0.215388,-0.274022,0.208136,1.734924,1.403353,-0,0,0,0,1.1945162828064715,0.7229534058011818,1.3748279312721254,1.2654963395711099,0.7641802209478806,0.14064556877770537
STU_000735,HIST 51,2024F,S01,INST_HIST51_01,2026SP,20243,HIST 51__2024F,HIST 51__2024F__S01,0,pre,2.3,-0.3260853184127238,3.25,3.2,3.3333333333333335,3.4,3.5,-0.6586467502500923,-0.5325954390452579,-0.25737048810166807,-0.08213996665732322,0.06615203140974155,3.3333333333333335,-0.3547858135299795,0.147226,0.205417,0.361682,0.215388,-0.274022,0.208136,1.734924,1.403353,-0,0,0,0,-3.3490785574575073,-1.8677011453279635,-2.8015650427778187,-3.192733827024759,-1.8281620094371183,-0.34584227166177395
STU_000784,HIST 51,2024F,S01,INST_HIST51_01,2026SP,20243,HIST 51__2024F,HIST 51__2024F__S01,0,pre,2.3,-0.3260853184127238,3.625,3.8,3.6666666666666665,3.8,4.166666666666667,0.09135913529249606,0.5858549829497852,0.38728913704759005,0.6666708921722283,1.3467246888229878,3.8,0.6642195742248714,0.147226,0.205417,0.361682,0.215388,-0.274022,0.208136,1.734924,1.403353,-0,0,0,0,5.523213769901583,3.1037886910087646,4.994226083910133,5.839292571385409,4.006391014623567,0.6180200775827294
STU_000870,HIST 51,2024F,S02,INST_HIST51_02,2026SP,20243,HIST 51__2024F,HIST 51__2024F__S02,0,pre,2,-0.7033370001179466,3.875,2.8,3.5,3.8,3.3333333333333335,0.5913630589875549,-1.278229053708621,0.06495932447296097,0.6666708921722283,-0.2539911329435696,3.5,0.009144682096752907,0.147226,0.205417,0.361682,0.215388,-0.274022,0.208136,1.734924,1.403353,-0,0,0,0,-0.1101841581445347,-0.8600224651872523,-0.27527063425724285,-0.16796824362813004,-0.37014574759179836,-0.037597123215691274
STU_000199,HIST 51,2024F,S02,INST_HIST51_02,2026SP,20243,HIST 51__2024F,HIST 51__2024F__S02,0,pre,3,0.5541686055661302,2.875,3,3.3333333333333335,3,3.3333333333333335,-1.4086526357926807,-0.9054122463769394,-0.25737048810166807,-0.8309508254868748,-0.2539911329435696,3.1,-0.8642885074074055,0.147226,0.205417,0.361682,0.215388,-0.274022,0.208136,1.734924,1.403353,-0,0,0,0,-7.9971850824023845,-4.286902044283986,-6.627802026173107,-7.8492923902011515,-4.596263868805305,-0.8327731135589324
STU_000305,HIST 51,2024F,S02,INST_HIST51_02,2026SP,20243,HIST 51__2024F,HIST 51__2024F__S02,0,pre,2,-0.7033370001179466,3.125,3.4,3,3.6,3.6666666666666665,-0.9086487120976218,-0.1597786317135771,-0.9020301132509271,0.29226546275745297,0.3862951957630527,3.3333333333333335,-0.3547858135299795,0.147226,0.205417,0.361682,0.215388,-0.274022,0.208136,1.734924,1.403353,-0,0,0,0,-3.80022534997238,-1.8377738574642652,-3.3277075268614857,-3.4016404502424895,-1.8437145879421102,-0.3804236420435027
STU_001552,HIST 51,2024F,S02,INST_HIST51_02,2026SP,20243,HIST 51__2024F,HIST 51__2024F__S02,0,pre,0,-3.2183482114861004,3.5,3.4,3.6666666666666665,2.8,3.3333333333333335,-0.1586428265550334,-0.1597786317135771,0.38728913704759005,-1.205356254901651,-0.2539911329435696,3.3666666666666667,-0.28199971440463323,0.147226,0.205417,0.361682,0.215388,-0.274022,0.208136,1.734924,1.403353,-0,0,0,0,-2.4327091061640513,-1.236738661131317,-1.9382332821088437,-2.756571494865361,-1.5532584127694886,-0.264614737892547
STU_001024,HIST 51,2024F,S02,INST_HIST51_02,2026SP,20243,HIST 51__2024F,HIST 51__2024F__S02,0,pre,2.7,0.17691692386090738,3.875,3.8,4,4,3.6666666666666665,0.5913630589875549,0.5858549829497852,1.031948762196849,1.0410763215870045,0.3862951957630527,3.8666666666666667,0.809791772475565,0.147226,0.205417,0.361682,0.215388,-0.274022,0.208136,1.734924,1.403353,-0,0,0,0,7.033766270095788,3.7810392247041382,6.3651467082458515,7.2718147117244785,4.277119221573098,0.7632474263141037
STU_000179,HIST 51,2024F,S02,INST_HIST51_02,2026SP,20243,HIST 51__2024F,HIST 51__2024F__S02,0,pre,2.7,0.17691692386090738,3.625,3.8,4,3.2,3,0.09135913529249606,0.5858549829497852,1.031948762196849,-0.4565453960720986,-0.8942774616501927,3.533333333333333,0.0819307812220992,0.147226,0.205417,0.361682,0.215388,-0.274022,0.208136,1.734924,1.403353,-0,0,0,0,0.7030020243813635,0.6306580401314823,0.9692752396820714,0.552359855251305,-0.07230006251229985,0.07444341508689285
STU_000549,HIST 51,2024F,S02,INST_HIST51_02,2026SP,20243,HIST 51__2024F,HIST 51__2024F__S02,0,pre,2.3,-0.3260853184127238,3.25,3,3.1666666666666665,2.4,3.3333333333333335,-0.6586467502500923,-0.9054122463769394,-0.5797003006762981,-1.9541671137312024,-0.2539911329435696,3.066666666666667,-0.9370746065327518,0.147226,0.205417,0.361682,0.215388,-0.274022,0.208136,1.734924,1.403353,-0,0,0,0,-8.067023777657532,-4.478675388569251,-7.091679749295318,-8.580821106864201,-4.810375119429523,-0.8777508039459448
STU_001050,HIST 51,2024F,S03,INST_HIST51_03,2026SP,20243,HIST 51__2024F,HIST 51__2024F__S03,0,pre,3.7,1.4344225295449842,3.5,3,3.1666666666666665,3.6,3.6666666666666665,-0.1586428265550334,-0.9054122463769394,-0.5797003006762981,0.29226546275745297,0.3862951957630527,3.4,-0.20921361527928692,0.147226,0.205417,0.361682,0.215388,-0.274022,0.208136,1.734924,1.403353,-0,0,0,0,-1.971527916323933,-1.4387988944061456,-1.8962156072496053,-1.8771779198896625,-0.9248838007865069,-0.21295857688539013
STU_001199,HIST 51,2024F,S03,INST_HIST51_03,2026SP,20243,HIST 51__2024F,HIST 51__2024F__S03,0,pre,3,0.5541686055661302,3.25,3.2,3.1666666666666665,2.8,2.8333333333333335,-0.6586467502500923,-0.5325954390452579,-0.5797003006762981,-1.205356254901651,-1.214420626003504,3.066666666666667,-0.9370746065327518,0.147226,0.205417,0.361682,0.215388,-0.274022,0.208136,1.734924,1.403353,-0,0,0,0,-8.399346335029293,-4.485086777229968,-7.388120563279878,-8.694446338274378,-5.530686219060485,-0.9136523340959289
STU_000219,HIST 51,2024F,S03,INST_HIST51_03,2026SP,20243,HIST 51__2024F,HIST 51__2024F__S03,0,pre,3,0.5541686055661302,3.75,3.6,3.6666666666666665,2.8,3.3333333333333335,0.3413610971400255,0.21303817561810445,0.38728913704759005,-1.205356254901651,-0.2539911329435696,3.466666666666667,-0.06364141702859338,0.147226,0.205417,0.361682,0.215388,-0.274022,0.208136,1.734924,1.403353,-0,0,0,0,-0.5180672865743986,-0.23368130468560247,-0.44112211348833125,-1.0160942488246538,-0.5089470974988451,-0.0734868020440169
STU_000378,HIST 51,2024F,S03,INST_HIST51_03,2026SP,20243,HIST 51__2024F,HIST 51__2024F__S03,0,pre,2.7,0.17691692386090738,4.25,4.2,4.333333333333333,4.4,3.6666666666666665,1.3413689445301433,1.3314885976131483,1.6766083873461073,1.789887180416557,0.3862951957630527,4.166666666666667,1.4648666646036845,0.147226,0.205417,0.361682,0.215388,-0.274022,0.208136,1.734924,1.403353,-0,0,0,0,13.2958329829508,7.2355643285893505,11.859784118416306,13.591023266960129,7.839577831092535,1.4299592749402021
STU_000868,HIST 51,2024F,S03,INST_HIST51_03,2026SP,20243,HIST 51__2024F,HIST 51__2024F__S03,0,pre,3,0.5541686055661302,3.5,3.4,3.3333333333333335,3.2,3.1666666666666665,-0.1586428265550334,-0.1597786317135771,-0.25737048810166807,-0.4565453960720986,-0.5741342972968816,3.3333333333333335,-0.3547858135299795,0.147226,0.205417,0.361682,0.215388,-0.274022,0.208136,1.734924,1.403353,-0,0,0,0,-3.3813774655747393,-1.791600418368304,-3.0185457714129074,-3.520334900731567,-2.2935662675208954,-0.3707120907319308
STU_000098,HIST 51,2024F,S03,INST_HIST51_03,2026SP,20243,HIST 51__2024F,HIST 51__2024F__S03,0,pre,2.3,-0.3260853184127238,3,2.8,2.8333333333333335,2.8,2.6666666666666665,-1.1586506739451512,-1.278229053708621,-1.2243599258255562,-1.205356254901651,-1.534563790356816,2.8333333333333335,-1.4465773004101776,0.147226,0.205417,0.361682,0.215388,-0.274022,0.208136,1.734924,1.403353,-0,0,0,0,-12.871594963992882,-7.004712610589951,-11.384494074068567,-13.068385382092018,-8.263419868166933,-1.3919343594934535
STU_001298,HIST 51,2024F,S04,INST_HIST51_02,2026SP,20243,HIST 51__2024F,HIST 51__2024F__S04,0,pre,4,1.8116742112502071,3.875,4.4,4.333333333333333,4.2,4.5,0.5913630589875549,1.7043054049448298,1.6766083873461073,1.4154817510017808,1.98701101752961,4.233333333333333,1.610438862854377,0.147226,0.205417,0.361682,0.215388,-0.274022,0.208136,1.734924,1.403353,-0,0,0,0,14.313908793542739,8.106761666872888,13.037528252972525,14.864643703103036,9.531903038364934,1.580443559033618
STU_000976,HIST 51,2024F,S04,INST_HIST51_02,2026SP,20243,HIST 51__2024F,HIST 51__2024F__S04,0,pre,4,1.8116742112502071,3.875,4.4,4.333333333333333,4.2,4.5,0.5913630589875549,1.7043054049448298,1.6766083873461073,1.4154817510017808,1.98701101752961,4.233333333333333,1.610438862854377,0.147226,0.205417,0.361682,0.215388,-0.274022,0.208136,1.734924,1.403353,-0,0,0,0,14.313908793542739,8.106761666872888,13.037528252972525,14.864643703103036,9.531903038364934,1.580443559033618
STU_001042,HIST 51,2024F,S04,INST_HIST51_02,2026SP,20243,HIST 51__2024F,HIST 51__2024F__S04,0,pre,2.7,0.17691692386090738,3.875,3.8,4,4,3.6666666666666665,0.5913630589875549,0.5858549829497852,1.031948762196849,1.0410763215870045,0.3862951957630527,3.8666666666666667,0.809791772475565,0.147226,0.205417,0.361682,0.215388,-0.274022,0.208136,1.734924,1.403353,-0,0,0,0,7.033766270095788,3.7810392247041382,6.3651467082458515,7.2718147117244785,4.277119221573098,0.7632474263141037
STU_000932,HIST 51,2024F,S04,INST_HIST51_01,2026SP,20243,HIST 51__2024F,HIST 51__2024F__S04,0,pre,2.3,-0.3260853184127238,3.5,3.2,3.3333333333333335,2.8,3.1666666666666665,-0.1586428265550334,-0.5325954390452579,-0.25737048810166807,-1.205356254901651,-0.5741342972968816,3.2333333333333334,-0.5731441109060194,0.147226,0.205417,0.361682,0.215388,-0.274022,0.208136,1.734924,1.403353,-0,0,0,0,-5.059519027764708,-2.8507602956737084,-4.499506552715107,-5.471785011808039,-3.2826320738783896,-0.5605608300047703
STU_000275,HIST 51,2024F,S04,INST_HIST51_01,2026SP,20243,HIST 51__2024F,HIST 51__2024F__S04,0,pre,2.7,0.17691692386090738,3.625,3,2.8333333333333335,2.6,2.8333333333333335,0.09135913529249606,-0.9054122463769394,-1.2243599258255562,-1.5797616843164264,-1.214420626003504,3.033333333333333,-1.009860705658099,0.147226,0.205417,0.361682,0.215388,-0.274022,0.208136,1.734924,1.403353,-0,0,0,0,-8.451676114055028,-4.830370780647573,-7.940284729408279,-9.168558133551304,-5.728038272944259,-0.9546726397110447
STU_000198,HIST 51,2024F,S04,INST_HIST51_01,2026SP,20243,HIST 51__2024F,HIST 51__2024F__S04,0,pre,2.3,-0.3260853184127238,3.25,3.2,3.3333333333333335,3.4,3.5,-0.6586467502500923,-0.5325954390452579,-0.25737048810166807,-0.08213996665732322,0.06615203140974155,3.3333333333333335,-0.3547858135299795,0.147226,0.205417,0.361682,0.215388,-0.274022,0.208136,1.734924,1.403353,-0,0,0,0,-3.3490785574575073,-1.8677011453279635,-2.8015650427778187,-3.192733827024759,-1.8281620094371183,-0.34584227166177395
STU_001451,HIST 51,2024F,S04,INST_HIST51_03,2026SP,20243,HIST 51__2024F,HIST 51__2024F__S04,0,pre,3,0.5541686055661302,3.25,3.2,3.1666666666666665,2.8,2.8333333333333335,-0.6586467502500923,-0.5325954390452579,-0.5797003006762981,-1.205356254901651,-1.214420626003504,3.066666666666667,-0.9370746065327518,0.147226,0.205417,0.361682,0.215388,-0.274022,0.208136,1.734924,1.403353,-0,0,0,0,-8.399346335029293,-4.485086777229968,-7.388120563279878,-8.694446338274378,-5.530686219060485,-0.9136523340959289
STU_001443,HIST 51,2024F,S04,INST_HIST51_02,2026SP,20243,HIST 51__2024F,HIST 51__2024F__S04,0,pre,2.7,0.17691692386090738,3.625,3.8,4,3.2,3,0.09135913529249606,0.5858549829497852,1.031948762196849,-0.4565453960720986,-0.8942774616501927,3.533333333333333,0.0819307812220992,0.147226,0.205417,0.361682,0.215388,-0.274022,0.208136,1.734924,1.403353,-0,0,0,0,0.7030020243813635,0.6306580401314823,0.9692752396820714,0.552359855251305,-0.07230006251229985,0.07444341508689285
STU_001152,HIST 51,2024F,S05,INST_HIST51_02,2026SP,20243,HIST 51__2024F,HIST 51__2024F__S05,0,pre,4,1.8116742112502071,3.875,4.4,4.333333333333333,4.2,4.5,0.5913630589875549,1.7043054049448298,1.6766083873461073,1.4154817510017808,1.98701101752961,4.233333333333333,1.610438862854377,0.147226,0.205417,0.361682,0.215388,-0.274022,0.208136,1.734924,1.403353,-0,0,0,0,14.313908793542739,8.106761666872888,13.037528252972525,14.864643703103036,9.531903038364934,1.580443559033618
STU_001142,HIST 51,2024F,S05,INST_HIST51_01,2026SP,20243,HIST 51__2024F,HIST 51__2024F__S05,0,pre,2.3,-0.3260853184127238,3.25,3.6,3.1666666666666665,3.6,3.5,-0.6586467502500923,0.21303817561810445,-0.5797003006762981,0.29226546275745297,0.06615203140974155,3.4,-0.20921361527928692,0.147226,0.205417,0.361682,0.215388,-0.274022,0.208136,1.734924,1.403353,-0,0,0,0,-2.102511254956153,-0.848449378019754,-1.835694890978003,-1.804466990524626,-1.058043876744305,-0.20583778374435968
STU_000193,HIST 51,2024F,S05,INST_HIST51_02,2026SP,20243,HIST 51__2024F,HIST 51__2024F__S05,0,pre,2,-0.7033370001179466,3.875,2.8,3.5,3.8,3.3333333333333335,0.5913630589875549,-1.278229053708621,0.06495932447296097,0.6666708921722283,-0.2539911329435696,3.5,0.009144682096752907,0.147226,0.205417,0.361682,0.215388,-0.274022,0.208136,1.734924,1.403353,-0,0,0,0,-0.1101841581445347,-0.8600224651872523,-0.27527063425724285,-0.16796824362813004,-0.37014574759179836,-0.037597123215691274
STU_000613,HIST 51,2024F,S05,INST_HIST51_02,2026SP,20243,HIST 51__2024F,HIST 51__2024F__S05,0,pre,3,0.5541686055661302,2.875,3,3.3333333333333335,3,3.3333333333333335,-1.4086526357926807,-0.9054122463769394,-0.25737048810166807,-0.8309508254868748,-0.2539911329435696,3.1,-0.8642885074074055,0.147226,0.205417,0.361682,0.215388,-0.274022,0.208136,1.734924,1.403353,-0,0,0,0,-7.9971850824023845,-4.286902044283986,-6.627802026173107,-7.8492923902011515,-4.596263868805305,-0.8327731135589324
STU_001502,HIST 51,2024F,S05,INST_HIST51_03,2026SP,20243,HIST 51__2024F,HIST 51__2024F__S05,0,pre,3.3,0.9314202872713531,4.25,3.6,3.8333333333333335,3.8,4.166666666666667,1.3413689445301433,0.21303817561810445,0.7096189496222199,0.6666708921722283,1.3467246888229878,3.966666666666667,1.0281500698516048,0.147226,0.205417,0.361682,0.215388,-0.274022,0.208136,1.734924,1.403353,-0,0,0,0,9.06587529882179,4.470518617730244,7.75630886651635,8.931992654462817,5.805304187531955,0.9567407836073364
STU_000452,HIST 51,2024F,S05,INST_HIST51_02,2026SP,20243,HIST 51__2024F,HIST 51__2024F__S05,0,pre,2.3,-0.3260853184127238,3.125,3.2,3.6666666666666665,2.8,3,-0.9086487120976218,-0.5325954390452579,0.38728913704759005,-1.205356254901651,-0.8942774616501927,3.1666666666666665,-0.7187163091567129,0.147226,0.205417,0.361682,0.215388,-0.274022,0.208136,1.734924,1.403353,-0,0,0,0,-6.53974067653202,-3.44554049829966,-5.281598716057534,-6.66956371295915,-4.165735908113097,-0.6919460467248046
STU_001480,HIST 51,2024F,S05,INST_HIST51_02,2026SP,20243,HIST 51__2024F,HIST 51__2024F__S05,0,pre,1.7,-1.0805886818231698,3.375,3.2,2.3333333333333335,3.2,2.8333333333333335,-0.40864478840256285,-0.5325954390452579,-2.191349363549444,-0.4565453960720986,-1.214420626003504,3,-1.0826468047834452,0.147226,0.205417,0.361682,0.215388,-0.274022,0.208136,1.734924,1.403353,-0,0,0,0,-9.486410764881123,-5.052156309550312,-9.054044459689928,-9.712019538080991,-6.237323976913696,-1.0474476588978037
STU_000286,HIST 51,2024F,S06,INST_HIST51_02,2026SP,20243,HIST 51__2024F,HIST 51__2024F__S06,0,pre,2.7,0.17691692386090738,3.5,4,3.1666666666666665,2.8,3,-0.1586428265550334,0.9586717902814668,-0.5797003006762981,-1.205356254901651,-0.8942774616501927,3.3,-0.4275719126553268,0.147226,0.205417,0.361682,0.215388,-0.274022,0.208136,1.734924,1.403353,-0,0,0,0,-3.790430113891028,-1.391766317335262,-3.4949124820804123,-4.154960885667488,-2.7113576741568735,-0.4175694358270434
STU_000642,HIST 51,2024F,S06,INST_HIST51_03,2026SP,20243,HIST 51__2024F,HIST 51__2024F__S06,0,pre,2.7,0.17691692386090738,3.25,3.6,2.8333333333333335,2.6,3.1666666666666665,-0.6586467502500923,0.21303817561810445,-1.2243599258255562,-1.5797616843164264,-0.5741342972968816,3.1,-0.8642885074074055,0.147226,0.205417,0.361682,0.215388,-0.274022,0.208136,1.734924,1.403353,-0,0,0,0,-8.048519605771075,-3.8882225648244337,-7.309491160792687,-8.42208090299585,-4.9931704869823195,-0.8718561051117777
STU_000882,HIST 51,2024F,S06,INST_HIST51_03,2026SP,20243,HIST 51__2024F,HIST 51__2024F__S06,0,pre,3.3,0.9314202872713531,4.25,3.8,3.8333333333333335,3.4,4,1.3413689445301433,0.5858549829497852,0.7096189496222199,-0.08213996665732322,1.0265815244696759,3.9,0.8825778716009113,0.147226,0.205417,0.361682,0.215388,-0.274022,0.208136,1.734924,1.403353,-0,0,0,0,8.04178913172506,4.134676243120074,6.877597386291932,7.6705142025819075,5.032586041136153,0.8412557196265422
STU_000782,HIST 51,2024F,S06,INST_HIST51_01,2026SP,20243,HIST 51__2024F,HIST 51__2024F__S06,0,pre,2,-0.7033370001179466,4,4.2,4,3.4,4.333333333333333,0.8413650208350845,1.3314885976131483,1.031948762196849,-0.08213996665732322,1.6668678531762982,4,1.100936168976951,0.147226,0.205417,0.361682,0.215388,-0.274022,0.208136,1.734924,1.403353,-0,0,0,0,10.053284492509155,5.673851367583298,8.965068808747708,9.944663519826651,6.746362739649362,1.0899738559891632
STU_001010,HIST 51,2024F,S06,INST_HIST51_01,2026SP,20243,HIST 51__2024F,HIST 51__2024F__S06,0,pre,3,0.5541686055661302,3.625,3.4,3.6666666666666665,3.2,3.5,0.09135913529249606,-0.1597786317135771,0.38728913704759005,-0.4565453960720986,0.06615203140974155,3.5,0.009144682096752907,0.147226,0.205417,0.361682,0.215388,-0.274022,0.208136,1.734924,1.403353,-0,0,0,0,-0.11516212650719672,-0.1583607504852366,0.007427444590260747,-0.25927325536372064,-0.07818102285102675,-0.015603571186616125
STU_000889,HIST 51,2024F,S06,INST_HIST51_01,2026SP,20243,HIST 51__2024F,HIST 51__2024F__S06,0,pre,2.7,0.17691692386090738,3.5,4.4,3.8333333333333335,3.2,3.5,-0.1586428265550334,1.7043054049448298,0.7096189496222199,-0.4565453960720986,0.06615203140974155,3.6666666666666665,0.3730751777234853,0.147226,0.205417,0.361682,0.215388,-0.274022,0.208136,1.734924,1.403353,-0,0,0,0,3.019399783207977,2.4678886687443726,3.023139622151007,3.0394143697220124,1.907099250375757,0.3484052806192045
STU_000363,HIST 51,2024F,S06,INST_HIST51_03,2026SP,20243,HIST 51__2024F,HIST 51__2024F__S06,0,pre,2.7,0.17691692386090738,3.375,3.6,2.6666666666666665,3,3.1666666666666665,-0.40864478840256285,0.21303817561810445,-1.546689738400186,-0.8309508254868748,-0.5741342972968816,3.1666666666666665,-0.7187163091567129,0.147226,0.205417,0.361682,0.215388,-0.274022,0.208136,1.734924,1.403353,-0,0,0,0,-6.69196145059309,-3.256399921536409,-6.324207904258654,-6.9122962399795425,-4.213720265975099,-0.7303903274433056
STU_000389,HIST 51,2026SP,S01,INST_HIST51_01,2026SP,20261,HIST 51__2026SP,HIST 51__2026SP__S01,1,post,2.3,-0.3260853184127238,3.625,4,3.5,3.4,3.6666666666666665,0.09135913529249606,0.9586717902814668,0.06495932447296097,-0.08213996665732322,0.3862951957630527,3.6333333333333333,0.300289078598139,0.147226,0.205417,0.361682,0.215388,-0.274022,0.208136,1.734924,1.403353,-0.274022,0.208136,1.734924,1.403353,2.715246151514289,1.8940424736914043,2.427051151421898,2.74409752175392,1.8165055313868368,0.30226652167398477
STU_001318,HIST 51,2026SP,S01,INST_HIST51_01,2026SP,20261,HIST 51__2026SP,HIST 51__2026SP__S01,1,post,1.3,-1.5835909240968005,4.5,3.8,4.166666666666667,4,4,1.8413728682252022,0.5858549829497852,1.354278574771479,1.0410763215870045,1.0265815244696759,4.133333333333334,1.3920805654783381,0.147226,0.205417,0.361682,0.215388,-0.274022,0.208136,1.734924,1.403353,-0.274022,0.208136,1.734924,1.403353,12.723291892740091,6.410313662770156,11.032880103014236,12.562064997029841,7.730602003887063,1.3417786528213402
STU_000039,HIST 51,2026SP,S01,INST_HIST51_01,2026SP,20261,HIST 51__2026SP,HIST 51__2026SP__S01,1,post,3.3,0.9314202872713531,3.625,3.6,4,3.6,3.1666666666666665,0.09135913529249606,0.21303817561810445,1.031948762196849,0.29226546275745297,-0.5741342972968816,3.6,0.22750297947279274,0.147226,0.205417,0.361682,0.215388,-0.274022,0.208136,1.734924,1.403353,-0.274022,0.208136,1.734924,1.403353,1.4932613156637222,0.8434929300605516,1.711044290995153,1.5999644671014814,0.53335930054865,0.16702285447519308
STU_000883,HIST 51,2026SP,S01,INST_HIST51_01,2026SP,20261,HIST 51__2026SP,HIST 51__2026SP__S01,1,post,2.7,0.17691692386090738,3.375,3,3,2.6,3.5,-0.40864478840256285,-0.9054122463769394,-0.9020301132509271,-1.5797616843164264,0.06615203140974155,3.1333333333333333,-0.7915024082820592,0.147226,0.205417,0.361682,0.215388,-0.274022,0.208136,1.734924,1.403353,-0.274022,0.208136,1.734924,1.403353,-6.991620746249365,-3.9713340644085977,-6.340693476321249,-7.4525688665996155,-4.105400823288583,-0.7667795013568138
STU_000460,HIST 51,2026SP,S01,INST_HIST51_01,2026SP,20261,HIST 51__2026SP,HIST 51__2026SP__S01,1,post,2.7,0.17691692386090738,2.75,3.4,2.8333333333333335,3,3.1666666666666665,-1.65865459764021,-0.1597786317135771,-1.2243599258255562,-0.8309508254868748,-0.5741342972968816,3,-1.0826468047834452,0.147226,0.205417,0.361682,0.215388,-0.274022,0.208136,1.734924,1.403353,-0.274022,0.208136,1.734924,1.403353,-10.017648915054608,-4.872116147741141,-8.678138707426264,-9.824766009715756,-5.929995473992792,-1.0482136876331583
STU_000254,HIST 51,2026SP,S01,INST_HIST51_01,2026SP,20261,HIST 51__2026SP,HIST 51__2026SP__S01,1,post,3,0.5541686055661302,4.375,4.4,4.5,4,4.166666666666667,1.5913709063776729,1.7043054049448298,1.9989381999207372,1.0410763215870045,1.3467246888229878,4.3,1.7560110611050697,0.147226,0.205417,0.361682,0.215388,-0.274022,0.208136,1.734924,1.403353,-0.274022,0.208136,1.734924,1.403353,16.23374593090048,8.884139561971782,14.465038029599624,16.27182369197682,10.060263920173181,1.745696928712284
STU_001178,HIST 51,2026SP,S01,INST_HIST51_01,2026SP,20261,HIST 51__2026SP,HIST 51__2026SP__S01,1,post,3.3,0.9314202872713531,3.625,4,3.6666666666666665,3.2,3.5,0.09135913529249606,0.9586717902814668,0.38728913704759005,-0.4565453960720986,0.06615203140974155,3.6,0.22750297947279274,0.147226,0.205417,0.361682,0.215388,-0.274022,0.208136,1.734924,1.403353,-0.274022,0.208136,1.734924,1.403353,1.6475245556038982,1.3120996770745248,1.5818776219271484,1.5526180610037448,1.0052913256617801,0.18369930120462002
STU_001529,HIST 51,2026SP,S01,INST_HIST51_01,2026SP,20261,HIST 51__2026SP,HIST 51__2026SP__S01,1,post,2.7,0.17691692386090738,4.25,4.4,3.8333333333333335,3.6,4.333333333333333,1.3413689445301433,1.7043054049448298,0.7096189496222199,0.29226546275745297,1.6668678531762982,4.1,1.31929446635299,0.147226,0.205417,0.361682,0.215388,-0.274022,0.208136,1.734924,1.403353,-0.274022,0.208136,1.734924,1.403353,11.782863482921313,6.6415965449679835,10.140899881329004,11.6114274188866,7.634477457052276,1.2607354530991937
STU_000352,HIST 51,2026SP,S02,INST_HIST51_02,2026SP,20261,HIST 51__2026SP,HIST 51__2026SP__S02,1,post,3,0.5541686055661302,3.375,3.2,3.5,3.2,3.5,-0.40864478840256285,-0.5325954390452579,0.06495932447296097,-0.4565453960720986,0.06615203140974155,3.3666666666666667,-0.28199971440463323,0.147226,0.205417,0.361682,0.215388,-0.274022,0.208136,1.734924,1.403353,-0.274022,0.208136,1.734924,1.403353,-2.6591973501209014,-1.5612903076277471,-2.1639699488333104,-2.6755899276431543,-1.4378486930715138,-0.27838634805365514
STU_000943,HIST 51,2026SP,S02,INST_HIST51_02,2026SP,20261,HIST 51__2026SP,HIST 51__2026SP__S02,1,post,3.7,1.4344225295449842,4.125,4,4.166666666666667,4.2,4.666666666666667,1.0913669826826138,0.9586717902814668,1.354278574771479,1.4154817510017808,2.307154181882922,4.233333333333333,1.610438862854377,0.147226,0.205417,0.361682,0.215388,-0.274022,0.208136,1.734924,1.403353,-0.274022,0.208136,1.734924,1.403353,14.595826939316382,7.76672131730074,12.96563845266289,14.931556888738747,9.752781218859091,1.5878953956393567
STU_001460,HIST 51,2026SP,S02,INST_HIST51_02,2026SP,20261,HIST 51__2026SP,HIST 51__2026SP__S02,1,post,2.3,-0.3260853184127238,3.625,3.2,3.3333333333333335,2.8,3,0.09135913529249606,-0.5325954390452579,-0.25737048810166807,-1.205356254901651,-0.8942774616501927,3.2333333333333334,-0.5731441109060194,0.147226,0.205417,0.361682,0.215388,-0.274022,0.208136,1.734924,1.403353,-0.274022,0.208136,1.734924,1.403353,-4.778464300540416,-2.782873017623682,-4.338905524042712,-5.296147674841544,-3.3547512677616496,-0.5422856088739713
STU_001208,HIST 51,2026SP,S02,INST_HIST51_02,2026SP,20261,HIST 51__2026SP,HIST 51__2026SP__S02,1,post,3.7,1.4344225295449842,3.75,3.8,4.333333333333333,4,4.166666666666667,0.3413610971400255,0.5858549829497852,1.6766083873461073,1.0410763215870045,1.3467246888229878,4,1.100936168976951,0.147226,0.205417,0.361682,0.215388,-0.274022,0.208136,1.734924,1.403353,-0.274022,0.208136,1.734924,1.403353,9.411736948826691,5.050244194960355,8.855313626241546,9.852502613126001,6.300529417920602,1.045315426393589
STU_000178,HIST 51,2026SP,S02,INST_HIST51_02,2026SP,20261,HIST 51__2026SP,HIST 51__2026SP__S02,1,post,3.3,0.9314202872713531,4.125,3.4,4.333333333333333,3.6,3.8333333333333335,1.0913669826826138,-0.1597786317135771,1.6766083873461073,0.29226546275745297,0.7064383601163647,3.9,0.8825778716009113,0.147226,0.205417,0.361682,0.215388,-0.274022,0.208136,1.734924,1.403353,-0.274022,0.208136,1.734924,1.403353,8.178964477432608,3.8777379135661274,7.434353115229335,8.002212882924022,5.001717921630534,0.8661444523290716
STU_000813,HIST 51,2026SP,S02,INST_HIST51_02,2026SP,20261,HIST 51__2026SP,HIST 51__2026SP__S02,1,post,4,1.8116742112502071,4.75,4.4,4.166666666666667,4.2,4,2.3413767919202613,1.7043054049448298,1.354278574771479,1.4154817510017808,1.0265815244696759,4.333333333333333,1.828797160230416,0.147226,0.205417,0.361682,0.215388,-0.274022,0.208136,1.734924,1.403353,-0.274022,0.208136,1.734924,1.403353,17.11858382716546,9.155189005326944,14.711984877386621,16.955404246105505,10.2249463193222,1.8087978519978347
STU_000231,HIST 51,2026SP,S02,INST_HIST51_02,2026SP,20261,HIST 51__2026SP,HIST 51__2026SP__S02,1,post,3,0.5541686055661302,3.125,2.6,2.6666666666666665,3,3.5,-0.9086487120976218,-1.6510458610403016,-1.546689738400186,-0.8309508254868748,0.06615203140974155,3,-1.0826468047834452,0.147226,0.205417,0.361682,0.215388,-0.274022,0.208136,1.734924,1.403353,-0.274022,0.208136,1.734924,1.403353,-9.622153508233664,-5.585504654564233,-8.741655234750386,-9.754424842541368,-5.558093069123676,-1.0402111627655917
STU_000012,HIST 51,2026SP,S03,INST_HIST51_03,2026SP,20261,HIST 51__2026SP,HIST 51__2026SP__S03,1,post,3.3,0.9314202872713531,4.125,3.6,4,4.2,3.6666666666666665,1.0913669826826138,0.21303817561810445,1.031948762196849,1.4154817510017808,0.3862951957630527,3.933333333333333,0.9553639707262576,0.147226,0.205417,0.361682,0.215388,-0.274022,0.208136,1.734924,1.403353,-0.274022,0.208136,1.734924,1.403353,8.545237575583458,4.256042158328704,7.536651517404897,8.7271533735528,5.065472004815586,0.9104256721751453
STU_000301,HIST 51,2026SP,S03,INST_HIST51_03,2026SP,20261,HIST 51__2026SP,HIST 51__2026SP__S03,1,post,2.7,0.17691692386090738,3.5,3.2,3,2.8,3.5,-0.1586428265550334,-0.5325954390452579,-0.9020301132509271,-1.205356254901651,0.06615203140974155,3.2333333333333334,-0.5731441109060194,0.147226,0.205417,0.361682,0.215388,-0.274022,0.208136,1.734924,1.403353,-0.274022,0.208136,1.734924,1.403353,-5.202037894484384,-2.872891677120141,-4.866399001075707,-5.605106063879631,-3.0802256910137795,-0.5755719944441762
STU_000136,HIST 51,2026SP,S03,INST_HIST51_03,2026SP,20261,HIST 51__2026SP,HIST 51__2026SP__S03,1,post,3.3,0.9314202872713531,4.375,4,3.5,4,3.8333333333333335,1.5913709063776729,0.9586717902814668,0.06495932447296097,1.0410763215870045,0.7064383601163647,3.966666666666667,1.0281500698516048,0.147226,0.205417,0.361682,0.215388,-0.274022,0.208136,1.734924,1.403353,-0.274022,0.208136,1.734924,1.403353,9.319118911646218,4.916840184656567,7.614374635947949,9.181040610985455,5.531302191059855,0.9706126655782972
STU_001393,HIST 51,2026SP,S03,INST_HIST51_03,2026SP,20261,HIST 51__2026SP,HIST 51__2026SP__S03,1,post,3,0.5541686055661302,3.75,3.8,3.3333333333333335,3.6,3.3333333333333335,0.3413610971400255,0.5858549829497852,-0.25737048810166807,0.29226546275745297,-0.2539911329435696,3.566666666666667,0.15471688034744646,0.147226,0.205417,0.361682,0.215388,-0.274022,0.208136,1.734924,1.403353,-0.274022,0.208136,1.734924,1.403353,1.2594013636673764,0.8617164334233544,0.8762601887184759,1.2582150350987513,0.5399513864395398,0.12682989675574735
STU_001290,HIST 51,2026SP,S03,INST_HIST51_03,2026SP,20261,HIST 51__2026SP,HIST 51__2026SP__S03,1,post,2.7,0.17691692386090738,3.625,4.2,3.6666666666666665,4,3.8333333333333335,0.09135913529249606,1.3314885976131483,0.38728913704759005,1.0410763215870045,0.7064383601163647,3.8333333333333335,0.7370056733502187,0.147226,0.205417,0.361682,0.215388,-0.274022,0.208136,1.734924,1.403353,-0.274022,0.208136,1.734924,1.403353,6.262670976997105,3.9192337941157454,5.651754795511075,6.7397235772770605,4.125953778708341,0.7027675335462202
STU_001041,HIST 51,2026SP,S03,INST_HIST51_03,2026SP,20261,HIST 51__2026SP,HIST 51__2026SP__S03,1,post,3,0.5541686055661302,4.25,4,4,3.8,3.5,1.3413689445301433,0.9586717902814668,1.031948762196849,0.6666708921722283,0.06615203140974155,3.933333333333333,0.9553639707262576,0.147226,0.205417,0.361682,0.215388,-0.274022,0.208136,1.734924,1.403353,-0.274022,0.208136,1.734924,1.403353,8.731790020646043,4.675112647727936,7.601493660536405,8.577827666267137,4.942291873406466,0.9178703799451547
STU_001215,HIST 51,2026SP,S03,INST_HIST51_03,2026SP,20261,HIST 51__2026SP,HIST 51__2026SP__S03,1,post,3.3,0.9314202872713531,4.5,3.6,3.6666666666666665,3.4,3.8333333333333335,1.8413728682252022,0.21303817561810445,0.38728913704759005,-0.08213996665732322,0.7064383601163647,3.8666666666666667,0.809791772475565,0.147226,0.205417,0.361682,0.215388,-0.274022,0.208136,1.734924,1.403353,-0.274022,0.208136,1.734924,1.403353,7.815605397790323,3.6941211802160208,6.322565276497948,7.179640866622402,4.5700406311699835,0.7875585246312173
STU_001153,JOUR 50,2024SP,S01,INST_JOUR50_01,2025SP,20241,JOUR 50__2024SP,JOUR 50__2024SP__S01,0,pre,2.3,-0.3260853184127238,3.25,3.6,3.3333333333333335,3.6,3.3333333333333335,-0.6586467502500923,0.21303817561810445,-0.25737048810166807,0.29226546275745297,-0.2539911329435696,3.4,-0.20921361527928692,0.258226,0.063125,0.173727,0.188326,1.576988,-1.126142,-0.104416,0.491632,0,-0,-0,0,-2.30607537008208,-0.9191131732004368,-1.8543461270995196,-1.9821172788128518,-1.3369749682325813,-0.22474783958586564
STU_000930,JOUR 50,2024SP,S01,INST_JOUR50_01,2025SP,20241,JOUR 50__2024SP,JOUR 50__2024SP__S01,0,pre,2.7,0.17691692386090738,4.125,3.4,3.6666666666666665,4.2,3.6666666666666665,1.0913669826826138,-0.1597786317135771,0.38728913704759005,1.4154817510017808,0.3862951957630527,3.8333333333333335,0.7370056733502187,0.258226,0.063125,0.173727,0.188326,1.576988,-1.126142,-0.104416,0.491632,0,-0,-0,0,6.586774651052553,3.0485033733351004,5.539128227217901,6.714219571415909,3.8845965966424663,0.6897691683669588
STU_001151,JOUR 50,2024SP,S01,INST_JOUR50_01,2025SP,20241,JOUR 50__2024SP,JOUR 50__2024SP__S01,0,pre,1.3,-1.5835909240968005,3.875,3.2,3.3333333333333335,3.2,3,0.5913630589875549,-0.5325954390452579,-0.25737048810166807,-0.4565453960720986,-0.8942774616501927,3.3666666666666667,-0.28199971440463323,0.258226,0.063125,0.173727,0.188326,1.576988,-1.126142,-0.104416,0.491632,0,-0,-0,0,-2.4721156256024686,-1.663961489990766,-2.4942049725375544,-2.9142976307448794,-2.1210547517517577,-0.3039662432050297
STU_000139,JOUR 50,2024SP,S01,INST_JOUR50_01,2025SP,20241,JOUR 50__2024SP,JOUR 50__2024SP__S01,0,pre,2.3,-0.3260853184127238,4.5,4.2,4,4,4.166666666666667,1.8413728682252022,1.3314885976131483,1.031948762196849,1.0410763215870045,1.3467246888229878,4.2,1.5376527637290307,0.258226,0.063125,0.173727,0.188326,1.576988,-1.126142,-0.104416,0.491632,0,-0,-0,0,13.880205375470728,7.418940315485809,11.920140935528561,13.760488203230114,8.600228995228093,1.4726858042739321
STU_000052,JOUR 50,2024SP,S01,INST_JOUR50_01,2025SP,20241,JOUR 50__2024SP,JOUR 50__2024SP__S01,0,pre,1.7,-1.0805886818231698,3.25,3.8,3.6666666666666665,3,3.3333333333333335,-0.6586467502500923,0.5858549829497852,0.38728913704759005,-0.8309508254868748,-0.2539911329435696,3.4,-0.20921361527928692,0.258226,0.063125,0.173727,0.188326,1.576988,-1.126142,-0.104416,0.491632,0,-0,-0,0,-2.2844930707401554,-0.7084055898879346,-1.6237817935523577,-2.285405468458808,-1.3640992227882534,-0.22430970466813913
STU_000482,JOUR 50,2024SP,S01,INST_JOUR50_01,2025SP,20241,JOUR 50__2024SP,JOUR 50__2024SP__S01,0,pre,2.3,-0.3260853184127238,3.875,3.6,3.6666666666666665,3.8,4.166666666666667,0.5913630589875549,0.21303817561810445,0.38728913704759005,0.6666708921722283,1.3467246888229878,3.8333333333333335,0.7370056733502187,0.258226,0.063125,0.173727,0.188326,1.576988,-1.126142,-0.104416,0.491632,0,-0,-0,0,6.4269643062764175,3.2613356984323185,5.58739161481866,6.53452087611086,4.397567913437379,0.6939789529407545
STU_000318,JOUR 50,2024SP,S01,INST_JOUR50_01,2025SP,20241,JOUR 50__2024SP,JOUR 50__2024SP__S01,0,pre,1.7,-1.0805886818231698,3.5,3.4,3,2.8,2.3333333333333335,-0.1586428265550334,-0.1597786317135771,-0.9020301132509271,-1.205356254901651,-2.1748501190634384,3.033333333333333,-1.009860705658099,0.258226,0.063125,0.173727,0.188326,1.576988,-1.126142,-0.104416,0.491632,0,-0,-0,0,-8.859936291861507,-4.632185495101597,-8.110332443313931,-9.393326218970607,-6.455858674772314,-0.9896968993759111
STU_000687,JOUR 50,2024SP,S02,INST_JOUR50_02,2025SP,20241,JOUR 50__2024SP,JOUR 50__2024SP__S02,0,pre,1,-1.9608426058020236,2.125,1.8,2.3333333333333335,2.4,3,-2.9086644068778575,-3.1423130903670264,-2.191349363549444,-1.9541671137312024,-0.8942774616501927,2.3333333333333335,-2.5383687872903757,0.258226,0.063125,0.173727,0.188326,1.576988,-1.126142,-0.104416,0.491632,0,-0,-0,0,-22.129691813122108,-12.325435371284236,-19.311266993002217,-22.1208140742759,-13.097980723681061,-2.3584002603319694
STU_000396,JOUR 50,2024SP,S02,INST_JOUR50_02,2025SP,20241,JOUR 50__2024SP,JOUR 50__2024SP__S02,0,pre,1.3,-1.5835909240968005,2.875,3.2,3.3333333333333335,2.8,3,-1.4086526357926807,-0.5325954390452579,-0.25737048810166807,-1.205356254901651,-0.8942774616501927,3.033333333333333,-1.009860705658099,0.258226,0.063125,0.173727,0.188326,1.576988,-1.126142,-0.104416,0.491632,0,-0,-0,0,-9.229115057495873,-4.706978396120976,-7.720626885606713,-9.235844502016038,-5.6737805713834435,-0.9717015052523484
STU_000557,JOUR 50,2024SP,S02,INST_JOUR50_02,2025SP,20241,JOUR 50__2024SP,JOUR 50__2024SP__S02,0,pre,2.7,0.17691692386090738,4.125,3.4,3.8333333333333335,3.8,3.8333333333333335,1.0913669826826138,-0.1597786317135771,0.7096189496222199,0.6666708921722283,0.7064383601163647,3.8333333333333335,0.7370056733502187,0.258226,0.063125,0.173727,0.188326,1.576988,-1.126142,-0.104416,0.491632,0,-0,-0,0,6.684827434340388,3.130066222140658,5.779190915764887,6.6179266723229695,4.142344148559278,0.7026543169273207
STU_000867,JOUR 50,2024SP,S02,INST_JOUR50_02,2025SP,20241,JOUR 50__2024SP,JOUR 50__2024SP__S02,0,pre,2.3,-0.3260853184127238,3.875,3.4,3.1666666666666665,3,3.1666666666666665,0.5913630589875549,-0.1597786317135771,-0.5797003006762981,-0.8309508254868748,-0.5741342972968816,3.3666666666666667,-0.28199971440463323,0.258226,0.063125,0.173727,0.188326,1.576988,-1.126142,-0.104416,0.491632,0,-0,-0,0,-2.1662857154132666,-1.337425868459857,-2.339686182623012,-2.706266850898033,-1.7317468052254443,-0.2708638910258938
STU_001494,JOUR 50,2024SP,S02,INST_JOUR50_02,2025SP,20241,JOUR 50__2024SP,JOUR 50__2024SP__S02,0,pre,1.7,-1.0805886818231698,3.875,3.8,3.1666666666666665,3.8,3.5,0.5913630589875549,0.5858549829497852,-0.5797003006762981,0.6666708921722283,0.06615203140974155,3.6333333333333333,0.300289078598139,0.258226,0.063125,0.173727,0.188326,1.576988,-1.126142,-0.104416,0.491632,0,-0,-0,0,2.6481645424103775,1.537714938534475,1.907200152201095,2.654904205310316,1.4646603835846266,0.2705375182405791
STU_001291,JOUR 50,2024SP,S02,INST_JOUR50_02,2025SP,20241,JOUR 50__2024SP,JOUR 50__2024SP__S02,0,pre,1.7,-1.0805886818231698,3.625,3.2,3.1666666666666665,2.8,3.3333333333333335,0.09135913529249606,-0.5325954390452579,-0.5797003006762981,-1.205356254901651,-0.2539911329435696,3.2666666666666666,-0.5003580117806731,0.258226,0.063125,0.173727,0.188326,1.576988,-1.126142,-0.104416,0.491632,0,-0,-0,0,-4.65011869277946,-2.6761172403183506,-4.3579656174670545,-5.152573593688742,-2.9741971739505493,-0.5252259510029046
STU_001285,JOUR 50,2024SP,S03,INST_JOUR50_03,2025SP,20241,JOUR 50__2024SP,JOUR 50__2024SP__S03,0,pre,1.7,-1.0805886818231698,3.125,3,3.3333333333333335,2.8,3.1666666666666665,-0.9086487120976218,-0.9054122463769394,-0.25737048810166807,-1.205356254901651,-0.5741342972968816,3.1,-0.8642885074074055,0.258226,0.063125,0.173727,0.188326,1.576988,-1.126142,-0.104416,0.491632,0,-0,-0,0,-7.965890453464141,-4.369476749627269,-6.792765756494055,-8.128583200142383,-4.88477380092903,-0.8519751896231416
STU_000522,JOUR 50,2024SP,S03,INST_JOUR50_03,2025SP,20241,JOUR 50__2024SP,JOUR 50__2024SP__S03,0,pre,2.3,-0.3260853184127238,4.25,4,3.8333333333333335,3.8,3.5,1.3413689445301433,0.9586717902814668,0.7096189496222199,0.6666708921722283,0.06615203140974155,3.9,0.8825778716009113,0.258226,0.063125,0.173727,0.188326,1.576988,-1.126142,-0.104416,0.491632,0,-0,-0,0,8.194894902006306,4.419048103165953,6.954620204042662,8.00971499950699,4.604885643407399,0.8551511765906923
STU_000827,JOUR 50,2024SP,S03,INST_JOUR50_03,2025SP,20241,JOUR 50__2024SP,JOUR 50__2024SP__S03,0,pre,1.7,-1.0805886818231698,3.625,3.8,3.6666666666666665,3.6,4,0.09135913529249606,0.5858549829497852,0.38728913704759005,0.29226546275745297,1.0265815244696759,3.7333333333333334,0.5186473759741789,0.258226,0.063125,0.173727,0.188326,1.576988,-1.126142,-0.104416,0.491632,0,-0,-0,0,4.2686920936509605,2.4660136865656117,3.8835819739371527,4.450937509375529,3.0853511514367846,0.4772555311532746
STU_001470,JOUR 50,2024SP,S03,INST_JOUR50_03,2025SP,20241,JOUR 50__2024SP,JOUR 50__2024SP__S03,0,pre,1.3,-1.5835909240968005,3.375,3,3.6666666666666665,3.4,3.1666666666666665,-0.40864478840256285,-0.9054122463769394,0.38728913704759005,-0.08213996665732322,-0.5741342972968816,3.3333333333333335,-0.3547858135299795,0.258226,0.063125,0.173727,0.188326,1.576988,-1.126142,-0.104416,0.491632,0,-0,-0,0,-3.503718962754787,-2.170181934183415,-2.7914248523609486,-3.4487103373072245,-2.310727530288698,-0.37269616609903544
STU_000770,JOUR 50,2024SP,S03,INST_JOUR50_03,2025SP,20241,JOUR 50__2024SP,JOUR 50__2024SP__S03,0,pre,2.7,0.17691692386090738,3.25,3.8,3.6666666666666665,3.4,4.166666666666667,-0.6586467502500923,0.5858549829497852,0.38728913704759005,-0.08213996665732322,1.3467246888229878,3.6333333333333333,0.300289078598139,0.258226,0.063125,0.173727,0.188326,1.576988,-1.126142,-0.104416,0.491632,0,-0,-0,0,2.0381396537640586,1.4770001823537542,2.183334695114086,2.360620183521481,2.0938468371079053,0.26116115817909236
STU_001001,JOUR 50,2024SP,S03,INST_JOUR50_03,2025SP,20241,JOUR 50__2024SP,JOUR 50__2024SP__S03,0,pre,2.3,-0.3260853184127238,3.875,3.8,3.3333333333333335,4,4.166666666666667,0.5913630589875549,0.5858549829497852,-0.25737048810166807,1.0410763215870045,1.3467246888229878,3.8333333333333335,0.7370056733502187,0.258226,0.063125,0.173727,0.188326,1.576988,-1.126142,-0.104416,0.491632,0,-0,-0,0,6.38531449590405,3.4255314888720356,5.276629775959923,6.5915803465277625,4.384332349376039,0.6884948119058221
STU_000166,JOUR 50,2024SP,S04,INST_JOUR50_01,2025SP,20241,JOUR 50__2024SP,JOUR 50__2024SP__S04,0,pre,1,-1.9608426058020236,3.25,3.2,2.5,3,2.8333333333333335,-0.6586467502500923,-0.5325954390452579,-1.869019550974815,-0.8309508254868748,-1.214420626003504,2.966666666666667,-1.1554329039087916,0.258226,0.063125,0.173727,0.188326,1.576988,-1.126142,-0.104416,0.491632,0,-0,-0,0,-10.038318302997252,-5.300638532867968,-9.324049684947102,-10.300066180658368,-6.524510748371457,-1.0999012834910358
STU_000833,JOUR 50,2024F,S01,INST_JOUR50_01,2025SP,20243,JOUR 50__2024F,JOUR 50__2024F__S01,0,pre,2.3,-0.3260853184127238,3,3,3.6666666666666665,3.4,3.3333333333333335,-1.1586506739451512,-0.9054122463769394,0.38728913704759005,-0.08213996665732322,-0.2539911329435696,3.2666666666666666,-0.5003580117806731,0.258226,0.063125,0.173727,0.188326,1.576988,-1.126142,-0.104416,0.491632,0,-0,-0,0,-4.769778013197788,-2.6746608250036052,-3.652721900600823,-4.440883952835462,-2.748772702063488,-0.4830967083857662
STU_000093,JOUR 50,2024F,S01,INST_JOUR50_01,2025SP,20243,JOUR 50__2024F,JOUR 50__2024F__S01,0,pre,2,-0.7033370001179466,3,3.4,2.3333333333333335,3.2,2.8333333333333335,-1.1586506739451512,-0.1597786317135771,-2.191349363549444,-0.4565453960720986,-1.214420626003504,2.933333333333333,-1.228219003034139,0.258226,0.063125,0.173727,0.188326,1.576988,-1.126142,-0.104416,0.491632,0,-0,-0,0,-11.002585433914467,-5.480429370247539,-10.085357153965928,-10.944542499095505,-6.942180616540425,-1.1815991658300689
STU_000631,JOUR 50,2024F,S01,INST_JOUR50_01,2025SP,20243,JOUR 50__2024F,JOUR 50__2024F__S01,0,pre,1.3,-1.5835909240968005,2.75,3.2,3.1666666666666665,2.8,3.1666666666666665,-1.65865459764021,-0.5325954390452579,-0.5797003006762981,-1.205356254901651,-0.5741342972968816,3,-1.0826468047834452,0.258226,0.063125,0.173727,0.188326,1.576988,-1.126142,-0.104416,0.491632,0,-0,-0,0,-9.929874830806247,-5.037233180375782,-8.375634122674702,-9.843169350402162,-5.864055513051479,-1.0393187936187436
STU_000474,JOUR 50,2024F,S01,INST_JOUR50_01,2025SP,20243,JOUR 50__2024F,JOUR 50__2024F__S01,0,pre,2,-0.7033370001179466,3.375,3,2.6666666666666665,3.4,3.1666666666666665,-0.40864478840256285,-0.9054122463769394,-1.546689738400186,-0.08213996665732322,-0.5741342972968816,3.1333333333333333,-0.7915024082820592,0.258226,0.063125,0.173727,0.188326,1.576988,-1.126142,-0.104416,0.491632,0,-0,-0,0,-7.115649428525601,-4.025753620138607,-6.683888430411787,-7.147418161990691,-4.48354200842469,-0.7786174317448319
STU_000756,JOUR 50,2024F,S01,INST_JOUR50_01,2025SP,20243,JOUR 50__2024F,JOUR 50__2024F__S01,0,pre,2,-0.7033370001179466,3.5,3.6,3.6666666666666665,3.6,3.5,-0.1586428265550334,0.21303817561810445,0.38728913704759005,0.29226546275745297,0.06615203140974155,3.566666666666667,0.15471688034744646,0.258226,0.063125,0.173727,0.188326,1.576988,-1.126142,-0.104416,0.491632,0,-0,-0,0,0.8825328694556802,0.5792915168731861,0.986863199860893,1.0755693235762827,0.613118346495479,0.10921069472915222
STU_001568,JOUR 50,2024F,S01,INST_JOUR50_01,2025SP,20243,JOUR 50__2024F,JOUR 50__2024F__S01,0,pre,1.3,-1.5835909240968005,3.625,3.6,3.5,3.4,3.3333333333333335,0.09135913529249606,0.21303817561810445,0.06495932447296097,-0.08213996665732322,-0.2539911329435696,3.5,0.009144682096752907,0.258226,0.063125,0.173727,0.188326,1.576988,-1.126142,-0.104416,0.491632,0,-0,-0,0,-0.2504401083438397,-0.029216454831231083,-0.2042286511899016,-0.2822774231648598,-0.30698695988381913,-0.028531126180286925
STU_001401,JOUR 50,2024F,S01,INST_JOUR50_01,2025SP,20243,JOUR 50__2024F,JOUR 50__2024F__S01,0,pre,2,-0.7033370001179466,3.625,3,3.5,3.4,3.5,0.09135913529249606,-0.9054122463769394,0.06495932447296097,-0.08213996665732322,0.06615203140974155,3.433333333333333,-0.13642751615394064,0.258226,0.063125,0.173727,0.188326,1.576988,-1.126142,-0.104416,0.491632,0,-0,-0,0,-1.2969379552596518,-1.1485847864315044,-1.1499036788656036,-1.397081648257771,-0.773500329175756,-0.14905963819912685
STU_000245,JOUR 50,2024F,S02,INST_JOUR50_02,2025SP,20243,JOUR 50__2024F,JOUR 50__2024F__S02,0,pre,1.7,-1.0805886818231698,3.75,3.6,3.1666666666666665,3.6,3.5,0.3413610971400255,0.21303817561810445,-0.5797003006762981,0.29226546275745297,0.06615203140974155,3.533333333333333,0.0819307812220992,0.258226,0.063125,0.173727,0.188326,1.576988,-1.126142,-0.104416,0.491632,0,-0,-0,0,0.6539783868591017,0.38451954235207025,0.23486463512085234,0.6138654298844074,0.3704920612337005,0.0593273466928344
STU_001492,JOUR 50,2024F,S02,INST_JOUR50_02,2025SP,20243,JOUR 50__2024F,JOUR 50__2024F__S02,0,pre,2.3,-0.3260853184127238,3.375,3.2,3.1666666666666665,3,3.5,-0.40864478840256285,-0.5325954390452579,-0.5797003006762981,-0.8309508254868748,0.06615203140974155,3.2666666666666666,-0.5003580117806731,0.258226,0.063125,0.173727,0.188326,1.576988,-1.126142,-0.104416,0.491632,0,-0,-0,0,-4.503024187671611,-2.514298795240771,-4.0507952507458045,-4.688663283673986,-2.5502262382294045,-0.4869392704672765
STU_000170,JOUR 50,2024F,S02,INST_JOUR50_02,2025SP,20243,JOUR 50__2024F,JOUR 50__2024F__S02,0,pre,2.3,-0.3260853184127238,3.5,3.6,3.5,3.6,3.5,-0.1586428265550334,0.21303817561810445,0.06495932447296097,0.29226546275745297,0.06615203140974155,3.533333333333333,0.0819307812220992,0.258226,0.063125,0.173727,0.188326,1.576988,-1.126142,-0.104416,0.491632,0,-0,-0,0,0.6288095039519801,0.44900527285567277,0.6401438398500126,0.7948479609230811,0.4717692348588001,0.07826735145730145
STU_000501,JOUR 50,2024F,S02,INST_JOUR50_02,2025SP,20243,JOUR 50__2024F,JOUR 50__2024F__S02,0,pre,2.7,0.17691692386090738,4.25,4.2,4,4.4,4.166666666666667,1.3413689445301433,1.3314885976131483,1.031948762196849,1.789887180416557,1.3467246888229878,4.2,1.5376527637290307,0.258226,0.063125,0.173727,0.188326,1.576988,-1.126142,-0.104416,0.491632,0,-0,-0,0,13.97274932879599,7.570138880045874,12.239323510716002,14.310470820859129,8.780229610870455,1.5074169264956139
STU_000521,JOUR 50,2024F,S02,INST_JOUR50_02,2025SP,20243,JOUR 50__2024F,JOUR 50__2024F__S02,0,pre,2,-0.7033370001179466,3.5,3.8,3.6666666666666665,3.4,3.5,-0.1586428265550334,0.5858549829497852,0.38728913704759005,-0.08213996665732322,0.06615203140974155,3.566666666666667,0.15471688034744646,0.258226,0.063125,0.173727,0.188326,1.576988,-1.126142,-0.104416,0.491632,0,-0,-0,0,0.7854158802672844,0.7364059458699446,0.9154162167855612,0.8804792772509764,0.5365569636367058,0.09930163801788428
STU_001254,JOUR 50,2024F,S02,INST_JOUR50_02,2025SP,20243,JOUR 50__2024F,JOUR 50__2024F__S02,0,pre,2,-0.7033370001179466,3.875,3.2,3.1666666666666665,3.8,3.8333333333333335,0.5913630589875549,-0.5325954390452579,-0.5797003006762981,0.6666708921722283,0.7064383601163647,3.6,0.22750297947279274,0.258226,0.063125,0.173727,0.188326,1.576988,-1.126142,-0.104416,0.491632,0,-0,-0,0,2.0587095237158315,0.6652841643968556,1.387486351814484,2.045245810994637,1.4462560075582425,0.20426925016114839
STU_000381,JOUR 50,2024F,S03,INST_JOUR50_03,2025SP,20243,JOUR 50__2024F,JOUR 50__2024F__S03,0,pre,1.7,-1.0805886818231698,3.25,3.4,3.3333333333333335,3.4,3.3333333333333335,-0.6586467502500923,-0.1597786317135771,-0.25737048810166807,-0.08213996665732322,-0.2539911329435696,3.3333333333333335,-0.3547858135299795,0.258226,0.063125,0.173727,0.188326,1.576988,-1.126142,-0.104416,0.491632,0,-0,-0,0,-3.3662602684787606,-1.6772285024550553,-2.8445226758234807,-3.2124367489140484,-1.9837201555475543,-0.3479950788211897
STU_001004,JOUR 50,2024F,S03,INST_JOUR50_03,2025SP,20243,JOUR 50__2024F,JOUR 50__2024F__S03,0,pre,2,-0.7033370001179466,4,3.8,4,3.4,4,0.8413650208350845,0.5858549829497852,1.031948762196849,-0.08213996665732322,1.0265815244696759,3.8666666666666667,0.809791772475565,0.258226,0.063125,0.173727,0.188326,1.576988,-1.126142,-0.104416,0.491632,0,-0,-0,0,7.083255404964642,3.7475915958989128,6.327213020314355,6.901206543406152,4.583231439068527,0.7575125865349198
STU_000303,JOUR 50,2024F,S03,INST_JOUR50_03,2025SP,20243,JOUR 50__2024F,JOUR 50__2024F__S03,0,pre,2.3,-0.3260853184127238,3.125,2.8,3,2.8,2.8333333333333335,-0.9086487120976218,-1.278229053708621,-0.9020301132509271,-1.205356254901651,-1.214420626003504,2.933333333333333,-1.228219003034139,0.258226,0.063125,0.173727,0.188326,1.576988,-1.126142,-0.104416,0.491632,0,-0,-0,0,-10.713034121023835,-5.956142009107469,-9.46554365076625,-10.970166556624028,-6.8312255739556305,-1.1623605292517976
STU_000538,JOUR 50,2024F,S03,INST_JOUR50_03,2025SP,20243,JOUR 50__2024F,JOUR 50__2024F__S03,0,pre,2.7,0.17691692386090738,3.75,3.4,3.3333333333333335,3.2,3.5,0.3413610971400255,-0.1597786317135771,-0.25737048810166807,-0.4565453960720986,0.06615203140974155,3.466666666666667,-0.06364141702859338,0.258226,0.063125,0.173727,0.188326,1.576988,-1.126142,-0.104416,0.491632,0,-0,-0,0,-0.6592695876228858,-0.4605524058464286,-0.7937639141399181,-0.9259028065035207,-0.44402930044985217,-0.08714208576356684
STU_000977,JOUR 50,2024F,S03,INST_JOUR50_03,2025SP,20243,JOUR 50__2024F,JOUR 50__2024F__S03,0,pre,1.7,-1.0805886818231698,4,3.4,3.6666666666666665,3.4,3.5,0.8413650208350845,-0.1597786317135771,0.38728913704759005,-0.08213996665732322,0.06615203140974155,3.6333333333333333,0.300289078598139,0.258226,0.063125,0.173727,0.188326,1.576988,-1.126142,-0.104416,0.491632,0,-0,-0,0,2.8371406312620837,1.1825772073457117,2.3571767151146252,2.5301179166382353,1.5539762087526299,0.28053531872757825
STU_000773,JOUR 50,2024F,S03,INST_JOUR50_03,2025SP,20243,JOUR 50__2024F,JOUR 50__2024F__S03,0,pre,1.7,-1.0805886818231698,3.125,3.2,2.8333333333333335,2.6,3,-0.9086487120976218,-0.5325954390452579,-1.2243599258255562,-1.5797616843164264,-0.8942774616501927,2.966666666666667,-1.1554329039087916,0.258226,0.063125,0.173727,0.188326,1.576988,-1.126142,-0.104416,0.491632,0,-0,-0,0,-10.23827981668189,-5.3512556810184,-9.147333019649603,-10.573045841283019,-6.389152968811228,-1.1080278248367121
STU_000898,JOUR 50,2024F,S04,INST_JOUR50_01,2025SP,20243,JOUR 50__2024F,JOUR 50__2024F__S04,0,pre,2.3,-0.3260853184127238,3.75,3.4,3.3333333333333335,3.4,4,0.3413610971400255,-0.1597786317135771,-0.25737048810166807,-0.08213996665732322,1.0265815244696759,3.6,0.22750297947279274,0.258226,0.063125,0.173727,0.188326,1.576988,-1.126142,-0.104416,0.491632,0,-0,-0,0,1.5893741601444573,0.6468738710007342,1.1564655418223209,1.4682735981295045,1.3692607489294768,0.16365846205033258
STU_001473,JOUR 50,2025SP,S01,INST_JOUR50_01,2025SP,20251,JOUR 50__2025SP,JOUR 50__2025SP__S01,1,post,2,-0.7033370001179466,3.5,3.8,3,3.8,3.1666666666666665,-0.1586428265550334,0.5858549829497852,-0.9020301132509271,0.6666708921722283,-0.5741342972968816,3.433333333333333,-0.13642751615394064,0.258226,0.063125,0.173727,0.188326,1.576988,-1.126142,-0.104416,0.491632,1.576988,-1.126142,-0.104416,0.491632,-1.4353582189192946,-0.4076995016920741,-1.542864571293435,-1.2141970458999722,-1.1241300423694178,-0.1527620073200754
STU_000030,JOUR 50,2025SP,S01,INST_JOUR50_01,2025SP,20251,JOUR 50__2025SP,JOUR 50__2025SP__S01,1,post,2.3,-0.3260853184127238,3,3.4,3.3333333333333335,3.4,3,-1.1586506739451512,-0.1597786317135771,-0.25737048810166807,-0.08213996665732322,-0.8942774616501927,3.2,-0.6459302100313656,0.258226,0.063125,0.173727,0.188326,1.576988,-1.126142,-0.104416,0.491632,1.576988,-1.126142,-0.104416,0.491632,-6.4556553318401555,-3.1519683283845925,-5.351532162923708,-6.139057762057755,-4.083986445766625,-0.6682049732583809
STU_001375,JOUR 50,2025SP,S01,INST_JOUR50_01,2025SP,20251,JOUR 50__2025SP,JOUR 50__2025SP__S01,1,post,1,-1.9608426058020236,3,3,2.8333333333333335,3,2.8333333333333335,-1.1586506739451512,-0.9054122463769394,-1.2243599258255562,-0.8309508254868748,-1.214420626003504,2.933333333333333,-1.228219003034139,0.258226,0.063125,0.173727,0.188326,1.576988,-1.126142,-0.104416,0.491632,1.576988,-1.126142,-0.104416,0.491632,-10.883863197013655,-5.819489183276386,-9.64679304469251,-10.950771327805771,-6.899142076462357,-1.1710003601798125
STU_000200,JOUR 50,2025SP,S01,INST_JOUR50_01,2025SP,20251,JOUR 50__2025SP,JOUR 50__2025SP__S01,1,post,2.3,-0.3260853184127238,3.5,3.4,3,3.6,3.5,-0.1586428265550334,-0.1597786317135771,-0.9020301132509271,0.29226546275745297,0.06615203140974155,3.4,-0.20921361527928692,0.258226,0.063125,0.173727,0.188326,1.576988,-1.126142,-0.104416,0.491632,1.576988,-1.126142,-0.104416,0.491632,-2.2022192243095007,-1.1587984463254826,-2.237272248529163,-2.1097712257503636,-1.2836453963611612,-0.23890910802482002
STU_000041,JOUR 50,2025SP,S01,INST_JOUR50_01,2025SP,20251,JOUR 50__2025SP,JOUR 50__2025SP__S01,1,post,3.3,0.9314202872713531,4.125,3.8,4.166666666666667,4.6,3.8333333333333335,1.0913669826826138,0.5858549829497852,1.354278574771479,2.1642926098313313,0.7064383601163647,4.1,1.31929446635299,0.258226,0.063125,0.173727,0.188326,1.576988,-1.126142,-0.104416,0.491632,1.576988,-1.126142,-0.104416,0.491632,11.979916171832185,6.201856920970416,10.67763451130682,12.455871435716773,7.275300652752121,1.2935776830352428
STU_000804,JOUR 50,2025SP,S01,INST_JOUR50_01,2025SP,20251,JOUR 50__2025SP,JOUR 50__2025SP__S01,1,post,2,-0.7033370001179466,3.75,3.6,3.5,3.8,3.8333333333333335,0.3413610971400255,0.21303817561810445,0.06495932447296097,0.6666708921722283,0.7064383601163647,3.7,0.4458612768488326,0.258226,0.063125,0.173727,0.188326,1.576988,-1.126142,-0.104416,0.491632,1.576988,-1.126142,-0.104416,0.491632,3.8533509257813865,2.0097119500107308,3.2930505875069302,3.9996973033807475,2.6013057751126483,0.4173143150901978
STU_000897,JOUR 50,2025SP,S01,INST_JOUR50_01,2025SP,20251,JOUR 50__2025SP,JOUR 50__2025SP__S01,1,post,2.3,-0.3260853184127238,3.75,3.8,3.8333333333333335,4.2,3.6666666666666665,0.3413610971400255,0.5858549829497852,0.7096189496222199,1.4154817510017808,0.3862951957630527,3.8333333333333335,0.7370056733502187,0.258226,0.063125,0.173727,0.188326,1.576988,-1.126142,-0.104416,0.491632,1.576988,-1.126142,-0.104416,0.491632,6.600094444648322,3.598887923981575,5.976277392733849,7.033278875794734,4.071234792855162,0.7248110019697332
STU_000451,JOUR 50,2025SP,S02,INST_JOUR50_02,2025SP,20251,JOUR 50__2025SP,JOUR 50__2025SP__S02,1,post,3,0.5541686055661302,3.5,3,2.8333333333333335,3.4,2.8333333333333335,-0.1586428265550334,-0.9054122463769394,-1.2243599258255562,-0.08213996665732322,-1.214420626003504,3.1333333333333333,-0.7915024082820592,0.258226,0.063125,0.173727,0.188326,1.576988,-1.126142,-0.104416,0.491632,1.576988,-1.126142,-0.104416,0.491632,-6.961297050303994,-3.9985388027115,-6.534554823784772,-7.09356434805975,-4.746439066926235,-0.7727300567301277
STU_000504,JOUR 50,2025SP,S02,INST_JOUR50_02,2025SP,20251,JOUR 50__2025SP,JOUR 50__2025SP__S02,1,post,2,-0.7033370001179466,3.625,2.6,3.6666666666666665,3.4,3,0.09135913529249606,-1.6510458610403016,0.38728913704759005,-0.08213996665732322,-0.8942774616501927,3.3,-0.4275719126553268,0.258226,0.063125,0.173727,0.188326,1.576988,-1.126142,-0.104416,0.491632,1.576988,-1.126142,-0.104416,0.491632,-3.801140532050636,-2.8143818753774794,-3.2451752423104847,-3.968296870692671,-2.7978688136711702,-0.430595853944163
STU_001089,JOUR 50,2025SP,S02,INST_JOUR50_02,2025SP,20251,JOUR 50__2025SP,JOUR 50__2025SP__S02,1,post,1.7,-1.0805886818231698,3.875,3.4,3.5,3,3.1666666666666665,0.5913630589875549,-0.1597786317135771,0.06495932447296097,-0.8309508254868748,-0.5741342972968816,3.433333333333333,-0.13642751615394064,0.258226,0.063125,0.173727,0.188326,1.576988,-1.126142,-0.104416,0.491632,1.576988,-1.126142,-0.104416,0.491632,-1.068804982672803,-0.7632588350063848,-1.1321566212158591,-1.5827458980110511,-1.1256669982861567,-0.14773359912787482
STU_001082,JOUR 50,2025SP,S02,INST_JOUR50_02,2025SP,20251,JOUR 50__2025SP,JOUR 50__2025SP__S02,1,post,1.7,-1.0805886818231698,3.125,3.6,3.5,3.8,3,-0.9086487120976218,0.21303817561810445,0.06495932447296097,0.6666708921722283,-0.8942774616501927,3.3666666666666667,-0.28199971440463323,0.258226,0.063125,0.173727,0.188326,1.576988,-1.126142,-0.104416,0.491632,1.576988,-1.126142,-0.104416,0.491632,-2.900693380667566,-1.1970784832816361,-2.2199832726157864,-2.4233882714861728,-1.9910730564790424,-0.28411167653325137
STU_000281,JOUR 50,2025SP,S02,INST_JOUR50_02,2025SP,20251,JOUR 50__2025SP,JOUR 50__2025SP__S02,1,post,2.7,0.17691692386090738,3.25,3.4,3.5,3.6,3.6666666666666665,-0.6586467502500923,-0.1597786317135771,0.06495932447296097,0.29226546275745297,0.3862951957630527,3.466666666666667,-0.06364141702859338,0.258226,0.063125,0.173727,0.188326,1.576988,-1.126142,-0.104416,0.491632,1.576988,-1.126142,-0.104416,0.491632,-0.9210576403191868,-0.41504965956223594,-0.5313463351303103,-0.577425435032404,-0.2025231500402814,-0.07176525235228604
STU_001316,JOUR 50,2025SP,S02,INST_JOUR50_02,2025SP,20251,JOUR 50__2025SP,JOUR 50__2025SP__S02,1,post,2.7,0.17691692386090738,2.625,3.2,3,2.4,3,-1.9086565594877396,-0.5325954390452579,-0.9020301132509271,-1.9541671137312024,-0.8942774616501927,2.8333333333333335,-1.4465773004101776,0.258226,0.063125,0.173727,0.188326,1.576988,-1.126142,-0.104416,0.491632,1.576988,-1.126142,-0.104416,0.491632,-13.012677783817374,-6.529201982173794,-11.125063935488805,-13.120528042694444,-7.852890968519214,-1.3750224514721598
STU_001044,JOUR 50,2025SP,S02,INST_JOUR50_02,2025SP,20251,JOUR 50__2025SP,JOUR 50__2025SP__S02,1,post,2.7,0.17691692386090738,4,4,4.333333333333333,4,4.166666666666667,0.8413650208350845,0.9586717902814668,1.6766083873461073,1.0410763215870045,1.3467246888229878,4.1,1.31929446635299,0.258226,0.063125,0.173727,0.188326,1.576988,-1.126142,-0.104416,0.491632,1.576988,-1.126142,-0.104416,0.491632,11.572203470541151,6.250594454131297,10.530283860033753,11.835065477707245,7.442423733436959,1.2616083511305063
STU_001289,JOUR 50,2025SP,S03,INST_JOUR50_03,2025SP,20251,JOUR 50__2025SP,JOUR 50__2025SP__S03,1,post,2,-0.7033370001179466,3.25,3.4,3.5,3.2,3,-0.6586467502500923,-0.1597786317135771,0.06495932447296097,-0.4565453960720986,-0.8942774616501927,3.2666666666666666,-0.5003580117806731,0.258226,0.063125,0.173727,0.188326,1.576988,-1.126142,-0.104416,0.491632,1.576988,-1.126142,-0.104416,0.491632,-4.237073872496161,-2.1248822172375497,-3.4961655500425044,-4.2218893308820675,-2.8374246348753296,-0.4481128654578842
STU_000165,JOUR 50,2025SP,S03,INST_JOUR50_03,2025SP,20251,JOUR 50__2025SP,JOUR 50__2025SP__S03,1,post,2.7,0.17691692386090738,3.75,3.4,3.8333333333333335,4,4.166666666666667,0.3413610971400255,-0.1597786317135771,0.7096189496222199,1.0410763215870045,1.3467246888229878,3.8333333333333335,0.7370056733502187,0.258226,0.063125,0.173727,0.188326,1.576988,-1.126142,-0.104416,0.491632,1.576988,-1.126142,-0.104416,0.491632,6.284295258033105,3.076103661142044,5.69300087333582,6.62389676467365,4.424946527264386,0.6926911943025283
STU_001030,JOUR 50,2025SP,S03,INST_JOUR50_03,2025SP,20251,JOUR 50__2025SP,JOUR 50__2025SP__S03,1,post,1.7,-1.0805886818231698,3.625,4.2,3.1666666666666665,3.2,3.6666666666666665,0.09135913529249606,1.3314885976131483,-0.5797003006762981,-0.4565453960720986,0.3862951957630527,3.566666666666667,0.15471688034744646,0.258226,0.063125,0.173727,0.188326,1.576988,-1.126142,-0.104416,0.491632,1.576988,-1.126142,-0.104416,0.491632,1.1235209186686692,1.2334326851466257,0.7360894020803256,0.9775203038695641,0.8300297296236299,0.12182862483070998
STU_000871,JOUR 50,2025SP,S03,INST_JOUR50_03,2025SP,20251,JOUR 50__2025SP,JOUR 50__2025SP__S03,1,post,3,0.5541686055661302,3.75,3.4,3.1666666666666665,3.4,3.6666666666666665,0.3413610971400255,-0.1597786317135771,-0.5797003006762981,-0.08213996665732322,0.3862951957630527,3.5,0.009144682096752907,0.258226,0.063125,0.173727,0.188326,1.576988,-1.126142,-0.104416,0.491632,1.576988,-1.126142,-0.104416,0.491632,-0.06452659394224579,-0.21757519512078766,-0.41876065931566914,-0.23564656833963024,0.03940291920192756,-0.023613054130586134
STU_000875,JOUR 50,2025SP,S03,INST_JOUR50_03,2025SP,20251,JOUR 50__2025SP,JOUR 50__2025SP__S03,1,post,3.3,0.9314202872713531,4.25,4.2,4,3.8,4,1.3413689445301433,1.3314885976131483,1.031948762196849,0.6666708921722283,1.0265815244696759,4.066666666666666,1.2465083672276438,0.258226,0.063125,0.173727,0.188326,1.576988,-1.126142,-0.104416,0.491632,1.576988,-1.126142,-0.104416,0.491632,11.085033487226697,6.087891839575899,9.650393747118539,11.000908267329347,6.870592158239513,1.182788803930191
STU_001145,JOUR 50,2025SP,S03,INST_JOUR50_03,2025SP,20251,JOUR 50__2025SP,JOUR 50__2025SP__S03,1,post,1.7,-1.0805886818231698,3.375,2.6,3,3,3,-0.40864478840256285,-1.6510458610403016,-0.9020301132509271,-0.8309508254868748,-0.8942774616501927,3.033333333333333,-1.009860705658099,0.258226,0.063125,0.173727,0.188326,1.576988,-1.126142,-0.104416,0.491632,1.576988,-1.126142,-0.104416,0.491632,-8.688167755951941,-5.238291565889588,-7.854626786663049,-9.002553242378031,-5.604978569520264,-0.9588589219914827
STU_000848,JOUR 50,2025SP,S03,INST_JOUR50_03,2025SP,20251,JOUR 50__2025SP,JOUR 50__2025SP__S03,1,post,3,0.5541686055661302,4.375,4.4,4.333333333333333,4.4,3.8333333333333335,1.5913709063776729,1.7043054049448298,1.6766083873461073,1.789887180416557,0.7064383601163647,4.266666666666667,1.6832249619797233,0.258226,0.063125,0.173727,0.188326,1.576988,-1.126142,-0.104416,0.491632,1.576988,-1.126142,-0.104416,0.491632,15.5069193564871,8.465509897345715,13.712872592322283,15.732259224670258,9.26900625192327,1.663670180846299
STU_001315,JOUR 50,2025F,S01,INST_JOUR50_01,2025SP,20253,JOUR 50__2025F,JOUR 50__2025F__S01,1,post,3,0.5541686055661302,4.625,4.4,4.166666666666667,4,4.333333333333333,2.0913748300727315,1.7043054049448298,1.354278574771479,1.0410763215870045,1.6668678531762982,4.333333333333333,1.828797160230416,0.258226,0.063125,0.173727,0.188326,1.576988,-1.126142,-0.104416,0.491632,1.576988,-1.126142,-0.104416,0.491632,16.887677723245215,9.1011053868453,14.60436872649168,16.72128252195663,10.482258633902426,1.7954911054454392
STU_000600,JOUR 50,2025F,S01,INST_JOUR50_01,2025SP,20253,JOUR 50__2025F,JOUR 50__2025F__S01,1,post,2,-0.7033370001179466,3.5,4,4,3.6,3.8333333333333335,-0.1586428265550334,0.9586717902814668,1.031948762196849,0.29226546275745297,0.7064383601163647,3.7666666666666666,0.5914334750995252,0.258226,0.063125,0.173727,0.188326,1.576988,-1.126142,-0.104416,0.491632,1.576988,-1.126142,-0.104416,0.491632,4.996594498025331,3.078946516280338,4.853749407993566,5.2892085431861,3.447750721273126,0.5695342380887134
STU_001534,JOUR 50,2025F,S01,INST_JOUR50_01,2025SP,20253,JOUR 50__2025F,JOUR 50__2025F__S01,1,post,2.3,-0.3260853184127238,3.625,3.2,3.8333333333333335,3.8,3.5,0.09135913529249606,-0.5325954390452579,0.7096189496222199,0.6666708921722283,0.06615203140974155,3.6,0.22750297947279274,0.258226,0.063125,0.173727,0.188326,1.576988,-1.126142,-0.104416,0.491632,1.576988,-1.126142,-0.104416,0.491632,1.7924438948688517,0.6373077581900097,1.8443269124860355,2.022292754222268,1.097063010650184,0.20055251721254533
STU_000724,JOUR 50,2025F,S01,INST_JOUR50_01,2025SP,20253,JOUR 50__2025F,JOUR 50__2025F__S01,1,post,2.3,-0.3260853184127238,3.625,3.8,3.3333333333333335,2.8,3.8333333333333335,0.09135913529249606,0.5858549829497852,-0.25737048810166807,-1.205356254901651,0.7064383601163647,3.5,0.009144682096752907,0.258226,0.063125,0.173727,0.188326,1.576988,-1.126142,-0.104416,0.491632,1.576988,-1.126142,-0.104416,0.491632,-0.15710339602280135,0.21594422723862752,-0.26037629033090626,-0.51491433632334,0.25452933654399784,-0.019528031554504745
STU_001033,JOUR 50,2025F,S01,INST_JOUR50_01,2025SP,20253,JOUR 50__2025F,JOUR 50__2025F__S01,1,post,2.7,0.17691692386090738,4.25,4,3.8333333333333335,4,4.5,1.3413689445301433,0.9586717902814668,0.7096189496222199,1.0410763215870045,1.98701101752961,4.133333333333334,1.3920805654783381,0.258226,0.063125,0.173727,0.188326,1.576988,-1.126142,-0.104416,0.491632,1.576988,-1.126142,-0.104416,0.491632,12.561697573985917,6.650578617287421,10.832036980724148,12.643557001890935,8.300615268614317,1.3488786011223874
STU_000088,JOUR 50,2025F,S01,INST_JOUR50_01,2025SP,20253,JOUR 50__2025F,JOUR 50__2025F__S01,1,post,2.3,-0.3260853184127238,3.5,3.4,3.5,3,3.1666666666666665,-0.1586428265550334,-0.1597786317135771,0.06495932447296097,-0.8309508254868748,-0.5741342972968816,3.3333333333333335,-0.3547858135299795,0.258226,0.063125,0.173727,0.188326,1.576988,-1.126142,-0.104416,0.491632,1.576988,-1.126142,-0.104416,0.491632,-3.2609593634797545,-1.739038428942316,-2.8012093632170303,-3.525157586434309,-2.2132014093251375,-0.3588039583340645
STU_000926,JOUR 50,2025F,S01,INST_JOUR50_01,2025SP,20253,JOUR 50__2025F,JOUR 50__2025F__S01,1,post,3.3,0.9314202872713531,4.125,4.2,4.166666666666667,4.4,4,1.0913669826826138,1.3314885976131483,1.354278574771479,1.789887180416557,1.0265815244696759,4.166666666666667,1.4648666646036845,0.258226,0.063125,0.173727,0.188326,1.576988,-1.126142,-0.104416,0.491632,1.576988,-1.126142,-0.104416,0.491632,13.143688645195406,7.18363537231628,11.704885561294647,13.555701256605321,8.203960363318632,1.426117635810268
STU_000751,JOUR 50,2025F,S02,INST_JOUR50_02,2025SP,20253,JOUR 50__2025F,JOUR 50__2025F__S02,1,post,1.3,-1.5835909240968005,2.875,2.6,2.5,3.2,3,-1.4086526357926807,-1.6510458610403016,-1.869019550974815,-0.4565453960720986,-0.8942774616501927,2.8333333333333335,-1.4465773004101776,0.258226,0.063125,0.173727,0.188326,1.576988,-1.126142,-0.104416,0.491632,1.576988,-1.126142,-0.104416,0.491632,-12.87254764181447,-7.119679542510271,-11.532664673704256,-12.76008534122675,-7.867636519732609,-1.3806227698165494
STU_001091,JOUR 50,2025F,S02,INST_JOUR50_02,2025SP,20253,JOUR 50__2025F,JOUR 50__2025F__S02,1,post,2.3,-0.3260853184127238,3.625,4,3.6666666666666665,3.6,3.3333333333333335,0.09135913529249606,0.9586717902814668,0.38728913704759005,0.29226546275745297,-0.2539911329435696,3.6333333333333333,0.300289078598139,0.258226,0.063125,0.173727,0.188326,1.576988,-1.126142,-0.104416,0.491632,1.576988,-1.126142,-0.104416,0.491632,2.429396494281353,1.7419731042971505,2.281713704818123,2.5525449018668507,1.3123344194402975,0.2712285083104347
STU_000673,JOUR 50,2025F,S02,INST_JOUR50_02,2025SP,20253,JOUR 50__2025F,JOUR 50__2025F__S02,1,post,2,-0.7033370001179466,3.125,3.2,2.6666666666666665,2.8,2.6666666666666665,-0.9086487120976218,-0.5325954390452579,-1.546689738400186,-1.205356254901651,-1.534563790356816,2.9,-1.301005102159485,0.258226,0.063125,0.173727,0.188326,1.576988,-1.126142,-0.104416,0.491632,1.576988,-1.126142,-0.104416,0.491632,-11.479584101355986,-5.9652304273798835,-10.371709673943018,-11.75026129849391,-7.449411728288871,-1.2471714181761873
STU_000027,JOUR 50,2025F,S02,INST_JOUR50_02,2025SP,20253,JOUR 50__2025F,JOUR 50__2025F__S02,1,post,1.7,-1.0805886818231698,3.5,3.6,3.5,3.6,4.166666666666667,-0.1586428265550334,0.21303817561810445,0.06495932447296097,0.29226546275745297,1.3467246888229878,3.6666666666666665,0.3730751777234853,0.258226,0.063125,0.173727,0.188326,1.576988,-1.126142,-0.104416,0.491632,1.576988,-1.126142,-0.104416,0.491632,3.056727262611998,1.696197283079704,2.7803119722987706,3.2856475100097753,2.606239310180648,0.3513213031500286
STU_000951,JOUR 50,2025F,S02,INST_JOUR50_02,2025SP,20253,JOUR 50__2025F,JOUR 50__2025F__S02,1,post,2.7,0.17691692386090738,4,3.8,3.5,3.8,3,0.8413650208350845,0.5858549829497852,0.06495932447296097,0.6666708921722283,-0.8942774616501927,3.6333333333333333,0.300289078598139,0.258226,0.063125,0.173727,0.188326,1.576988,-1.126142,-0.104416,0.491632,1.576988,-1.126142,-0.104416,0.491632,2.733447242678127,1.493313050294327,2.116075813797275,2.6241314410996677,0.9663002526217209,0.2675268015053678
STU_001247,JOUR 50,2025F,S02,INST_JOUR50_02,2025SP,20253,JOUR 50__2025F,JOUR 50__2025F__S02,1,post,3,0.5541686055661302,4.25,4,4.333333333333333,4.2,4.333333333333333,1.3413689445301433,0.9586717902814668,1.6766083873461073,1.4154817510017808,1.6668678531762982,4.233333333333333,1.610438862854377,0.258226,0.063125,0.173727,0.188326,1.576988,-1.126142,-0.104416,0.491632,1.576988,-1.126142,-0.104416,0.491632,14.593675815602724,7.697296604488914,13.010975240654117,14.845829901204821,9.34160901956072,1.5772851821370977
STU_001005,JOUR 50,2025F,S02,INST_JOUR50_02,2025SP,20253,JOUR 50__2025F,JOUR 50__2025F__S02,1,post,2.7,0.17691692386090738,3.875,4.2,3.8333333333333335,3.8,4.166666666666667,0.5913630589875549,1.3314885976131483,0.7096189496222199,0.6666708921722283,1.3467246888229878,3.966666666666667,1.0281500698516048,0.258226,0.063125,0.173727,0.188326,1.576988,-1.126142,-0.104416,0.491632,1.576988,-1.126142,-0.104416,0.491632,8.995906162777432,5.2098579958050575,7.986014601874627,9.198019443545128,6.009622736512072,0.9853911877699572
STU_000555,JOUR 50,2025F,S03,INST_JOUR50_03,2025SP,20253,JOUR 50__2025F,JOUR 50__2025F__S03,1,post,2.3,-0.3260853184127238,4.125,4.8,3.8333333333333335,4.4,3.8333333333333335,1.0913669826826138,2.449939019608191,0.7096189496222199,1.789887180416557,0.7064383601163647,4.166666666666667,1.4648666646036845,0.258226,0.063125,0.173727,0.188326,1.576988,-1.126142,-0.104416,0.491632,1.576988,-1.126142,-0.104416,0.491632,13.204632495696377,7.8296630255195865,11.536492615970248,13.630170831992405,8.06391985876552,1.4337827079393146
STU_001084,JOUR 50,2025F,S03,INST_JOUR50_03,2025SP,20253,JOUR 50__2025F,JOUR 50__2025F__S03,1,post,3,0.5541686055661302,3.5,3.4,3,3.8,2.8333333333333335,-0.1586428265550334,-0.1597786317135771,-0.9020301132509271,0.6666708921722283,-1.214420626003504,3.3,-0.4275719126553268,0.258226,0.063125,0.173727,0.188326,1.576988,-1.126142,-0.104416,0.491632,1.576988,-1.126142,-0.104416,0.491632,-3.566162615497165,-1.8882160540012778,-3.453349934178187,-3.4270264022272694,-2.7771657552492046,-0.39628122575991903
STU_000103,JOUR 50,2025F,S03,INST_JOUR50_03,2025SP,20253,JOUR 50__2025F,JOUR 50__2025F__S03,1,post,1.7,-1.0805886818231698,3.25,3.4,3.1666666666666665,4,3.5,-0.6586467502500923,-0.1597786317135771,-0.5797003006762981,1.0410763215870045,0.06615203140974155,3.433333333333333,-0.13642751615394064,0.258226,0.063125,0.173727,0.188326,1.576988,-1.126142,-0.104416,0.491632,1.576988,-1.126142,-0.104416,0.491632,-1.4674463893803844,-0.7118689886014488,-1.2753965168897115,-0.9260157866052281,-0.6986327628030111,-0.13430183368472876
STU_000652,JOUR 50,2025F,S03,INST_JOUR50_03,2025SP,20253,JOUR 50__2025F,JOUR 50__2025F__S03,1,post,2.3,-0.3260853184127238,3.625,3.8,3.3333333333333335,3.4,3.3333333333333335,0.09135913529249606,0.5858549829497852,-0.25737048810166807,-0.08213996665732322,-0.2539911329435696,3.5,0.009144682096752907,0.258226,0.063125,0.173727,0.188326,1.576988,-1.126142,-0.104416,0.491632,1.576988,-1.126142,-0.104416,0.491632,-0.02688888489659484,0.2570058477061651,-0.1563896218398225,-0.10013699133843128,-0.17389142812424255,-0.007302440315276806
STU_000082,JOUR 50,2025F,S03,INST_JOUR50_03,2025SP,20253,JOUR 50__2025F,JOUR 50__2025F__S03,1,post,2,-0.7033370001179466,3.125,3.2,3.1666666666666665,3.2,3.1666666666666665,-0.9086487120976218,-0.5325954390452579,-0.5797003006762981,-0.4565453960720986,-0.5741342972968816,3.1666666666666665,-0.7187163091567129,0.258226,0.063125,0.173727,0.188326,1.576988,-1.126142,-0.104416,0.491632,1.576988,-1.126142,-0.104416,0.491632,-6.506975950461383,-3.4241511785651757,-5.624891014465362,-6.4326541930871,-3.9773713578269647,-0.6888750460215848
STU_001516,JOUR 50,2025F,S03,INST_JOUR50_03,2025SP,20253,JOUR 50__2025F,JOUR 50__2025F__S03,1,post,2,-0.7033370001179466,4.125,3.8,4.166666666666667,3.6,3.8333333333333335,1.0913669826826138,0.5858549829497852,1.354278574771479,0.29226546275745297,0.7064383601163647,3.933333333333333,0.9553639707262576,0.258226,0.063125,0.173727,0.188326,1.576988,-1.126142,-0.104416,0.491632,1.576988,-1.126142,-0.104416,0.491632,8.489301433887706,4.394446102314265,7.5793777942143725,8.337650146281684,5.165692986986901,0.9019207141809339
STU_001355,JOUR 50,2025F,S03,INST_JOUR50_03,2025SP,20253,JOUR 50__2025F,JOUR 50__2025F__S03,1,post,2.3,-0.3260853184127238,3.875,3.8,3.5,4,3.3333333333333335,0.5913630589875549,0.5858549829497852,0.06495932447296097,1.0410763215870045,-0.2539911329435696,3.7,0.4458612768488326,0.258226,0.063125,0.173727,0.188326,1.576988,-1.126142,-0.104416,0.491632,1.576988,-1.126142,-0.104416,0.491632,3.9707559532848085,2.199989086526588,3.327443059900992,4.136790226624797,2.1248161807884163,0.4201208864720435
STU_000806,MGMT 117,2025SP,S01,INST_MGMT117_01,2026SP,20251,MGMT 117__2025SP,MGMT 117__2025SP__S01,0,pre,2.7,0.17691692386090738,3.875,3.6,3.3333333333333335,3.6,3.8333333333333335,0.5913630589875549,0.21303817561810445,-0.25737048810166807,0.29226546275745297,0.7064383601163647,3.6666666666666665,0.3730751777234853,0.111847,0.267917,0.223,0.178653,-0.864001,0.794203,0.377771,0.165721,-0,0,0,0,3.2290004399990226,1.6463071747891145,2.546728449063362,3.165854763219252,2.2147532047205476,0.3381454307377997
STU_000671,MGMT 117,2025SP,S01,INST_MGMT117_01,2026SP,20251,MGMT 117__2025SP,MGMT 117__2025SP__S01,0,pre,2.7,0.17691692386090738,3.875,3,3.5,3,3.3333333333333335,0.5913630589875549,-0.9054122463769394,0.06495932447296097,-0.8309508254868748,-0.2539911329435696,3.4,-0.20921361527928692,0.111847,0.267917,0.223,0.178653,-0.864001,0.794203,0.377771,0.165721,-0,0,0,0,-1.6070106363138494,-1.3966979083580424,-1.5934178961691887,-2.1224797214393054,-1.2391131105464923,-0.20650381158036316
STU_000414,MGMT 117,2025SP,S01,INST_MGMT117_01,2026SP,20251,MGMT 117__2025SP,MGMT 117__2025SP__S01,0,pre,1.7,-1.0805886818231698,2.75,3.2,3.3333333333333335,3,3.1666666666666665,-1.65865459764021,-0.5325954390452579,-0.25737048810166807,-0.8309508254868748,-0.5741342972968816,3.066666666666667,-0.9370746065327518,0.111847,0.267917,0.223,0.178653,-0.864001,0.794203,0.377771,0.165721,-0,0,0,0,-8.730830993086146,-4.415504170788707,-7.182166917571296,-8.495641370227027,-5.117019811470999,-0.9029177717602106
STU_000701,MGMT 117,2025SP,S01,INST_MGMT117_01,2026SP,20251,MGMT 117__2025SP,MGMT 117__2025SP__S01,0,pre,3.7,1.4344225295449842,4.375,4.2,4.5,4,3,1.5913709063776729,1.3314885976131483,1.9989381999207372,1.0410763215870045,-0.8942774616501927,4.033333333333333,1.1737222681022974,0.111847,0.267917,0.223,0.178653,-0.864001,0.794203,0.377771,0.165721,-0,0,0,0,10.762635022239268,5.8599919248260965,9.654824545820253,10.673147626999095,5.56843443092101,1.1337631456530666
STU_000607,MGMT 117,2025SP,S01,INST_MGMT117_01,2026SP,20251,MGMT 117__2025SP,MGMT 117__2025SP__S01,0,pre,2.3,-0.3260853184127238,3.375,4,3.8333333333333335,3.6,3.3333333333333335,-0.40864478840256285,0.9586717902814668,0.7096189496222199,0.29226546275745297,-0.2539911329435696,3.6,0.22750297947279274,0.111847,0.267917,0.223,0.178653,-0.864001,0.794203,0.377771,0.165721,-0,0,0,0,1.577585744151671,1.3770770646452934,1.8116962745566094,1.9043777262324224,0.9028937498555802,0.19789504643571296
STU_000680,MGMT 117,2025SP,S01,INST_MGMT117_01,2026SP,20251,MGMT 117__2025SP,MGMT 117__2025SP__S01,0,pre,2.7,0.17691692386090738,3,3.2,2.8333333333333335,3,3,-1.1586506739451512,-0.5325954390452579,-1.2243599258255562,-0.8309508254868748,-0.8942774616501927,3,-1.0826468047834452,0.111847,0.267917,0.223,0.178653,-0.864001,0.794203,0.377771,0.165721,-0,0,0,0,-9.597007488396276,-4.9499970083335905,-8.491383908032933,-9.607865090495059,-5.949516351252297,-1.0250348183462668
STU_001446,MGMT 117,2025SP,S01,INST_MGMT117_01,2026SP,20251,MGMT 117__2025SP,MGMT 117__2025SP__S01,0,pre,2.3,-0.3260853184127238,3.25,3.6,3.1666666666666665,3.6,3.1666666666666665,-0.6586467502500923,0.21303817561810445,-0.5797003006762981,0.29226546275745297,-0.5741342972968816,3.3333333333333335,-0.3547858135299795,0.111847,0.267917,0.223,0.178653,-0.864001,0.794203,0.377771,0.165721,-0,0,0,0,-3.418437986056445,-1.5031822124905314,-3.0054521783043127,-3.164059722271698,-2.1936083390950563,-0.35363338342201195
STU_000202,MGMT 117,2025SP,S02,INST_MGMT117_02,2026SP,20251,MGMT 117__2025SP,MGMT 117__2025SP__S02,0,pre,2.3,-0.3260853184127238,3.5,3.6,3.6666666666666665,3.6,3.6666666666666665,-0.1586428265550334,0.21303817561810445,0.38728913704759005,0.29226546275745297,0.3862951957630527,3.6,0.22750297947279274,0.111847,0.267917,0.223,0.178653,-0.864001,0.794203,0.377771,0.165721,-0,0,0,0,1.8131488527931525,1.0658394234745348,1.824366271876083,2.012212788415952,1.2967469327408023,0.21131673034768694
STU_001490,MGMT 117,2025SP,S02,INST_MGMT117_02,2026SP,20251,MGMT 117__2025SP,MGMT 117__2025SP__S02,0,pre,2.3,-0.3260853184127238,4.5,4.2,4,3.8,4.333333333333333,1.8413728682252022,1.3314885976131483,1.031948762196849,0.6666708921722283,1.6668678531762982,4.2,1.5376527637290307,0.111847,0.267917,0.223,0.178653,-0.864001,0.794203,0.377771,0.165721,-0,0,0,0,14.162634489600883,7.5423184564321515,12.162857065173963,13.920907463033398,8.896540733289982,1.5008021631798905
STU_001195,MGMT 117,2025SP,S02,INST_MGMT117_02,2026SP,20251,MGMT 117__2025SP,MGMT 117__2025SP__S02,0,pre,2,-0.7033370001179466,3.875,3.4,3.8333333333333335,3.2,3.6666666666666665,0.5913630589875549,-0.1597786317135771,0.7096189496222199,-0.4565453960720986,0.3862951957630527,3.6333333333333333,0.300289078598139,0.111847,0.267917,0.223,0.178653,-0.864001,0.794203,0.377771,0.165721,-0,0,0,0,2.811162584057101,1.2502888284581883,2.5259844938153995,2.5093216814641175,1.7595635562365064,0.28877429817491934
STU_000011,MGMT 117,2025SP,S02,INST_MGMT117_02,2026SP,20251,MGMT 117__2025SP,MGMT 117__2025SP__S02,0,pre,2.3,-0.3260853184127238,3.625,3.6,3.6666666666666665,3.6,3.3333333333333335,0.09135913529249606,0.21303817561810445,0.38728913704759005,0.29226546275745297,-0.2539911329435696,3.566666666666667,0.15471688034744646,0.111847,0.267917,0.223,0.178653,-0.864001,0.794203,0.377771,0.165721,-0,0,0,0,0.9339911203733718,0.5670444789142484,0.9531375089168413,1.033636254722647,0.3928319342679958,0.10411119758482532
STU_001421,MGMT 117,2025SP,S02,INST_MGMT117_02,2026SP,20251,MGMT 117__2025SP,MGMT 117__2025SP__S02,0,pre,2.3,-0.3260853184127238,4.125,3.6,3.3333333333333335,3.8,3.6666666666666665,1.0913669826826138,0.21303817561810445,-0.25737048810166807,0.6666708921722283,0.3862951957630527,3.7333333333333334,0.5186473759741789,0.111847,0.267917,0.223,0.178653,-0.864001,0.794203,0.377771,0.165721,-0,0,0,0,4.846115058461388,2.3551770264256082,3.7693791886103436,4.6941142979177135,2.8587428515103843,0.49335767008407677
STU_000643,MGMT 117,2025SP,S02,INST_MGMT117_02,2026SP,20251,MGMT 117__2025SP,MGMT 117__2025SP__S02,0,pre,1.3,-1.5835909240968005,4.375,4.4,4,3.6,4.333333333333333,1.5913709063776729,1.7043054049448298,1.031948762196849,0.29226546275745297,1.6668678531762982,4.166666666666667,1.4648666646036845,0.111847,0.267917,0.223,0.178653,-0.864001,0.794203,0.377771,0.165721,-0,0,0,0,13.216619573034249,7.326996203494586,11.455219029580652,12.985736867211305,8.438531506735504,1.4106694489204261
STU_001272,MGMT 117,2025SP,S03,INST_MGMT117_03,2026SP,20251,MGMT 117__2025SP,MGMT 117__2025SP__S03,0,pre,2.7,0.17691692386090738,2.875,3.4,3.1666666666666665,3.6,3.1666666666666665,-1.4086526357926807,-0.1597786317135771,-0.5797003006762981,0.29226546275745297,-0.5741342972968816,3.2,-0.6459302100313656,0.111847,0.267917,0.223,0.178653,-0.864001,0.794203,0.377771,0.165721,-0,0,0,0,-5.983067930349397,-2.8684505048641786,-4.961368875944924,-5.4632068633965565,-3.5327836804948554,-0.6065020743873348
STU_001337,MGMT 117,2025SP,S03,INST_MGMT117_03,2026SP,20251,MGMT 117__2025SP,MGMT 117__2025SP__S03,0,pre,3.3,0.9314202872713531,4,3.8,3.8333333333333335,4,3.8333333333333335,0.8413650208350845,0.5858549829497852,0.7096189496222199,1.0410763215870045,0.7064383601163647,3.9,0.8825778716009113,0.111847,0.267917,0.223,0.178653,-0.864001,0.794203,0.377771,0.165721,-0,0,0,0,7.849955242921851,4.139612622027644,6.879253639435585,8.016967291989637,4.869944292235365,0.8431506687673138
STU_001326,MGMT 117,2025SP,S03,INST_MGMT117_03,2026SP,20251,MGMT 117__2025SP,MGMT 117__2025SP__S03,0,pre,3,0.5541686055661302,4,3,3.8333333333333335,4,4,0.8413650208350845,-0.9054122463769394,0.7096189496222199,1.0410763215870045,1.0265815244696759,3.8,0.6642195742248714,0.111847,0.267917,0.223,0.178653,-0.864001,0.794203,0.377771,0.165721,-0,0,0,0,5.963791647617692,2.407221401833934,5.205545070136349,6.062062201011138,3.8828009496213243,0.6303678084060884
STU_000979,MGMT 117,2025SP,S03,INST_MGMT117_03,2026SP,20251,MGMT 117__2025SP,MGMT 117__2025SP__S03,0,pre,2,-0.7033370001179466,4,3.8,3.5,4,3.6666666666666665,0.8413650208350845,0.5858549829497852,0.06495932447296097,1.0410763215870045,0.3862951957630527,3.8,0.6642195742248714,0.111847,0.267917,0.223,0.178653,-0.864001,0.794203,0.377771,0.165721,-0,0,0,0,5.630819702908251,2.990928769798926,4.682342143274289,5.729383598933379,3.359076269983835,0.5950368174738596
STU_000105,MGMT 117,2025SP,S03,INST_MGMT117_03,2026SP,20251,MGMT 117__2025SP,MGMT 117__2025SP__S03,0,pre,2.7,0.17691692386090738,3.75,4,3.3333333333333335,3.8,3.8333333333333335,0.3413610971400255,0.9586717902814668,-0.25737048810166807,0.6666708921722283,0.7064383601163647,3.7333333333333334,0.5186473759741789,0.111847,0.267917,0.223,0.178653,-0.864001,0.794203,0.377771,0.165721,-0,0,0,0,4.3881279465228795,2.6510814144892745,3.6237303220823835,4.536576986285229,2.9042858247291767,0.47612890030924404
STU_001459,MGMT 117,2025SP,S03,INST_MGMT117_03,2026SP,20251,MGMT 117__2025SP,MGMT 117__2025SP__S03,0,pre,1.3,-1.5835909240968005,1.875,2,1.6666666666666667,2.2,2,-3.408668330572916,-2.7694962830353456,-3.480668613847962,-2.328572543145978,-2.8151364477700613,1.9333333333333333,-3.4118019767945347,0.111847,0.267917,0.223,0.178653,-0.864001,0.794203,0.377771,0.165721,-0,0,0,0,-28.972667233201403,-15.516639928180684,-25.57889117629431,-29.045253570347338,-18.045011834685205,-3.1053748084406636
STU_000879,MGMT 117,2025SP,S03,INST_MGMT117_03,2026SP,20251,MGMT 117__2025SP,MGMT 117__2025SP__S03,0,pre,2,-0.7033370001179466,3.375,3.2,3.6666666666666665,3.4,3.5,-0.40864478840256285,-0.5325954390452579,0.38728913704759005,-0.08213996665732322,0.06615203140974155,3.433333333333333,-0.13642751615394064,0.111847,0.267917,0.223,0.178653,-0.864001,0.794203,0.377771,0.165721,-0,0,0,0,-1.3503597746755513,-0.8950756806569111,-0.8934619188288964,-1.2453239753150078,-0.6808062746022342,-0.13297893609109973
STU_000968,MGMT 117,2025F,S01,INST_MGMT117_01,2026SP,20253,MGMT 117__2025F,MGMT 117__2025F__S01,0,pre,2.3,-0.3260853184127238,4.5,4.6,3.8333333333333335,4.6,4,1.8413728682252022,2.07712221227651,0.7096189496222199,2.1642926098313313,1.0265815244696759,4.3,1.7560110611050697,0.111847,0.267917,0.223,0.178653,-0.864001,0.794203,0.377771,0.165721,-0,0,0,0,16.00037988556546,8.913693682452736,13.674705705843206,16.287126676794355,9.693798820594685,1.7108743806069695
STU_000507,MGMT 117,2025F,S01,INST_MGMT117_01,2026SP,20253,MGMT 117__2025F,MGMT 117__2025F__S01,0,pre,1.7,-1.0805886818231698,3.25,3.2,3.8333333333333335,4,3.5,-0.6586467502500923,-0.5325954390452579,0.7096189496222199,1.0410763215870045,0.06615203140974155,3.533333333333333,0.0819307812220992,0.111847,0.267917,0.223,0.178653,-0.864001,0.794203,0.377771,0.165721,-0,0,0,0,0.22696141676826492,-0.018181516751329247,0.7009222463577008,0.8109613777405481,0.3105147835155314,0.05713429220768646
STU_000256,MGMT 117,2025F,S01,INST_MGMT117_01,2026SP,20253,MGMT 117__2025F,MGMT 117__2025F__S01,0,pre,2.7,0.17691692386090738,3.875,4,4,3.8,3.3333333333333335,0.5913630589875549,0.9586717902814668,1.031948762196849,0.6666708921722283,-0.2539911329435696,3.8,0.6642195742248714,0.111847,0.267917,0.223,0.178653,-0.864001,0.794203,0.377771,0.165721,-0,0,0,0,6.082383378523164,3.5025739376876364,5.506780143288904,6.165028231479541,3.353518690595925,0.6534367949886455
STU_001554,MGMT 117,2025F,S01,INST_MGMT117_01,2026SP,20253,MGMT 117__2025F,MGMT 117__2025F__S01,0,pre,2.3,-0.3260853184127238,3.375,2.6,2.6666666666666665,3.2,2.6666666666666665,-0.40864478840256285,-1.6510458610403016,-1.546689738400186,-0.4565453960720986,-1.534563790356816,2.933333333333333,-1.228219003034139,0.111847,0.267917,0.223,0.178653,-0.864001,0.794203,0.377771,0.165721,-0,0,0,0,-10.437520755319932,-6.087609811806131,-9.622512100382172,-10.679948300486235,-6.949269806545316,-1.153518486943466
STU_000533,MGMT 117,2025F,S01,INST_MGMT117_01,2026SP,20253,MGMT 117__2025F,MGMT 117__2025F__S01,0,pre,3,0.5541686055661302,3.25,3.4,3,3.6,3.5,-0.6586467502500923,-0.1597786317135771,-0.9020301132509271,0.29226546275745297,0.06615203140974155,3.3333333333333335,-0.3547858135299795,0.111847,0.267917,0.223,0.178653,-0.864001,0.794203,0.377771,0.165721,-0,0,0,0,-3.55390257763387,-1.808868188492309,-3.218329989385889,-3.2895312389838227,-1.968553585138833,-0.36826778555979206
STU_000236,MGMT 117,2025F,S01,INST_MGMT117_01,2026SP,20253,MGMT 117__2025F,MGMT 117__2025F__S01,0,pre,3.3,0.9314202872713531,3.75,3.8,4.166666666666667,3.6,4,0.3413610971400255,0.5858549829497852,1.354278574771479,0.29226546275745297,1.0265815244696759,3.8666666666666667,0.809791772475565,0.111847,0.267917,0.223,0.178653,-0.864001,0.794203,0.377771,0.165721,-0,0,0,0,6.837283342436504,3.759008215923559,6.453092138377175,7.0183227510319615,4.647241584241527,0.758432261028228
STU_001090,MGMT 117,2025F,S01,INST_MGMT117_01,2026SP,20253,MGMT 117__2025F,MGMT 117__2025F__S01,0,pre,2,-0.7033370001179466,3.875,4,3.8333333333333335,3.4,3.6666666666666665,0.5913630589875549,0.9586717902814668,0.7096189496222199,-0.08213996665732322,0.3862951957630527,3.7666666666666666,0.5914334750995252,0.111847,0.267917,0.223,0.178653,-0.864001,0.794203,0.377771,0.165721,-0,0,0,0,5.29070446605074,3.0711252089756487,4.7155031580996445,5.158153265503824,3.2498954904357817,0.5668026662579646
STU_001256,MGMT 117,2025F,S02,INST_MGMT117_02,2026SP,20253,MGMT 117__2025F,MGMT 117__2025F__S02,0,pre,1.3,-1.5835909240968005,3.75,4,4,3.4,2.6666666666666665,0.3413610971400255,0.9586717902814668,1.031948762196849,-0.08213996665732322,-1.534563790356816,3.566666666666667,0.15471688034744646,0.111847,0.267917,0.223,0.178653,-0.864001,0.794203,0.377771,0.165721,-0,0,0,0,1.2883679707165439,1.0854430628528775,1.405909151645459,1.1619703099832113,-0.14635198876290537,0.1295914603276904
STU_000771,MGMT 117,2025F,S02,INST_MGMT117_02,2026SP,20253,MGMT 117__2025F,MGMT 117__2025F__S02,0,pre,2,-0.7033370001179466,4.25,4,4.333333333333333,4.6,3.6666666666666665,1.3413689445301433,0.9586717902814668,1.6766083873461073,2.1642926098313313,0.3862951957630527,4.166666666666667,1.4648666646036845,0.111847,0.267917,0.223,0.178653,-0.864001,0.794203,0.377771,0.165721,-0,0,0,0,13.097699987448703,6.927497892747749,11.684609085385123,13.5105694690028,7.729032541339965,1.4093008686865294
STU_001087,MGMT 117,2025F,S02,INST_MGMT117_02,2026SP,20253,MGMT 117__2025F,MGMT 117__2025F__S02,0,pre,2.3,-0.3260853184127238,3.25,2.8,3.8333333333333335,3.2,3.6666666666666665,-0.6586467502500923,-1.278229053708621,0.7096189496222199,-0.4565453960720986,0.3862951957630527,3.3666666666666667,-0.28199971440463323,0.111847,0.267917,0.223,0.178653,-0.864001,0.794203,0.377771,0.165721,-0,0,0,0,-3.0875616665460828,-2.112020398878073,-2.2059927084892634,-3.0230592958772644,-1.5377177544429486,-0.31470706784502267
STU_000438,MGMT 117,2025F,S02,INST_MGMT117_02,2026SP,20253,MGMT 117__2025F,MGMT 117__2025F__S02,0,pre,3.3,0.9314202872713531,4.25,4,4,3.8,4.333333333333333,1.3413689445301433,0.9586717902814668,1.031948762196849,0.6666708921722283,1.6668678531762982,4.1,1.31929446635299,0.111847,0.267917,0.223,0.178653,-0.864001,0.794203,0.377771,0.165721,-0,0,0,0,11.931088446244642,6.350721580295757,10.428345003494279,11.900585858565087,7.742287174239067,1.2794208211750355
STU_000383,MGMT 117,2025F,S02,INST_MGMT117_02,2026SP,20253,MGMT 117__2025F,MGMT 117__2025F__S02,0,pre,1.7,-1.0805886818231698,3.875,3.6,3.3333333333333335,4,3.6666666666666665,0.5913630589875549,0.21303817561810445,-0.25737048810166807,1.0410763215870045,0.3862951957630527,3.7,0.4458612768488326,0.111847,0.267917,0.223,0.178653,-0.864001,0.794203,0.377771,0.165721,-0,0,0,0,3.79364909833341,1.9395810578756008,3.037615073320131,3.9505571663532106,2.3348330234127896,0.40066915483452903
STU_000748,MGMT 117,2025F,S02,INST_MGMT117_02,2026SP,20253,MGMT 117__2025F,MGMT 117__2025F__S02,0,pre,2,-0.7033370001179466,2.5,3,3,3,2.5,-2.158658521335269,-0.9054122463769394,-0.9020301132509271,-0.8309508254868748,-1.8547069547101271,2.7666666666666666,-1.5921494986608713,0.111847,0.267917,0.223,0.178653,-0.864001,0.794203,0.377771,0.165721,-0,0,0,0,-14.197812691761758,-7.273383881665775,-12.084192242548369,-13.93244521919286,-8.965687447694595,-1.4969719316640988
STU_001439,MGMT 117,2025F,S02,INST_MGMT117_02,2026SP,20253,MGMT 117__2025F,MGMT 117__2025F__S02,0,pre,2.3,-0.3260853184127238,4.125,3.6,4,3.6,3.6666666666666665,1.0913669826826138,0.21303817561810445,1.031948762196849,0.29226546275745297,0.3862951957630527,3.8333333333333335,0.7370056733502187,0.111847,0.267917,0.223,0.178653,-0.864001,0.794203,0.377771,0.165721,-0,0,0,0,6.407569282680243,3.167018361747154,5.632299707370752,6.211606384119215,3.752133540394274,0.6704691461593297
STU_001379,MGMT 117,2025F,S03,INST_MGMT117_03,2026SP,20253,MGMT 117__2025F,MGMT 117__2025F__S03,0,pre,1,-1.9608426058020236,3.375,4,3.6666666666666665,3.2,3,-0.40864478840256285,0.9586717902814668,0.38728913704759005,-0.4565453960720986,-0.8942774616501927,3.433333333333333,-0.13642751615394064,0.111847,0.267917,0.223,0.178653,-0.864001,0.794203,0.377771,0.165721,-0,0,0,0,-1.4950588447205992,-0.2119953633318831,-1.0303031381474528,-1.4959320731345152,-1.2917308468091442,-0.1494485556687611
STU_000260,MGMT 117,2025F,S03,INST_MGMT117_03,2026SP,20253,MGMT 117__2025F,MGMT 117__2025F__S03,0,pre,3.7,1.4344225295449842,3.125,2.4,3.1666666666666665,2.6,3.1666666666666665,-0.9086487120976218,-2.0238626683719834,-0.5797003006762981,-1.5797616843164264,-0.5741342972968816,2.933333333333333,-1.228219003034139,0.111847,0.267917,0.223,0.178653,-0.864001,0.794203,0.377771,0.165721,-0,0,0,0,-10.576020321948167,-6.274757374570314,-9.252411459598052,-10.955290893640605,-6.434797966136472,-1.1495053587560438
STU_001071,MGMT 117,2025F,S03,INST_MGMT117_03,2026SP,20253,MGMT 117__2025F,MGMT 117__2025F__S03,0,pre,2,-0.7033370001179466,3.75,3.6,3.8333333333333335,2.8,3.6666666666666665,0.3413610971400255,0.21303817561810445,0.7096189496222199,-1.205356254901651,0.3862951957630527,3.566666666666667,0.15471688034744646,0.111847,0.267917,0.223,0.178653,-0.864001,0.794203,0.377771,0.165721,-0,0,0,0,1.223041317213908,0.6677920377599362,1.2323118280405756,0.7883372281660325,0.8529006454458935,0.123525847564571
STU_000604,MGMT 117,2025F,S03,INST_MGMT117_03,2026SP,20253,MGMT 117__2025F,MGMT 117__2025F__S03,0,pre,2.3,-0.3260853184127238,3.5,2.8,3.3333333333333335,3,3.1666666666666665,-0.1586428265550334,-1.278229053708621,-0.25737048810166807,-0.8309508254868748,-0.5741342972968816,3.2,-0.6459302100313656,0.111847,0.267917,0.223,0.178653,-0.864001,0.794203,0.377771,0.165721,-0,0,0,0,-5.584000273504819,-3.447868208540531,-4.948513331997397,-5.893231340097677,-3.6442387693509,-0.6190650592661426
STU_000007,MGMT 117,2025F,S03,INST_MGMT117_03,2026SP,20253,MGMT 117__2025F,MGMT 117__2025F__S03,0,pre,1,-1.9608426058020236,2.875,3,2.6666666666666665,2.6,2.6666666666666665,-1.4086526357926807,-0.9054122463769394,-1.546689738400186,-1.5797616843164264,-1.534563790356816,2.7666666666666666,-1.5921494986608713,0.111847,0.267917,0.223,0.178653,-0.864001,0.794203,0.377771,0.165721,-0,0,0,0,-14.266382856817508,-7.494141419938889,-12.624396710516312,-14.503434639874419,-9.01583436216903,-1.5362828317692936
STU_000479,MGMT 117,2025F,S03,INST_MGMT117_03,2026SP,20253,MGMT 117__2025F,MGMT 117__2025F__S03,0,pre,3,0.5541686055661302,3.75,4.2,3.6666666666666665,3.2,4,0.3413610971400255,1.3314885976131483,0.38728913704759005,-0.4565453960720986,1.0265815244696759,3.7666666666666666,0.5914334750995252,0.111847,0.267917,0.223,0.178653,-0.864001,0.794203,0.377771,0.165721,-0,0,0,0,5.070771254244767,3.232375328577169,4.507971796788333,4.9730825287864615,3.5659634624246666,0.557365282658015
STU_000406,MGMT 117,2026SP,S01,INST_MGMT117_01,2026SP,20261,MGMT 117__2026SP,MGMT 117__2026SP__S01,1,post,2.3,-0.3260853184127238,3.25,3.6,3.6666666666666665,3.6,3.1666666666666665,-0.6586467502500923,0.21303817561810445,0.38728913704759005,0.29226546275745297,-0.5741342972968816,3.433333333333333,-0.13642751615394064,0.111847,0.267917,0.223,0.178653,-0.864001,0.794203,0.377771,0.165721,-0.864001,0.794203,0.377771,0.165721,-1.7017836423189876,-0.6173129916787549,-1.0957972896453017,-1.3548546330648212,-1.1509512684718117,-0.15722293514373398
STU_000636,MGMT 117,2026SP,S01,INST_MGMT117_01,2026SP,20261,MGMT 117__2026SP,MGMT 117__2026SP__S01,1,post,2,-0.7033370001179466,3.75,4.2,3.5,4.2,3.8333333333333335,0.3413610971400255,1.3314885976131483,0.06495932447296097,1.4154817510017808,0.7064383601163647,3.8666666666666667,0.809791772475565,0.111847,0.267917,0.223,0.178653,-0.864001,0.794203,0.377771,0.165721,-0.864001,0.794203,0.377771,0.165721,6.946393925187868,4.175955562507796,6.023326129554172,7.405724606379657,4.459697631109853,0.7655287609415992
STU_000903,MGMT 117,2026SP,S01,INST_MGMT117_01,2026SP,20261,MGMT 117__2026SP,MGMT 117__2026SP__S01,1,post,1,-1.9608426058020236,4.125,4.4,4.333333333333333,3.2,4.166666666666667,1.0913669826826138,1.7043054049448298,1.6766083873461073,-0.4565453960720986,1.3467246888229878,4.066666666666666,1.2465083672276438,0.111847,0.267917,0.223,0.178653,-0.864001,0.794203,0.377771,0.165721,-0.864001,0.794203,0.377771,0.165721,11.215586141639596,6.419935911984921,10.136959768032288,10.931475022172673,7.179668746822075,1.2093823154720937
STU_001187,MGMT 117,2026SP,S01,INST_MGMT117_01,2026SP,20261,MGMT 117__2026SP,MGMT 117__2026SP__S01,1,post,2.7,0.17691692386090738,3.875,3,4,4,4,0.5913630589875549,-0.9054122463769394,1.031948762196849,1.0410763215870045,1.0265815244696759,3.8,0.6642195742248714,0.111847,0.267917,0.223,0.178653,-0.864001,0.794203,0.377771,0.165721,-0.864001,0.794203,0.377771,0.165721,5.953695539994307,2.481362607370417,5.415563342213268,6.154095022353089,3.9601476753943508,0.6413761010976499
STU_001086,MGMT 117,2026SP,S01,INST_MGMT117_01,2026SP,20261,MGMT 117__2026SP,MGMT 117__2026SP__S01,1,post,2.7,0.17691692386090738,3.875,3.8,3.8333333333333335,4,3.5,0.5913630589875549,0.5858549829497852,0.7096189496222199,1.0410763215870045,0.06615203140974155,3.8,0.6642195742248714,0.111847,0.267917,0.223,0.178653,-0.864001,0.794203,0.377771,0.165721,-0.864001,0.794203,0.377771,0.165721,5.736446932969024,3.1360579114032814,5.1250780018332565,5.959297206937759,3.3668301822648536,0.6200983877791629
STU_000390,MGMT 117,2026SP,S01,INST_MGMT117_01,2026SP,20261,MGMT 117__2026SP,MGMT 117__2026SP__S01,1,post,2.7,0.17691692386090738,4.375,4.6,4.833333333333333,4.8,4.333333333333333,1.5913709063776729,2.07712221227651,2.643597825069995,2.538698039246108,1.6668678531762982,4.566666666666666,2.338299854107842,0.111847,0.267917,0.223,0.178653,-0.864001,0.794203,0.377771,0.165721,-0.864001,0.794203,0.377771,0.165721,22.083757383278172,12.102531210441244,19.90539330589604,22.7240903410025,13.773068007447877,2.4013473158961545
STU_001402,MGMT 117,2026SP,S01,INST_MGMT117_01,2026SP,20261,MGMT 117__2026SP,MGMT 117__2026SP__S01,1,post,3.3,0.9314202872713531,3.875,4.2,4,4.2,3.8333333333333335,0.5913630589875549,1.3314885976131483,1.031948762196849,1.4154817510017808,0.7064383601163647,4,1.100936168976951,0.111847,0.267917,0.223,0.178653,-0.864001,0.794203,0.377771,0.165721,-0.864001,0.794203,0.377771,0.165721,9.722754625923463,5.53811441759813,8.740440894152396,10.145172677848441,6.085303875540764,1.0648978151846447
STU_001079,MGMT 117,2026SP,S01,INST_MGMT117_01,2026SP,20261,MGMT 117__2026SP,MGMT 117__2026SP__S01,1,post,3.7,1.4344225295449842,4.5,4.4,4.5,4,3.8333333333333335,1.8413728682252022,1.7043054049448298,1.9989381999207372,1.0410763215870045,0.7064383601163647,4.266666666666667,1.6832249619797233,0.111847,0.267917,0.223,0.178653,-0.864001,0.794203,0.377771,0.165721,-0.864001,0.794203,0.377771,0.165721,15.661013807808171,8.527621214989626,13.852209862783447,15.55274533497646,9.291495712683572,1.6680742171506981
STU_000444,MGMT 117,2026SP,S02,INST_MGMT117_02,2026SP,20261,MGMT 117__2026SP,MGMT 117__2026SP__S02,1,post,2.7,0.17691692386090738,3.625,3.4,3.3333333333333335,3.4,3.3333333333333335,0.09135913529249606,-0.1597786317135771,-0.25737048810166807,-0.08213996665732322,-0.2539911329435696,3.433333333333333,-0.13642751615394064,0.111847,0.267917,0.223,0.178653,-0.864001,0.794203,0.377771,0.165721,-0.864001,0.794203,0.377771,0.165721,-1.0952102602169964,-0.6200585775614297,-1.0835132410042227,-1.1805882909116638,-0.8234572137583736,-0.126431722989864
STU_000397,MGMT 117,2026SP,S02,INST_MGMT117_02,2026SP,20261,MGMT 117__2026SP,MGMT 117__2026SP__S02,1,post,3.3,0.9314202872713531,4.125,3.4,3.8333333333333335,4,3.8333333333333335,1.0913669826826138,-0.1597786317135771,0.7096189496222199,1.0410763215870045,0.7064383601163647,3.8666666666666667,0.809791772475565,0.111847,0.267917,0.223,0.178653,-0.864001,0.794203,0.377771,0.165721,-0.864001,0.794203,0.377771,0.165721,7.4109821475734075,3.476116619678881,6.396538559577484,7.438797225592532,4.503414472614685,0.7802697333324043
STU_000769,MGMT 117,2026SP,S02,INST_MGMT117_02,2026SP,20261,MGMT 117__2026SP,MGMT 117__2026SP__S02,1,post,2.7,0.17691692386090738,4,3.6,3.8333333333333335,3.4,3.8333333333333335,0.8413650208350845,0.21303817561810445,0.7096189496222199,-0.08213996665732322,0.7064383601163647,3.7666666666666666,0.5914334750995252,0.111847,0.267917,0.223,0.178653,-0.864001,0.794203,0.377771,0.165721,-0.864001,0.794203,0.377771,0.165721,5.431909582186222,2.7041934693669623,4.7273030349181475,5.184756605602613,3.430920342412723,0.5697102828533552
STU_000503,MGMT 117,2026SP,S02,INST_MGMT117_02,2026SP,20261,MGMT 117__2026SP,MGMT 117__2026SP__S02,1,post,3,0.5541686055661302,4.125,4.2,4.333333333333333,4.4,4.166666666666667,1.0913669826826138,1.3314885976131483,1.6766083873461073,1.789887180416557,1.3467246888229878,4.233333333333333,1.610438862854377,0.111847,0.267917,0.223,0.178653,-0.864001,0.794203,0.377771,0.165721,-0.864001,0.794203,0.377771,0.165721,14.449067184513368,7.870271890894516,12.998348230792024,14.902605451594992,9.111477839171748,1.5726828833541433
STU_000341,MGMT 117,2026SP,S02,INST_MGMT117_02,2026SP,20261,MGMT 117__2026SP,MGMT 117__2026SP__S02,1,post,1,-1.9608426058020236,4.5,4.2,4.333333333333333,4.6,4.166666666666667,1.8413728682252022,1.3314885976131483,1.6766083873461073,2.1642926098313313,1.3467246888229878,4.366666666666666,1.9015832593557622,0.111847,0.267917,0.223,0.178653,-0.864001,0.794203,0.377771,0.165721,-0.864001,0.794203,0.377771,0.165721,17.57035057109831,9.322398596259534,15.431927658929482,17.8694462920303,10.816734960159417,1.8851296096148484
STU_001527,MGMT 117,2026SP,S02,INST_MGMT117_02,2026SP,20261,MGMT 117__2026SP,MGMT 117__2026SP__S02,1,post,3,0.5541686055661302,3.625,3,3.8333333333333335,3.2,3.8333333333333335,0.09135913529249606,-0.9054122463769394,0.7096189496222199,-0.4565453960720986,0.7064383601163647,3.533333333333333,0.0819307812220992,0.111847,0.267917,0.223,0.178653,-0.864001,0.794203,0.377771,0.165721,-0.864001,0.794203,0.377771,0.165721,0.7192541213800258,-0.11490861248021078,0.8720117487244556,0.5664669495940081,0.8076813628491352,0.07734034875864378
STU_000563,MGMT 117,2026SP,S02,INST_MGMT117_02,2026SP,20261,MGMT 117__2026SP,MGMT 117__2026SP__S02,1,post,2.3,-0.3260853184127238,3.375,3.4,3,3.6,4,-0.40864478840256285,-0.1597786317135771,-0.9020301132509271,0.29226546275745297,1.0265815244696759,3.466666666666667,-0.06364141702859338,0.111847,0.267917,0.223,0.178653,-0.864001,0.794203,0.377771,0.165721,-0.864001,0.794203,0.377771,0.165721,-0.851221378800969,-0.4181174397921301,-0.9419075818334262,-0.603025276863843,0.16349968316013966,-0.0745628197479266
STU_000287,MGMT 117,2026SP,S03,INST_MGMT117_03,2026SP,20261,MGMT 117__2026SP,MGMT 117__2026SP__S03,1,post,2.7,0.17691692386090738,3.875,3.8,3.5,4.2,4.333333333333333,0.5913630589875549,0.5858549829497852,0.06495932447296097,1.4154817510017808,1.6668678531762982,3.933333333333333,0.9553639707262576,0.111847,0.267917,0.223,0.178653,-0.864001,0.794203,0.377771,0.165721,-0.864001,0.794203,0.377771,0.165721,8.39042221160989,4.473062843343088,7.184769918938643,8.775196556791379,5.815680265984003,0.915673163253615
STU_001347,MGMT 117,2026SP,S03,INST_MGMT117_03,2026SP,20261,MGMT 117__2026SP,MGMT 117__2026SP__S03,1,post,1.7,-1.0805886818231698,3.625,3.2,3.5,3.2,3.6666666666666665,0.09135913529249606,-0.5325954390452579,0.06495932447296097,-0.4565453960720986,0.3862951957630527,3.466666666666667,-0.06364141702859338,0.111847,0.267917,0.223,0.178653,-0.864001,0.794203,0.377771,0.165721,-0.864001,0.794203,0.377771,0.165721,-0.3987084826206631,-0.5016168240689425,-0.37769540322805173,-0.5968994468062282,-0.08458403314374857,-0.05122684404193239
STU_000322,MGMT 117,2026SP,S03,INST_MGMT117_03,2026SP,20261,MGMT 117__2026SP,MGMT 117__2026SP__S03,1,post,2.3,-0.3260853184127238,4.375,4.2,4,3.8,3.8333333333333335,1.5913709063776729,1.3314885976131483,1.031948762196849,0.6666708921722283,0.7064383601163647,4.066666666666666,1.2465083672276438,0.111847,0.267917,0.223,0.178653,-0.864001,0.794203,0.377771,0.165721,-0.864001,0.794203,0.377771,0.165721,11.377328832114983,6.189421319816649,9.836482753007715,11.207846133369264,6.842656997181583,1.2044963513755267
STU_000269,MGMT 117,2026SP,S03,INST_MGMT117_03,2026SP,20261,MGMT 117__2026SP,MGMT 117__2026SP__S03,1,post,4,1.8116742112502071,3.875,3.4,3.5,3.6,3.3333333333333335,0.5913630589875549,-0.1597786317135771,0.06495932447296097,0.29226546275745297,-0.2539911329435696,3.566666666666667,0.15471688034744646,0.111847,0.267917,0.223,0.178653,-0.864001,0.794203,0.377771,0.165721,-0.864001,0.794203,0.377771,0.165721,1.5764719831977738,0.5941969274573332,1.1870081540678308,1.4354732953581777,0.6511893310430128,0.14831763853123964
STU_000485,MGMT 117,2026SP,S03,INST_MGMT117_03,2026SP,20261,MGMT 117__2026SP,MGMT 117__2026SP__S03,1,post,3,0.5541686055661302,3.75,4,3.5,4,4.166666666666667,0.3413610971400255,0.9586717902814668,0.06495932447296097,1.0410763215870045,1.3467246888229878,3.8666666666666667,0.809791772475565,0.111847,0.267917,0.223,0.178653,-0.864001,0.794203,0.377771,0.165721,-0.864001,0.794203,0.377771,0.165721,7.004929920143221,4.029698933073786,6.085190756520657,7.359626968693239,4.81412881245652,0.7719928415011309
STU_000905,MGMT 117,2026SP,S03,INST_MGMT117_03,2026SP,20261,MGMT 117__2026SP,MGMT 117__2026SP__S03,1,post,3.3,0.9314202872713531,2.125,2.4,2.3333333333333335,3,2.6666666666666665,-2.9086644068778575,-2.0238626683719834,-2.191349363549444,-0.8309508254868748,-1.534563790356816,2.466666666666667,-2.2472243907889897,0.111847,0.267917,0.223,0.178653,-0.864001,0.794203,0.377771,0.165721,-0.864001,0.794203,0.377771,0.165721,-19.811784668847448,-10.547885873996888,-17.20144928969199,-19.378729048807365,-11.977988311821566,-2.092489616669976
STU_000658,MGMT 117,2026SP,S03,INST_MGMT117_03,2026SP,20261,MGMT 117__2026SP,MGMT 117__2026SP__S03,1,post,3.7,1.4344225295449842,3.75,3.6,4.333333333333333,4.8,4.333333333333333,0.3413610971400255,0.21303817561810445,1.6766083873461073,2.538698039246108,1.6668678531762982,4.133333333333334,1.3920805654783381,0.111847,0.267917,0.223,0.178653,-0.864001,0.794203,0.377771,0.165721,-0.864001,0.794203,0.377771,0.165721,12.4850800988814,6.4211704811204475,11.545499267783352,13.429273560541311,8.344766692448436,1.387533734275677
STU_000009,MGMT 117,2026SP,S03,INST_MGMT117_03,2026SP,20261,MGMT 117__2026SP,MGMT 117__2026SP__S03,1,post,2.7,0.17691692386090738,2.875,3.6,3,3.2,3.1666666666666665,-1.4086526357926807,0.21303817561810445,-0.9020301132509271,-0.4565453960720986,-0.5741342972968816,3.1333333333333333,-0.7915024082820592,0.111847,0.267917,0.223,0.178653,-0.864001,0.794203,0.377771,0.165721,-0.864001,0.794203,0.377771,0.165721,-7.5271572081695295,-3.477193650869386,-6.4364136965641645,-7.25491392980574,-4.486796404780498,-0.7788892208034013
STU_000632,MGMT 117,2026SP,S04,INST_MGMT117_01,2026SP,20261,MGMT 117__2026SP,MGMT 117__2026SP__S04,1,post,3,0.5541686055661302,3.875,4,4.333333333333333,3.2,4.166666666666667,0.5913630589875549,0.9586717902814668,1.6766083873461073,-0.4565453960720986,1.3467246888229878,3.933333333333333,0.9553639707262576,0.111847,0.267917,0.223,0.178653,-0.864001,0.794203,0.377771,0.165721,-0.864001,0.794203,0.377771,0.165721,8.559768498915714,4.747858195635198,7.955482471241792,8.407472619545063,5.730509801216625,0.9333025862162162
STU_000169,MGMT 117,2026SP,S04,INST_MGMT117_01,2026SP,20261,MGMT 117__2026SP,MGMT 117__2026SP__S04,1,post,2.7,0.17691692386090738,3.625,3.8,3.6666666666666665,3.6,3.5,0.09135913529249606,0.5858549829497852,0.38728913704759005,0.29226546275745297,0.06615203140974155,3.6333333333333333,0.300289078598139,0.111847,0.267917,0.223,0.178653,-0.864001,0.794203,0.377771,0.165721,-0.864001,0.794203,0.377771,0.165721,2.4397683144008524,1.5307510407801468,2.2739473527617933,2.551131146484554,1.477330973410879,0.2709681605421668
STU_000354,MGMT 117,2026SP,S04,INST_MGMT117_01,2026SP,20261,MGMT 117__2026SP,MGMT 117__2026SP__S04,1,post,3,0.5541686055661302,4.125,3.8,4.5,4.4,4.166666666666667,1.0913669826826138,0.5858549829497852,1.9989381999207372,1.789887180416557,1.3467246888229878,4.2,1.5376527637290307,0.111847,0.267917,0.223,0.178653,-0.864001,0.794203,0.377771,0.165721,-0.864001,0.794203,0.377771,0.165721,14.098683012253185,7.2983039100056715,12.811304477303405,14.54337334787639,8.97021039817204,1.5333024919447646
STU_001250,MGMT 117,2026SP,S04,INST_MGMT117_01,2026SP,20261,MGMT 117__2026SP,MGMT 117__2026SP__S04,1,post,3.3,0.9314202872713531,4.5,4.8,4.833333333333333,4,4.666666666666667,1.8413728682252022,2.449939019608191,2.643597825069995,1.0410763215870045,2.307154181882922,4.566666666666666,2.338299854107842,0.111847,0.267917,0.223,0.178653,-0.864001,0.794203,0.377771,0.165721,-0.864001,0.794203,0.377771,0.165721,21.949310295022844,12.197376627720148,19.68052001536674,22.028167532284243,13.998380379917068,2.3752473491478687
STU_000234,MGMT 117,2026SP,S04,INST_MGMT117_01,2026SP,20261,MGMT 117__2026SP,MGMT 117__2026SP__S04,1,post,3.3,0.9314202872713531,3.5,3.4,3.5,3.4,3.6666666666666665,-0.1586428265550334,-0.1597786317135771,0.06495932447296097,-0.08213996665732322,0.3862951957630527,3.5,0.009144682096752907,0.111847,0.267917,0.223,0.178653,-0.864001,0.794203,0.377771,0.165721,-0.864001,0.794203,0.377771,0.165721,-0.1801467512802941,-0.1534530911204431,-0.06019225779453155,-0.1416118660887888,0.10024596144804092,-0.01224269604405791
STU_000714,MGMT 117,2026SP,S04,INST_MGMT117_01,2026SP,20261,MGMT 117__2026SP,MGMT 117__2026SP__S04,1,post,3.3,0.9314202872713531,3.875,3.2,3.8333333333333335,3.4,3.8333333333333335,0.5913630589875549,-0.5325954390452579,0.7096189496222199,-0.08213996665732322,0.7064383601163647,3.6666666666666665,0.3730751777234853,0.111847,0.267917,0.223,0.178653,-0.864001,0.794203,0.377771,0.165721,-0.864001,0.794203,0.377771,0.165721,3.1438093104959077,1.227198400636623,2.8335668371578415,2.961371479124396,2.078962820771941,0.32733546810000635
STU_000605,MGMT 117,2026SP,S04,INST_MGMT117_01,2026SP,20261,MGMT 117__2026SP,MGMT 117__2026SP__S04,1,post,3.7,1.4344225295449842,4,4.4,3.8333333333333335,4.4,3.8333333333333335,0.8413650208350845,1.7043054049448298,0.7096189496222199,1.789887180416557,0.7064383601163647,4.066666666666666,1.2465083672276438,0.111847,0.267917,0.223,0.178653,-0.864001,0.794203,0.377771,0.165721,-0.864001,0.794203,0.377771,0.165721,10.963309933594013,6.319132721588365,9.634107576926445,11.418764753906736,6.754974647265099,1.1932642910078104
STU_000315,MGMT 117,2026SP,S05,INST_MGMT117_02,2026SP,20261,MGMT 117__2026SP,MGMT 117__2026SP__S05,1,post,2,-0.7033370001179466,3.375,3.8,3.3333333333333335,3,3.1666666666666665,-0.40864478840256285,0.5858549829497852,-0.25737048810166807,-0.8309508254868748,-0.5741342972968816,3.3333333333333335,-0.3547858135299795,0.111847,0.267917,0.223,0.178653,-0.864001,0.794203,0.377771,0.165721,-0.864001,0.794203,0.377771,0.165721,-3.48146983917839,-1.3992515347249972,-3.023961818025221,-3.6174740520409934,-2.282544706020031,-0.37024937402632924
STU_001368,MGMT 117,2026SP,S05,INST_MGMT117_02,2026SP,20261,MGMT 117__2026SP,MGMT 117__2026SP__S05,1,post,3,0.5541686055661302,3.625,3.8,3.8333333333333335,3.6,3.8333333333333335,0.09135913529249606,0.5858549829497852,0.7096189496222199,0.29226546275745297,0.7064383601163647,3.7333333333333334,0.5186473759741789,0.111847,0.267917,0.223,0.178653,-0.864001,0.794203,0.377771,0.165721,-0.864001,0.794203,0.377771,0.165721,4.574999558157729,2.6222683348828073,4.30531184706585,4.753201224813408,3.1450379932231174,0.5113916591604213
STU_000526,MGMT 117,2026SP,S05,INST_MGMT117_02,2026SP,20261,MGMT 117__2026SP,MGMT 117__2026SP__S05,1,post,2.3,-0.3260853184127238,3.125,3.2,3,2.8,3,-0.9086487120976218,-0.5325954390452579,-0.9020301132509271,-1.205356254901651,-0.8942774616501927,3.033333333333333,-1.009860705658099,0.111847,0.267917,0.223,0.178653,-0.864001,0.794203,0.377771,0.165721,-0.864001,0.794203,0.377771,0.165721,-8.930967752262346,-4.614328889497502,-7.884662866457547,-9.133228368480182,-5.608217012828948,-0.9609447817788329
STU_000181,MGMT 117,2026SP,S05,INST_MGMT117_02,2026SP,20261,MGMT 117__2026SP,MGMT 117__2026SP__S05,1,post,3.7,1.4344225295449842,4.125,4,3.8333333333333335,4,3.8333333333333335,1.0913669826826138,0.9586717902814668,0.7096189496222199,1.0410763215870045,0.7064383601163647,3.966666666666667,1.0281500698516048,0.111847,0.267917,0.223,0.178653,-0.864001,0.794203,0.377771,0.165721,-0.864001,0.794203,0.377771,0.165721,9.104473229947521,4.944270596978895,7.899937058377202,9.196915285450762,5.577793486153869,0.9736076137758634
STU_001559,MGMT 117,2026SP,S05,INST_MGMT117_02,2026SP,20261,MGMT 117__2026SP,MGMT 117__2026SP__S05,1,post,2,-0.7033370001179466,3,3.4,3.1666666666666665,3,3.3333333333333335,-1.1586506739451512,-0.1597786317135771,-0.5797003006762981,-0.8309508254868748,-0.2539911329435696,3.1666666666666665,-0.7187163091567129,0.111847,0.267917,0.223,0.178653,-0.864001,0.794203,0.377771,0.165721,-0.864001,0.794203,0.377771,0.165721,-6.750318247332986,-3.304852507585282,-5.736235726448826,-6.667214167319225,-3.924035531532419,-0.7037378619060328
STU_000550,MGMT 117,2026SP,S05,INST_MGMT117_02,2026SP,20261,MGMT 117__2026SP,MGMT 117__2026SP__S05,1,post,3.3,0.9314202872713531,3.75,3.8,3.8333333333333335,3.8,3.8333333333333335,0.3413610971400255,0.5858549829497852,0.7096189496222199,0.6666708921722283,0.7064383601163647,3.8,0.6642195742248714,0.111847,0.267917,0.223,0.178653,-0.864001,0.794203,0.377771,0.165721,-0.864001,0.794203,0.377771,0.165721,5.519375596578071,3.0615326270011334,5.0141857160568835,5.725129783659694,3.582412666620132,0.6059821268192638
STU_000339,MGMT 117,2026SP,S05,INST_MGMT117_02,2026SP,20261,MGMT 117__2026SP,MGMT 117__2026SP__S05,1,post,3,0.5541686055661302,4.375,4.8,4,4,4.333333333333333,1.5913709063776729,2.449939019608191,1.031948762196849,1.0410763215870045,1.6668678531762982,4.3,1.7560110611050697,0.111847,0.267917,0.223,0.178653,-0.864001,0.794203,0.377771,0.165721,-0.864001,0.794203,0.377771,0.165721,16.138754476689073,9.235008145843983,13.99369447047987,16.17568610770791,10.17330038874483,1.7349493016838706
STU_000172,MGMT 117,2026SP,S05,INST_MGMT117_02,2026SP,20261,MGMT 117__2026SP,MGMT 117__2026SP__S05,1,post,2.7,0.17691692386090738,4.375,3.6,3.8333333333333335,3.8,4.166666666666667,1.5913709063776729,0.21303817561810445,0.7096189496222199,0.6666708921722283,1.3467246888229878,4,1.100936168976951,0.111847,0.267917,0.223,0.178653,-0.864001,0.794203,0.377771,0.165721,-0.864001,0.794203,0.377771,0.165721,10.19329320585987,4.97098532366463,8.662416105577723,9.958335141042333,6.439805616228648,1.0688774023006704
STU_001365,MGMT 117,2026SP,S06,INST_MGMT117_03,2026SP,20261,MGMT 117__2026SP,MGMT 117__2026SP__S06,1,post,2,-0.7033370001179466,3.625,4.2,3.3333333333333335,3.2,3.6666666666666665,0.09135913529249606,1.3314885976131483,-0.25737048810166807,-0.4565453960720986,0.3862951957630527,3.6,0.22750297947279274,0.111847,0.267917,0.223,0.178653,-0.864001,0.794203,0.377771,0.165721,-0.864001,0.794203,0.377771,0.165721,1.634647968934949,1.5096040895105411,1.319083789347419,1.5385754357402928,1.17380788665796,0.18225067263651046
STU_000309,MGMT 117,2026SP,S06,INST_MGMT117_03,2026SP,20261,MGMT 117__2026SP,MGMT 117__2026SP__S06,1,post,3,0.5541686055661302,4,3.2,3.5,2.8,3.6666666666666665,0.8413650208350845,-0.5325954390452579,0.06495932447296097,-1.205356254901651,0.3862951957630527,3.5,0.009144682096752907,0.111847,0.267917,0.223,0.178653,-0.864001,0.794203,0.377771,0.165721,-0.864001,0.794203,0.377771,0.165721,0.2110893543108329,-0.3720912795898594,-0.11474703604003322,-0.4926059909886413,0.10521271744980422,-0.016162659976409907
STU_000324,MGMT 117,2026SP,S06,INST_MGMT117_03,2026SP,20261,MGMT 117__2026SP,MGMT 117__2026SP__S06,1,post,3.3,0.9314202872713531,4.25,4.2,3.8333333333333335,4.4,4,1.3413689445301433,1.3314885976131483,0.7096189496222199,1.789887180416557,1.0265815244696759,4.133333333333334,1.3920805654783381,0.111847,0.267917,0.223,0.178653,-0.864001,0.794203,0.377771,0.165721,-0.864001,0.794203,0.377771,0.165721,12.717695991922714,6.9367553282192,10.979871209213758,12.998151050484296,7.844543750777538,1.3647537439067197
STU_000799,MGMT 117,2026SP,S06,INST_MGMT117_03,2026SP,20261,MGMT 117__2026SP,MGMT 117__2026SP__S06,1,post,3,0.5541686055661302,4,4,3.8333333333333335,3.2,3.6666666666666665,0.8413650208350845,0.9586717902814668,0.7096189496222199,-0.4565453960720986,0.3862951957630527,3.7666666666666666,0.5914334750995252,0.111847,0.267917,0.223,0.178653,-0.864001,0.794203,0.377771,0.165721,-0.864001,0.794203,0.377771,0.165721,5.065896419929994,2.9050514384091377,4.430856997846144,4.7217293160831755,3.035814128605801,0.5315731007109782
STU_001186,MGMT 117,2026SP,S06,INST_MGMT117_03,2026SP,20261,MGMT 117__2026SP,MGMT 117__2026SP__S06,1,post,3.3,0.9314202872713531,4,4.2,4,4,4,0.8413650208350845,1.3314885976131483,1.031948762196849,1.0410763215870045,1.0265815244696759,4.033333333333333,1.1737222681022974,0.111847,0.267917,0.223,0.178653,-0.864001,0.794203,0.377771,0.165721,-0.864001,0.794203,0.377771,0.165721,10.046223068509137,5.674222073805857,8.957245148830097,10.297806923445393,6.3701515545191825,1.0933229098840458
STU_000184,MGMT 117,2026SP,S06,INST_MGMT117_03,2026SP,20261,MGMT 117__2026SP,MGMT 117__2026SP__S06,1,post,3.7,1.4344225295449842,4.75,4.4,4.333333333333333,4.2,4.5,2.3413767919202613,1.7043054049448298,1.6766083873461073,1.4154817510017808,1.98701101752961,4.466666666666667,2.119941556731803,0.111847,0.267917,0.223,0.178653,-0.864001,0.794203,0.377771,0.165721,-0.864001,0.794203,0.377771,0.165721,20.021321056318648,10.667792242097928,17.38461936321272,19.926253485300933,12.523867362296949,2.1336021815996222
STU_000326,MGMT 117,2026SP,S06,INST_MGMT117_03,2026SP,20261,MGMT 117__2026SP,MGMT 117__2026SP__S06,1,post,3.3,0.9314202872713531,3.875,3.8,4,4,3.8333333333333335,0.5913630589875549,0.5858549829497852,1.031948762196849,1.0410763215870045,0.7064383601163647,3.9,0.8825778716009113,0.111847,0.267917,0.223,0.178653,-0.864001,0.794203,0.377771,0.165721,-0.864001,0.794203,0.377771,0.165721,7.749982850161458,4.142414395097865,6.987031994485198,7.989676851410522,4.871980557837234,0.8422298093545557
STU_000248,PHIL 104,2024SP,S01,INST_PHIL104_01,2025F,20241,PHIL 104__2024SP,PHIL 104__2024SP__S01,0,pre,2.3,-0.3260853184127238,3.375,2.8,2.5,3.2,3.1666666666666665,-0.40864478840256285,-1.278229053708621,-1.869019550974815,-0.4565453960720986,-0.5741342972968816,3.033333333333333,-1.009860705658099,0.173966,0.134583,0.289773,0.193072,0.171881,-0.456073,1.031215,0.651519,0,-0,0,0,-8.942678717010919,-5.160971523040772,-8.445740561241049,-9.147222784601835,-5.585613373455548,-0.9856667146056072
STU_000373,PHIL 104,2024SP,S01,INST_PHIL104_01,2025F,20241,PHIL 104__2024SP,PHIL 104__2024SP__S01,0,pre,2.7,0.17691692386090738,3.75,4,3.5,3.8,3.6666666666666665,0.3413610971400255,0.9586717902814668,0.06495932447296097,0.6666708921722283,0.3862951957630527,3.7333333333333334,0.5186473759741789,0.173966,0.134583,0.289773,0.193072,0.171881,-0.456073,1.031215,0.651519,0,-0,0,0,4.4865650530148855,2.733265302772964,3.8753823857996452,4.679150506042062,2.807691069564961,0.48997492478553184
STU_001183,PHIL 104,2024SP,S01,INST_PHIL104_01,2025F,20241,PHIL 104__2024SP,PHIL 104__2024SP__S01,0,pre,1.3,-1.5835909240968005,2.75,2.8,2.3333333333333335,2.6,2.8333333333333335,-1.65865459764021,-1.278229053708621,-2.191349363549444,-1.5797616843164264,-1.214420626003504,2.6666666666666665,-1.8105077960369111,0.173966,0.134583,0.289773,0.193072,0.171881,-0.456073,1.031215,0.651519,0,-0,0,0,-15.825213888602525,-8.42357709786689,-14.17900984191119,-16.029161708105256,-9.758005797839783,-1.7042147444724074
STU_000515,PHIL 104,2024SP,S01,INST_PHIL104_01,2025F,20241,PHIL 104__2024SP,PHIL 104__2024SP__S01,0,pre,2.3,-0.3260853184127238,3.25,3,3,3.2,3.1666666666666665,-0.6586467502500923,-0.9054122463769394,-0.9020301132509271,-0.4565453960720986,-0.5741342972968816,3.1333333333333333,-0.7915024082820592,0.173966,0.134583,0.289773,0.193072,0.171881,-0.456073,1.031215,0.651519,0,-0,0,0,-7.243779863658216,-4.052191176079302,-6.496873560394191,-7.287322945136896,-4.492603112514778,-0.7824727656740631
STU_001328,PHIL 104,2024SP,S01,INST_PHIL104_01,2025F,20241,PHIL 104__2024SP,PHIL 104__2024SP__S01,0,pre,3.3,0.9314202872713531,2.875,2.8,3.1666666666666665,3.4,3.1666666666666665,-1.4086526357926807,-1.278229053708621,-0.5797003006762981,-0.08213996665732322,-0.5741342972968816,3.066666666666667,-0.9370746065327518,0.173966,0.134583,0.289773,0.193072,0.171881,-0.456073,1.031215,0.651519,0,-0,0,0,-8.669014490694389,-4.817046964143834,-7.356781108915238,-8.328310065687702,-5.1614714562873045,-0.9080654259500732
STU_000511,PHIL 104,2024SP,S01,INST_PHIL104_01,2025F,20241,PHIL 104__2024SP,PHIL 104__2024SP__S01,0,pre,2.3,-0.3260853184127238,3.625,3.6,3.1666666666666665,3.4,3.3333333333333335,0.09135913529249606,0.21303817561810445,-0.5797003006762981,-0.08213996665732322,-0.2539911329435696,3.433333333333333,-0.13642751615394064,0.173966,0.134583,0.289773,0.193072,0.171881,-0.456073,1.031215,0.651519,0,-0,0,0,-1.197702861101811,-0.49679782722284554,-1.3015497905960551,-1.2652339003735864,-0.8720236067405006,-0.13706424137232098
STU_000215,PHIL 104,2024SP,S01,INST_PHIL104_01,2025F,20241,PHIL 104__2024SP,PHIL 104__2024SP__S01,0,pre,3,0.5541686055661302,3.5,2.8,2.8333333333333335,3.2,3.5,-0.1586428265550334,-1.278229053708621,-1.2243599258255562,-0.4565453960720986,0.06615203140974155,3.2,-0.6459302100313656,0.173966,0.134583,0.289773,0.193072,0.171881,-0.456073,1.031215,0.651519,0,-0,0,0,-5.46877342885474,-3.4328213006174244,-5.275896285653927,-5.724946889538791,-3.2414581933682585,-0.6111243161238774
STU_000204,PHIL 104,2024SP,S01,INST_PHIL104_01,2025F,20241,PHIL 104__2024SP,PHIL 104__2024SP__S01,0,pre,3.7,1.4344225295449842,3,3,3,2.8,3.5,-1.1586506739451512,-0.9054122463769394,-0.9020301132509271,-1.205356254901651,0.06615203140974155,3.066666666666667,-0.9370746065327518,0.173966,0.134583,0.289773,0.193072,0.171881,-0.456073,1.031215,0.651519,0,-0,0,0,-8.802454559408332,-4.71957407536134,-7.663805723513357,-8.877599930138445,-4.984672581999718,-0.9326787228423249
STU_000564,PHIL 104,2024SP,S02,INST_PHIL104_02,2025F,20241,PHIL 104__2024SP,PHIL 104__2024SP__S02,0,pre,3,0.5541686055661302,3.625,3.4,3.1666666666666665,3.8,3.1666666666666665,0.09135913529249606,-0.1597786317135771,-0.5797003006762981,0.6666708921722283,-0.5741342972968816,3.433333333333333,-0.13642751615394064,0.173966,0.134583,0.289773,0.193072,0.171881,-0.456073,1.031215,0.651519,0,-0,0,0,-1.2466175390909915,-0.7491198339150676,-1.3697551399175716,-1.1464105944075358,-1.0762807562864594,-0.14485755238044026
STU_000017,PHIL 104,2024SP,S02,INST_PHIL104_02,2025F,20241,PHIL 104__2024SP,PHIL 104__2024SP__S02,0,pre,2.3,-0.3260853184127238,3.25,3.4,2.8333333333333335,3,3.1666666666666665,-0.6586467502500923,-0.1597786317135771,-1.2243599258255562,-0.8309508254868748,-0.5741342972968816,3.1333333333333333,-0.7915024082820592,0.173966,0.134583,0.289773,0.193072,0.171881,-0.456073,1.031215,0.651519,0,-0,0,0,-7.335653971608389,-3.7123881439695943,-6.693890374331227,-7.4972795786065225,-4.563120005437988,-0.7929471782875244
STU_000805,PHIL 104,2024SP,S02,INST_PHIL104_02,2025F,20241,PHIL 104__2024SP,PHIL 104__2024SP__S02,0,pre,3.3,0.9314202872713531,3.75,3.4,3.6666666666666665,3.8,3.6666666666666665,0.3413610971400255,-0.1597786317135771,0.38728913704759005,0.6666708921722283,0.3862951957630527,3.6666666666666665,0.3730751777234853,0.173966,0.134583,0.289773,0.193072,0.171881,-0.456073,1.031215,0.651519,0,-0,0,0,3.2406520701856616,1.5181214597324257,2.869289168007857,3.381053846079853,2.0848002029016475,0.3493699531881383
STU_000302,PHIL 104,2024SP,S02,INST_PHIL104_02,2025F,20241,PHIL 104__2024SP,PHIL 104__2024SP__S02,0,pre,2.7,0.17691692386090738,3.5,3.2,3.3333333333333335,3.4,3.6666666666666665,-0.1586428265550334,-0.5325954390452579,-0.25737048810166807,-0.08213996665732322,0.3862951957630527,3.433333333333333,-0.13642751615394064,0.173966,0.134583,0.289773,0.193072,0.171881,-0.456073,1.031215,0.651519,0,-0,0,0,-1.2686541842311934,-0.8777510783667732,-1.1711460889741154,-1.2583466033339017,-0.5301218030005858,-0.13522150537330313
STU_000593,PHIL 104,2024SP,S02,INST_PHIL104_02,2025F,20241,PHIL 104__2024SP,PHIL 104__2024SP__S02,0,pre,2,-0.7033370001179466,3.375,3.2,3.1666666666666665,3.4,3.1666666666666665,-0.40864478840256285,-0.5325954390452579,-0.5797003006762981,-0.08213996665732322,-0.5741342972968816,3.2666666666666666,-0.5003580117806731,0.173966,0.134583,0.289773,0.193072,0.171881,-0.456073,1.031215,0.651519,0,-0,0,0,-4.465839613574372,-2.459680909211863,-3.9928089764567587,-4.4239168202938295,-2.845197760076719,-0.48072541652826467
STU_001245,PHIL 104,2024SP,S02,INST_PHIL104_02,2025F,20241,PHIL 104__2024SP,PHIL 104__2024SP__S02,0,pre,2.3,-0.3260853184127238,2.5,2,2.3333333333333335,2.4,1.6666666666666667,-2.158658521335269,-2.7694962830353456,-2.191349363549444,-1.9541671137312024,-3.4554227764766843,2.2,-2.829513183791762,0.173966,0.134583,0.289773,0.193072,0.171881,-0.456073,1.031215,0.651519,0,-0,0,0,-23.932620310949666,-13.17042209934801,-21.130438316756948,-24.255050366724458,-15.57426858184714,-2.592189006949344
STU_000401,PHIL 104,2024SP,S03,INST_PHIL104_03,2025F,20241,PHIL 104__2024SP,PHIL 104__2024SP__S03,0,pre,1.7,-1.0805886818231698,3.125,3,3.3333333333333335,3.2,2.6666666666666665,-0.9086487120976218,-0.9054122463769394,-0.25737048810166807,-0.4565453960720986,-1.534563790356816,3.066666666666667,-0.9370746065327518,0.173966,0.134583,0.289773,0.193072,0.171881,-0.456073,1.031215,0.651519,0,-0,0,0,-8.366686355856038,-4.573992429578464,-7.151865254363497,-8.354886399078405,-5.6190453051104035,-0.8987831275469359
STU_000560,PHIL 104,2024SP,S03,INST_PHIL104_03,2025F,20241,PHIL 104__2024SP,PHIL 104__2024SP__S03,0,pre,1.3,-1.5835909240968005,3.25,2.6,2.6666666666666665,2.6,2.5,-0.6586467502500923,-1.6510458610403016,-1.546689738400186,-1.5797616843164264,-1.8547069547101271,2.7666666666666666,-1.5921494986608713,0.173966,0.134583,0.289773,0.193072,0.171881,-0.456073,1.031215,0.651519,0,-0,0,0,-13.5219939820482,-7.615797102103422,-12.306288327345564,-14.114851323353328,-8.95922005581789,-1.4934230889443045
STU_000734,PHIL 104,2024SP,S03,INST_PHIL104_03,2025F,20241,PHIL 104__2024SP,PHIL 104__2024SP__S03,0,pre,2.7,0.17691692386090738,3.125,3,3.5,3.4,2.8333333333333335,-0.9086487120976218,-0.9054122463769394,0.06495932447296097,-0.08213996665732322,-1.214420626003504,3.1666666666666665,-0.7187163091567129,0.173966,0.134583,0.289773,0.193072,0.171881,-0.456073,1.031215,0.651519,0,-0,0,0,-6.907902063808293,-3.8251268757837495,-5.722581940703924,-6.721840176570509,-4.594217457726586,-0.7315377103675145
STU_000069,PHIL 104,2024SP,S03,INST_PHIL104_03,2025F,20241,PHIL 104__2024SP,PHIL 104__2024SP__S03,0,pre,3.3,0.9314202872713531,4,3.6,4,3.8,3.3333333333333335,0.8413650208350845,0.21303817561810445,1.031948762196849,0.6666708921722283,-0.2539911329435696,3.7666666666666666,0.5914334750995252,0.173966,0.134583,0.289773,0.193072,0.171881,-0.456073,1.031215,0.651519,0,-0,0,0,5.361445149287633,2.6486112955799364,4.797522844147175,5.332389703881367,2.8873205440205827,0.5626362493835317
STU_000548,PHIL 104,2024SP,S03,INST_PHIL104_03,2025F,20241,PHIL 104__2024SP,PHIL 104__2024SP__S03,0,pre,2.3,-0.3260853184127238,3.375,2.8,3,3.2,3.3333333333333335,-0.40864478840256285,-1.278229053708621,-0.9020301132509271,-0.4565453960720986,-0.2539911329435696,3.1666666666666665,-0.7187163091567129,0.173966,0.134583,0.289773,0.193072,0.171881,-0.456073,1.031215,0.651519,0,-0,0,0,-6.362347866710131,-3.834734160123511,-5.798362613303469,-6.481872931340643,-3.83214592256139,-0.6946918733373975
STU_000344,PHIL 104,2024SP,S03,INST_PHIL104_03,2025F,20241,PHIL 104__2024SP,PHIL 104__2024SP__S03,0,pre,3.7,1.4344225295449842,3.5,3.2,3,3.6,3.3333333333333335,-0.1586428265550334,-0.5325954390452579,-0.9020301132509271,0.29226546275745297,-0.2539911329435696,3.3333333333333335,-0.3547858135299795,0.173966,0.134583,0.289773,0.193072,0.171881,-0.456073,1.031215,0.651519,0,-0,0,0,-3.3417079590789767,-1.9545402533285428,-3.229285836096205,-3.274489503263942,-2.127796506845534,-0.3670429914278633
STU_000372,PHIL 104,2024F,S01,INST_PHIL104_01,2025F,20243,PHIL 104__2024F,PHIL 104__2024F__S01,0,pre,2.7,0.17691692386090738,3.625,3.2,3.6666666666666665,3.4,3.5,0.09135913529249606,-0.5325954390452579,0.38728913704759005,-0.08213996665732322,0.06615203140974155,3.5,0.009144682096752907,0.173966,0.134583,0.289773,0.193072,0.171881,-0.456073,1.031215,0.651519,0,-0,0,0,5.41937181356583e-4,-0.309579669114836,0.10767598509518674,-0.05981230592008053,-0.016440685882990906,-0.0043887817278175
STU_000455,PHIL 104,2024F,S01,INST_PHIL104_01,2025F,20243,PHIL 104__2024F,PHIL 104__2024F__S01,0,pre,2.7,0.17691692386090738,3.5,3.2,2.8333333333333335,3.4,3.1666666666666665,-0.1586428265550334,-0.5325954390452579,-1.2243599258255562,-0.08213996665732322,-0.5741342972968816,3.2333333333333334,-0.5731441109060194,0.173966,0.134583,0.289773,0.193072,0.171881,-0.456073,1.031215,0.651519,0,-0,0,0,-4.861941949941051,-2.7170349705485113,-4.70115702272863,-4.963598776230614,-3.1729342759628594,-0.539716446373929
STU_001095,PHIL 104,2024F,S01,INST_PHIL104_01,2025F,20243,PHIL 104__2024F,PHIL 104__2024F__S01,0,pre,2.7,0.17691692386090738,3.125,2.8,3.3333333333333335,3.2,2.8333333333333335,-0.9086487120976218,-1.278229053708621,-0.25737048810166807,-0.4565453960720986,-1.214420626003504,3.066666666666667,-0.9370746065327518,0.173966,0.134583,0.289773,0.193072,0.171881,-0.456073,1.031215,0.651519,0,-0,0,0,-8.288884767927755,-4.736649770992329,-7.08182395789661,-8.276244114934528,-5.397616005112567,-0.8904434883199025
STU_000908,PHIL 104,2024F,S01,INST_PHIL104_01,2025F,20243,PHIL 104__2024F,PHIL 104__2024F__S01,0,pre,2.7,0.17691692386090738,3.5,3.6,3.3333333333333335,2.8,3.1666666666666665,-0.1586428265550334,0.21303817561810445,-0.25737048810166807,-1.205356254901651,-0.5741342972968816,3.3,-0.4275719126553268,0.173966,0.134583,0.289773,0.193072,0.171881,-0.456073,1.031215,0.651519,0,-0,0,0,-4.039095785832046,-1.921221616308679,-3.5681696705674106,-4.384450418605685,-2.672003503980046,-0.4424599893973227
STU_001391,PHIL 104,2024F,S01,INST_PHIL104_01,2025F,20243,PHIL 104__2024F,PHIL 104__2024F__S01,0,pre,3,0.5541686055661302,3.375,3.2,3.5,4.2,3.3333333333333335,-0.40864478840256285,-0.5325954390452579,0.06495932447296097,1.4154817510017808,-0.2539911329435696,3.5,0.009144682096752907,0.173966,0.134583,0.289773,0.193072,0.171881,-0.456073,1.031215,0.651519,0,-0,0,0,-0.14265716004619108,-0.25018531950574124,0.04885997722234713,0.4411532234096932,-0.1418829881339207,0.003817356369387302
STU_000758,PHIL 104,2024F,S01,INST_PHIL104_01,2025F,20243,PHIL 104__2024F,PHIL 104__2024F__S01,0,pre,2.3,-0.3260853184127238,3.5,3.2,3.6666666666666665,3.4,3.6666666666666665,-0.1586428265550334,-0.5325954390452579,0.38728913704759005,-0.08213996665732322,0.3862951957630527,3.5,0.009144682096752907,0.173966,0.134583,0.289773,0.193072,0.171881,-0.456073,1.031215,0.651519,0,-0,0,0,-0.23789508335124743,-0.39122446189630056,-0.009129709970567756,-0.199758569771219,0.11144129927748361,-0.018191985371109293
STU_000371,PHIL 104,2024F,S02,INST_PHIL104_02,2025F,20243,PHIL 104__2024F,PHIL 104__2024F__S02,0,pre,2,-0.7033370001179466,3.125,4,3.5,3.2,3.6666666666666665,-0.9086487120976218,0.9586717902814668,0.06495932447296097,-0.4565453960720986,0.3862951957630527,3.466666666666667,-0.06364141702859338,0.173966,0.134583,0.289773,0.193072,0.171881,-0.456073,1.031215,0.651519,0,-0,0,0,-1.353037182761878,-0.017846020528107274,-0.8083797842700753,-1.1198064647366244,-0.40936236305095725,-0.10699031988980118
STU_000140,PHIL 104,2024F,S02,INST_PHIL104_02,2025F,20243,PHIL 104__2024F,PHIL 104__2024F__S02,0,pre,3,0.5541686055661302,3.875,3.6,3.5,3.2,3.6666666666666665,0.5913630589875549,0.21303817561810445,0.06495932447296097,-0.4565453960720986,0.3862951957630527,3.6,0.22750297947279274,0.173966,0.134583,0.289773,0.193072,0.171881,-0.456073,1.031215,0.651519,0,-0,0,0,1.8398317496681686,0.9142950502506423,1.4306457803799355,1.5052505384422623,1.1374787119672436,0.17997893819981137
STU_000747,PHIL 104,2024F,S02,INST_PHIL104_02,2025F,20243,PHIL 104__2024F,PHIL 104__2024F__S02,0,pre,2.7,0.17691692386090738,3.75,3,3.1666666666666665,3.2,3.6666666666666665,0.3413610971400255,-0.9054122463769394,-0.5797003006762981,-0.4565453960720986,0.3862951957630527,3.4,-0.20921361527928692,0.173966,0.134583,0.289773,0.193072,0.171881,-0.456073,1.031215,0.651519,0,-0,0,0,-1.998147333579214,-1.5606092794390751,-2.1256694256895616,-2.341259915648834,-1.1107947892038135,-0.2401520676064278
STU_000003,PHIL 104,2024F,S02,INST_PHIL104_02,2025F,20243,PHIL 104__2024F,PHIL 104__2024F__S02,0,pre,2.3,-0.3260853184127238,3,3.6,3.6666666666666665,3.2,3.3333333333333335,-1.1586506739451512,0.21303817561810445,0.38728913704759005,-0.4565453960720986,-0.2539911329435696,3.3333333333333335,-0.3547858135299795,0.173966,0.134583,0.289773,0.193072,0.171881,-0.456073,1.031215,0.651519,0,-0,0,0,-3.5980787321354684,-1.5163912623278413,-2.5862787091994686,-3.3255527038811508,-2.006475917479538,-0.3494261662696703
STU_000467,PHIL 104,2024F,S02,INST_PHIL104_02,2025F,20243,PHIL 104__2024F,PHIL 104__2024F__S02,0,pre,2.7,0.17691692386090738,2.75,3.4,3,3.6,3.1666666666666665,-1.65865459764021,-0.1597786317135771,-0.9020301132509271,0.29226546275745297,-0.5741342972968816,3.1333333333333333,-0.7915024082820592,0.173966,0.134583,0.289773,0.193072,0.171881,-0.456073,1.031215,0.651519,0,-0,0,0,-7.6147702125639425,-3.641296572794145,-6.438952224190901,-7.036383905716171,-4.48027525969378,-0.7774336598190781
STU_000334,PHIL 104,2024F,S02,INST_PHIL104_02,2025F,20243,PHIL 104__2024F,PHIL 104__2024F__S02,0,pre,3.3,0.9314202872713531,2.875,2.8,3.1666666666666665,3.2,3.6666666666666665,-1.4086526357926807,-1.278229053708621,-0.5797003006762981,-0.4565453960720986,0.3862951957630527,3.1333333333333333,-0.7915024082820592,0.173966,0.134583,0.289773,0.193072,0.171881,-0.456073,1.031215,0.651519,0,-0,0,0,-7.382454244866037,-4.154497746943587,-6.224367930193183,-7.123155225187196,-3.9165174556497955,-0.7647779588857466
STU_000608,PHIL 104,2024F,S02,INST_PHIL104_02,2025F,20243,PHIL 104__2024F,PHIL 104__2024F__S02,0,pre,1.7,-1.0805886818231698,3.375,3,3,3.6,3,-0.40864478840256285,-0.9054122463769394,-0.9020301132509271,0.29226546275745297,-0.8942774616501927,3.2,-0.6459302100313656,0.173966,0.134583,0.289773,0.193072,0.171881,-0.456073,1.031215,0.651519,0,-0,0,0,-5.828120811178838,-3.359328225588955,-5.321081541571526,-5.727038431094247,-3.863338958138283,-0.6343050309120994
STU_000150,PHIL 104,2024F,S03,INST_PHIL104_03,2025F,20243,PHIL 104__2024F,PHIL 104__2024F__S03,0,pre,3,0.5541686055661302,3.625,3.6,4.166666666666667,3,3.5,0.09135913529249606,0.21303817561810445,1.354278574771479,-0.8309508254868748,0.06615203140974155,3.6,0.22750297947279274,0.173966,0.134583,0.289773,0.193072,0.171881,-0.456073,1.031215,0.651519,0,-0,0,0,1.90752933980699,1.0675429948632174,2.1798983728260093,1.7031822912487835,1.1614499842729926,0.2116588309957886
STU_000055,PHIL 104,2024F,S03,INST_PHIL104_03,2025F,20243,PHIL 104__2024F,PHIL 104__2024F__S03,0,pre,3,0.5541686055661302,3,3,3.5,3.6,3.3333333333333335,-1.1586506739451512,-0.9054122463769394,0.06495932447296097,0.29226546275745297,-0.2539911329435696,3.2666666666666666,-0.5003580117806731,0.173966,0.134583,0.289773,0.193072,0.171881,-0.456073,1.031215,0.651519,0,-0,0,0,-4.984005103441292,-2.8014085221278653,-3.9378071223084246,-4.539311403952824,-2.8426847885512068,-0.5044684745688582
STU_001427,PHIL 104,2024F,S03,INST_PHIL104_03,2025F,20243,PHIL 104__2024F,PHIL 104__2024F__S03,0,pre,3,0.5541686055661302,3.125,2.8,3.5,3.2,3,-0.9086487120976218,-1.278229053708621,0.06495932447296097,-0.4565453960720986,-0.8942774616501927,3.1333333333333333,-0.7915024082820592,0.173966,0.134583,0.289773,0.193072,0.171881,-0.456073,1.031215,0.651519,0,-0,0,0,-7.013934363966843,-4.0523721496025145,-5.851466220855116,-6.958605845008364,-4.479521263673543,-0.7472849615156709
STU_000958,PHIL 104,2024F,S03,INST_PHIL104_03,2025F,20243,PHIL 104__2024F,PHIL 104__2024F__S03,0,pre,3,0.5541686055661302,3.75,3.8,3.6666666666666665,3.4,3.1666666666666665,0.3413610971400255,0.5858549829497852,0.38728913704759005,-0.08213996665732322,-0.5741342972968816,3.566666666666667,0.15471688034744646,0.173966,0.134583,0.289773,0.193072,0.171881,-0.456073,1.031215,0.651519,0,-0,0,0,1.5131313886514521,1.0520401069210488,1.3502130948138642,1.386343997711683,0.5366018544807445,0.15466816003669331
STU_000353,PHIL 104,2024F,S03,INST_PHIL104_03,2025F,20243,PHIL 104__2024F,PHIL 104__2024F__S03,0,pre,3.3,0.9314202872713531,4,3.8,4,3.6,3.8333333333333335,0.8413650208350845,0.5858549829497852,1.031948762196849,0.29226546275745297,0.7064383601163647,3.8666666666666667,0.809791772475565,0.173966,0.134583,0.289773,0.193072,0.171881,-0.456073,1.031215,0.651519,0,-0,0,0,7.544114631201327,3.9840700536655707,6.726895563347954,7.464739012115712,4.735586030816448,0.8071134979844617
STU_001357,PHIL 104,2024F,S03,INST_PHIL104_03,2025F,20243,PHIL 104__2024F,PHIL 104__2024F__S03,0,pre,3,0.5541686055661302,3.25,3.6,3,3,3.3333333333333335,-0.6586467502500923,0.21303817561810445,-0.9020301132509271,-0.8309508254868748,-0.2539911329435696,3.2333333333333334,-0.5731441109060194,0.173966,0.134583,0.289773,0.193072,0.171881,-0.456073,1.031215,0.651519,0,-0,0,0,-5.2431096027506285,-2.459810519400546,-4.722606952260257,-5.3464551741906945,-3.1030411317151185,-0.5584113498336777
STU_000572,PHIL 104,2025SP,S01,INST_PHIL104_01,2025F,20251,PHIL 104__2025SP,PHIL 104__2025SP__S01,0,pre,3.3,0.9314202872713531,3.25,3,3.6666666666666665,3.4,3.3333333333333335,-0.6586467502500923,-0.9054122463769394,0.38728913704759005,-0.08213996665732322,-0.2539911329435696,3.3333333333333335,-0.3547858135299795,0.173966,0.134583,0.289773,0.193072,0.171881,-0.456073,1.031215,0.651519,0,-0,0,0,-3.4801869131272825,-2.1307901697853846,-2.6793389169614636,-3.304745251340787,-2.0327986647936975,-0.35839416328455637
STU_000468,PHIL 104,2025SP,S01,INST_PHIL104_01,2025F,20251,PHIL 104__2025SP,PHIL 104__2025SP__S01,0,pre,3.7,1.4344225295449842,3.5,3.8,3.1666666666666665,3.6,3.1666666666666665,-0.1586428265550334,0.5858549829497852,-0.5797003006762981,0.29226546275745297,-0.5741342972968816,3.433333333333333,-0.13642751615394064,0.173966,0.134583,0.289773,0.193072,0.171881,-0.456073,1.031215,0.651519,0,-0,0,0,-1.531634835330379,-0.45345499067341644,-1.5219487722742047,-1.4017372659248613,-1.1969502969394012,-0.16319666151043047
STU_000689,PHIL 104,2025SP,S01,INST_PHIL104_01,2025F,20251,PHIL 104__2025SP,PHIL 104__2025SP__S01,0,pre,3.3,0.9314202872713531,4,4,3.5,3.8,3.3333333333333335,0.8413650208350845,0.9586717902814668,0.06495932447296097,0.6666708921722283,-0.2539911329435696,3.7333333333333334,0.5186473759741789,0.173966,0.134583,0.289773,0.193072,0.171881,-0.456073,1.031215,0.651519,0,-0,0,0,4.934159916162536,2.847323888064824,4.029728197511009,4.888059183440662,2.628458437271822,0.5129606171487162
STU_000356,PHIL 104,2025SP,S01,INST_PHIL104_01,2025F,20251,PHIL 104__2025SP,PHIL 104__2025SP__S01,0,pre,3.3,0.9314202872713531,3,3.4,2.8333333333333335,3.4,3.1666666666666665,-1.1586506739451512,-0.1597786317135771,-1.2243599258255562,-0.08213996665732322,-0.5741342972968816,3.1333333333333333,-0.7915024082820592,0.173966,0.134583,0.289773,0.193072,0.171881,-0.456073,1.031215,0.651519,0,-0,0,0,-7.541173675012427,-3.682234329088423,-6.649068746913816,-7.254327705852736,-4.532688944265889,-0.7893869553050752
STU_001073,PHIL 104,2025SP,S01,INST_PHIL104_01,2025F,20251,PHIL 104__2025SP,PHIL 104__2025SP__S01,0,pre,3.3,0.9314202872713531,3.625,3.8,4,3.4,3.5,0.09135913529249606,0.5858549829497852,1.031948762196849,-0.08213996665732322,0.06615203140974155,3.6666666666666665,0.3730751777234853,0.173966,0.134583,0.289773,0.193072,0.171881,-0.456073,1.031215,0.651519,0,-0,0,0,3.1144818591825545,1.8705932151250912,3.1119872512750466,3.146954903505102,1.9059337340435467,0.3471660261017545
STU_001168,PHIL 104,2025SP,S01,INST_PHIL104_01,2025F,20251,PHIL 104__2025SP,PHIL 104__2025SP__S01,0,pre,2.7,0.17691692386090738,3.125,3.4,2.8333333333333335,3.2,3.8333333333333335,-0.9086487120976218,-0.1597786317135771,-1.2243599258255562,-0.4565453960720986,0.7064383601163647,3.2666666666666666,-0.5003580117806731,0.173966,0.134583,0.289773,0.193072,0.171881,-0.456073,1.031215,0.651519,0,-0,0,0,-4.893942550118021,-2.4134084692083477,-4.456840560209218,-4.767704973290736,-2.3521250537296146,-0.5070251946765482
STU_000949,PHIL 104,2025SP,S01,INST_PHIL104_01,2025F,20251,PHIL 104__2025SP,PHIL 104__2025SP__S01,0,pre,3,0.5541686055661302,3.25,3.2,3.3333333333333335,2.8,2.8333333333333335,-0.6586467502500923,-0.5325954390452579,-0.25737048810166807,-1.205356254901651,-1.214420626003504,3.1,-0.8642885074074055,0.173966,0.134583,0.289773,0.193072,0.171881,-0.456073,1.031215,0.651519,0,-0,0,0,-7.854216430988396,-4.157035892284619,-6.753034645828905,-8.102753833513853,-5.207430940645557,-0.849338751250015
STU_001263,PHIL 104,2025SP,S02,INST_PHIL104_02,2025F,20251,PHIL 104__2025SP,PHIL 104__2025SP__S02,0,pre,2.3,-0.3260853184127238,4,4,3.8333333333333335,3.4,3.6666666666666665,0.8413650208350845,0.9586717902814668,0.7096189496222199,-0.08213996665732322,0.3862951957630527,3.8,0.6642195742248714,0.173966,0.134583,0.289773,0.193072,0.171881,-0.456073,1.031215,0.651519,0,-0,0,0,5.87438754175574,3.3049731744077073,5.116948731173633,5.632274318240113,3.4781698289144924,0.6188708884930763
STU_001448,PHIL 104,2025SP,S02,INST_PHIL104_02,2025F,20251,PHIL 104__2025SP,PHIL 104__2025SP__S02,0,pre,2.7,0.17691692386090738,2.875,2.6,2.8333333333333335,3.4,3,-1.4086526357926807,-1.6510458610403016,-1.2243599258255562,-0.08213996665732322,-0.8942774616501927,2.933333333333333,-1.228219003034139,0.173966,0.134583,0.289773,0.193072,0.171881,-0.456073,1.031215,0.651519,0,-0,0,0,-10.96082040370526,-6.1522639214415085,-9.610675696236287,-10.675572470429533,-6.703147222103218,-1.1655366457211198
STU_000123,PHIL 104,2025SP,S02,INST_PHIL104_02,2025F,20251,PHIL 104__2025SP,PHIL 104__2025SP__S02,0,pre,0,-3.2183482114861004,3.625,4,4.166666666666667,3.6,3.5,0.09135913529249606,0.9586717902814668,1.354278574771479,0.29226546275745297,0.06615203140974155,3.7666666666666666,0.5914334750995252,0.173966,0.134583,0.289773,0.193072,0.171881,-0.456073,1.031215,0.651519,0,-0,0,0,5.072899703280791,3.068395958241661,4.945074439306447,5.258223282814092,3.068813786062385,0.565910990857282
STU_001308,PHIL 104,2025SP,S02,INST_PHIL104_02,2025F,20251,PHIL 104__2025SP,PHIL 104__2025SP__S02,0,pre,2.3,-0.3260853184127238,4.125,3.6,3.5,3.8,4.333333333333333,1.0913669826826138,0.21303817561810445,0.06495932447296097,0.6666708921722283,1.6668678531762982,3.9,0.8825778716009113,0.173966,0.134583,0.289773,0.193072,0.171881,-0.456073,1.031215,0.651519,0,-0,0,0,7.951489655101501,3.991542225901783,6.628213457782345,7.903638678674535,5.399579653811098,0.8436792191475029
STU_001202,PHIL 104,2025SP,S02,INST_PHIL104_02,2025F,20251,PHIL 104__2025SP,PHIL 104__2025SP__S02,0,pre,3.3,0.9314202872713531,3.375,3.6,3.8333333333333335,3.4,3.1666666666666665,-0.40864478840256285,0.21303817561810445,0.7096189496222199,-0.08213996665732322,-0.5741342972968816,3.466666666666667,-0.06364141702859338,0.173966,0.134583,0.289773,0.193072,0.171881,-0.456073,1.031215,0.651519,0,-0,0,0,-1.0341232616213434,-0.348262541424778,-0.462963909233809,-0.8911821105975835,-0.8066498088863199,-0.09376486025153336
STU_001567,PHIL 104,2025SP,S02,INST_PHIL104_02,2025F,20251,PHIL 104__2025SP,PHIL 104__2025SP__S02,0,pre,3,0.5541686055661302,3.25,3.6,3.5,3.2,3,-0.6586467502500923,0.21303817561810445,0.06495932447296097,-0.4565453960720986,-0.8942774616501927,3.3,-0.4275719126553268,0.173966,0.134583,0.289773,0.193072,0.171881,-0.456073,1.031215,0.651519,0,-0,0,0,-3.989172187851865,-1.802018206924033,-3.2396868955656277,-3.9442709898586563,-2.687622502158059,-0.41653595524926135
STU_001051,PHIL 104,2025SP,S02,INST_PHIL104_02,2025F,20251,PHIL 104__2025SP,PHIL 104__2025SP__S02,0,pre,2.7,0.17691692386090738,3.625,3.4,3.5,3.8,3.3333333333333335,0.09135913529249606,-0.1597786317135771,0.06495932447296097,0.6666708921722283,-0.2539911329435696,3.533333333333333,0.0819307812220992,0.173966,0.134583,0.289773,0.193072,0.171881,-0.456073,1.031215,0.651519,0,-0,0,0,0.5187904072951612,0.15353675234457792,0.4405203545368114,0.685723887458262,0.1538173901637624,0.05497033929393231
STU_001127,PHIL 104,2025SP,S03,INST_PHIL104_03,2025F,20251,PHIL 104__2025SP,PHIL 104__2025SP__S03,0,pre,2,-0.7033370001179466,2.875,3,3.1666666666666665,3,3.1666666666666665,-1.4086526357926807,-0.9054122463769394,-0.5797003006762981,-0.8309508254868748,-0.5741342972968816,3.033333333333333,-1.009860705658099,0.173966,0.134583,0.289773,0.193072,0.171881,-0.456073,1.031215,0.651519,0,-0,0,0,-9.355270639042393,-4.965908675069547,-7.961113326636465,-9.246338141607755,-5.57884080541409,-0.9849409749724368
STU_000762,PHIL 104,2025SP,S03,INST_PHIL104_03,2025F,20251,PHIL 104__2025SP,PHIL 104__2025SP__S03,0,pre,1,-1.9608426058020236,2.75,2.4,3,2.2,2.8333333333333335,-1.65865459764021,-2.0238626683719834,-0.9020301132509271,-2.328572543145978,-1.214420626003504,2.6666666666666665,-1.8105077960369111,0.173966,0.134583,0.289773,0.193072,0.171881,-0.456073,1.031215,0.651519,0,-0,0,0,-15.875194971174516,-8.814434365735353,-13.731146385682363,-16.268257792151207,-9.774291315551341,-1.7078597134932958
STU_001141,PHIL 104,2025SP,S03,INST_PHIL104_03,2025F,20251,PHIL 104__2025SP,PHIL 104__2025SP__S03,0,pre,2.3,-0.3260853184127238,4,3.4,3.8333333333333335,3.6,3.3333333333333335,0.8413650208350845,-0.1597786317135771,0.7096189496222199,0.29226546275745297,-0.2539911329435696,3.6666666666666665,0.3730751777234853,0.173966,0.134583,0.289773,0.193072,0.171881,-0.456073,1.031215,0.651519,0,-0,0,0,3.756169032460064,1.6696141229440478,3.2805969041911935,3.5841972503575117,1.9393931702594236,0.38254130442093304
STU_000884,PHIL 104,2025SP,S03,INST_PHIL104_03,2025F,20251,PHIL 104__2025SP,PHIL 104__2025SP__S03,0,pre,1.7,-1.0805886818231698,3.25,3.4,3,3,3.6666666666666665,-0.6586467502500923,-0.1597786317135771,-0.9020301132509271,-0.8309508254868748,0.3862951957630527,3.2666666666666666,-0.5003580117806731,0.173966,0.134583,0.289773,0.193072,0.171881,-0.456073,1.031215,0.651519,0,-0,0,0,-4.8064072972514085,-2.3972438222865997,-4.30097315065116,-4.855766839081896,-2.4884604180565018,-0.5051993494402621
STU_001312,PHIL 104,2025SP,S03,INST_PHIL104_03,2025F,20251,PHIL 104__2025SP,PHIL 104__2025SP__S03,0,pre,1,-1.9608426058020236,2.625,2.8,2.6666666666666665,2.6,2.1666666666666665,-1.9086565594877396,-1.278229053708621,-1.546689738400186,-1.5797616843164264,-2.49499328341675,2.566666666666667,-2.02886609341295,0.173966,0.134583,0.289773,0.193072,0.171881,-0.456073,1.031215,0.651519,0,-0,0,0,-17.86626463276761,-9.424930425220015,-15.609179355351014,-17.974749865036053,-11.532498853815142,-1.917913889990254
STU_000931,PHIL 104,2025SP,S03,INST_PHIL104_03,2025F,20251,PHIL 104__2025SP,PHIL 104__2025SP__S03,0,pre,2.3,-0.3260853184127238,3,3,2.8333333333333335,3.4,2.8333333333333335,-1.1586506739451512,-0.9054122463769394,-1.2243599258255562,-0.08213996665732322,-1.214420626003504,3,-1.0826468047834452,0.173966,0.134583,0.289773,0.193072,0.171881,-0.456073,1.031215,0.651519,0,-0,0,0,-9.739816915889612,-5.208929473337074,-8.660349126823135,-9.566634137802536,-6.232750724655853,-1.0425303180150935
STU_000115,PHIL 104,2025SP,S03,INST_PHIL104_03,2025F,20251,PHIL 104__2025SP,PHIL 104__2025SP__S03,0,pre,3,0.5541686055661302,3.375,3.4,3.5,3.4,3.5,-0.40864478840256285,-0.1597786317135771,0.06495932447296097,-0.08213996665732322,0.06615203140974155,3.433333333333333,-0.13642751615394064,0.173966,0.134583,0.289773,0.193072,0.171881,-0.456073,1.031215,0.651519,0,-0,0,0,-1.3410734449533308,-0.6773500431822508,-1.0156432730828355,-1.2238051894487711,-0.6496027786209685,-0.13112104388819457
STU_000785,PHIL 104,2025F,S01,INST_PHIL104_01,2025F,20253,PHIL 104__2025F,PHIL 104__2025F__S01,1,post,4,1.8116742112502071,3.5,3.6,3.8333333333333335,3.4,3.8333333333333335,-0.1586428265550334,0.21303817561810445,0.7096189496222199,-0.08213996665732322,0.7064383601163647,3.6333333333333333,0.300289078598139,0.173966,0.134583,0.289773,0.193072,0.171881,-0.456073,1.031215,0.651519,0.171881,-0.456073,1.031215,0.651519,2.6008795280688974,1.4718090895492726,2.6270145308210613,2.722440487372121,1.9805378568139929,0.29964745463609693
STU_000188,PHIL 104,2025F,S01,INST_PHIL104_01,2025F,20253,PHIL 104__2025F,PHIL 104__2025F__S01,1,post,4,1.8116742112502071,3.75,3.6,3.6666666666666665,3.6,3.5,0.3413610971400255,0.21303817561810445,0.38728913704759005,0.29226546275745297,0.06615203140974155,3.6333333333333333,0.300289078598139,0.173966,0.134583,0.289773,0.193072,0.171881,-0.456073,1.031215,0.651519,0.171881,-0.456073,1.031215,0.651519,2.3805188193906033,1.2641833010077748,2.1293054361160033,2.4031514188856917,1.365622062468665,0.25398485769349366
STU_001422,PHIL 104,2025F,S01,INST_PHIL104_01,2025F,20253,PHIL 104__2025F,PHIL 104__2025F__S01,1,post,3.3,0.9314202872713531,3.875,2.6,3.3333333333333335,3.8,4.166666666666667,0.5913630589875549,-1.6510458610403016,-0.25737048810166807,0.6666708921722283,1.3467246888229878,3.6,0.22750297947279274,0.173966,0.134583,0.289773,0.193072,0.171881,-0.456073,1.031215,0.651519,0.171881,-0.456073,1.031215,0.651519,2.3860845352454185,0.23603221776415978,1.7609451405246404,2.3626032420149237,1.979107678667391,0.23761803251016564
STU_000086,PHIL 104,2025F,S01,INST_PHIL104_01,2025F,20253,PHIL 104__2025F,PHIL 104__2025F__S01,1,post,4,1.8116742112502071,4.25,4,3.8333333333333335,4,3.6666666666666665,1.3413689445301433,0.9586717902814668,0.7096189496222199,1.0410763215870045,0.3862951957630527,3.966666666666667,1.0281500698516048,0.173966,0.134583,0.289773,0.193072,0.171881,-0.456073,1.031215,0.651519,0.171881,-0.456073,1.031215,0.651519,9.247979430782697,4.9512322608369175,7.945684968351493,9.250019303587964,5.425469910702096,0.9781168326166293
STU_000491,PHIL 104,2025F,S01,INST_PHIL104_01,2025F,20253,PHIL 104__2025F,PHIL 104__2025F__S01,1,post,3.3,0.9314202872713531,3.25,3.2,3.6666666666666665,2.6,3.1666666666666665,-0.6586467502500923,-0.5325954390452579,0.38728913704759005,-1.5797616843164264,-0.5741342972968816,3.2,-0.6459302100313656,0.173966,0.134583,0.289773,0.193072,0.171881,-0.456073,1.031215,0.651519,0.171881,-0.456073,1.031215,0.651519,-5.861679803799125,-3.1516686086869155,-4.777742820962195,-6.175411606260169,-3.68594925861205,-0.6276938411575897
STU_000595,PHIL 104,2025F,S01,INST_PHIL104_01,2025F,20253,PHIL 104__2025F,PHIL 104__2025F__S01,1,post,3.7,1.4344225295449842,4.25,4.4,3.5,4.2,3.5,1.3413689445301433,1.7043054049448298,0.06495932447296097,1.4154817510017808,0.06615203140974155,3.966666666666667,1.0281500698516048,0.173966,0.134583,0.289773,0.193072,0.171881,-0.456073,1.031215,0.651519,0.171881,-0.456073,1.031215,0.651519,9.229701534409891,5.3440168168872555,7.645444430647205,9.310328210400794,5.214058074788307,0.9737151561258388
STU_000151,PHIL 104,2025F,S01,INST_PHIL104_01,2025F,20253,PHIL 104__2025F,PHIL 104__2025F__S01,1,post,3.3,0.9314202872713531,4,4.2,4,3.6,4,0.8413650208350845,1.3314885976131483,1.031948762196849,0.29226546275745297,1.0265815244696759,3.966666666666667,1.0281500698516048,0.173966,0.134583,0.289773,0.193072,0.171881,-0.456073,1.031215,0.651519,0.171881,-0.456073,1.031215,0.651519,9.153290591820896,5.204890761440366,8.147776761048572,9.133932880138364,5.858808948286386,0.9896527588471046
STU_000282,PHIL 104,2025F,S02,INST_PHIL104_02,2025F,20253,PHIL 104__2025F,PHIL 104__2025F__S02,1,post,2.3,-0.3260853184127238,3.625,3.8,3.5,3.2,4,0.09135913529249606,0.5858549829497852,0.06495932447296097,-0.4565453960720986,1.0265815244696759,3.6333333333333333,0.300289078598139,0.173966,0.134583,0.289773,0.193072,0.171881,-0.456073,1.031215,0.651519,0.171881,-0.456073,1.031215,0.651519,2.3518663043551262,1.481326254462286,2.0834663481830455,2.2670897993091614,1.9425490855922645,0.26235448981460047
STU_001409,PHIL 104,2025F,S02,INST_PHIL104_02,2025F,20253,PHIL 104__2025F,PHIL 104__2025F__S02,1,post,2.7,0.17691692386090738,3.875,4,3.8333333333333335,3.2,3.8333333333333335,0.5913630589875549,0.9586717902814668,0.7096189496222199,-0.4565453960720986,0.7064383601163647,3.7666666666666666,0.5914334750995252,0.173966,0.134583,0.289773,0.193072,0.171881,-0.456073,1.031215,0.651519,0.171881,-0.456073,1.031215,0.651519,5.233588826613316,3.043897800689488,4.661611696689275,4.991519698290551,3.3719315014048687,0.5602672526795395
STU_000711,PHIL 104,2025F,S02,INST_PHIL104_02,2025F,20253,PHIL 104__2025F,PHIL 104__2025F__S02,1,post,2.7,0.17691692386090738,3.875,3.2,3.3333333333333335,3.4,3.3333333333333335,0.5913630589875549,-0.5325954390452579,-0.25737048810166807,-0.08213996665732322,-0.2539911329435696,3.466666666666667,-0.06364141702859338,0.173966,0.134583,0.289773,0.193072,0.171881,-0.456073,1.031215,0.651519,0.171881,-0.456073,1.031215,0.651519,-0.3816737665188227,-0.6052972840956627,-0.6672593840598584,-0.6851460463717415,-0.5317913576666851,-0.07170331672050106
STU_001348,PHIL 104,2025F,S02,INST_PHIL104_02,2025F,20253,PHIL 104__2025F,PHIL 104__2025F__S02,1,post,4,1.8116742112502071,3.875,4.4,4.333333333333333,4.4,4.166666666666667,0.5913630589875549,1.7043054049448298,1.6766083873461073,1.789887180416557,1.3467246888229878,4.2,1.5376527637290307,0.173966,0.134583,0.289773,0.193072,0.171881,-0.456073,1.031215,0.651519,0.171881,-0.456073,1.031215,0.651519,13.579426537956584,7.753673916000987,12.423175055322126,14.242690774751708,8.751208401316632,1.5006485793130093
STU_000865,PHIL 104,2025F,S02,INST_PHIL104_02,2025F,20253,PHIL 104__2025F,PHIL 104__2025F__S02,1,post,3.3,0.9314202872713531,3.625,4.2,4,3.6,3.8333333333333335,0.09135913529249606,1.3314885976131483,1.031948762196849,0.29226546275745297,0.7064383601163647,3.8333333333333335,0.7370056733502187,0.173966,0.134583,0.289773,0.193072,0.171881,-0.456073,1.031215,0.651519,0.171881,-0.456073,1.031215,0.651519,6.219877748248209,3.8877769463290903,5.825014289419017,6.443186097347526,4.075349649389882,0.6953890442158903
STU_001461,PHIL 104,2025F,S02,INST_PHIL104_02,2025F,20253,PHIL 104__2025F,PHIL 104__2025F__S02,1,post,2.7,0.17691692386090738,3.5,3.4,3.6666666666666665,3,3.1666666666666665,-0.1586428265550334,-0.1597786317135771,0.38728913704759005,-0.8309508254868748,-0.5741342972968816,3.3666666666666667,-0.28199971440463323,0.173966,0.134583,0.289773,0.193072,0.171881,-0.456073,1.031215,0.651519,0.171881,-0.456073,1.031215,0.651519,-2.5758837953938256,-1.3605026452846134,-2.0675046417544083,-2.8009328443437695,-1.8070486313595995,-0.28090092060484023
STU_000333,PHIL 104,2025F,S02,INST_PHIL104_02,2025F,20253,PHIL 104__2025F,PHIL 104__2025F__S02,1,post,4,1.8116742112502071,4.125,3.8,3.6666666666666665,3.4,4,1.0913669826826138,0.5858549829497852,0.38728913704759005,-0.08213996665732322,1.0265815244696759,3.8333333333333335,0.7370056733502187,0.173966,0.134583,0.289773,0.193072,0.171881,-0.456073,1.031215,0.651519,0.171881,-0.456073,1.031215,0.651519,6.525074256162692,3.4035169778986036,5.495982721892768,6.218836839954627,4.165401037367597,0.6825295403204313
STU_000683,PHIL 104,2025F,S03,INST_PHIL104_03,2025F,20253,PHIL 104__2025F,PHIL 104__2025F__S03,1,post,4,1.8116742112502071,4,3.6,3.8333333333333335,3.2,3.5,0.8413650208350845,0.21303817561810445,0.7096189496222199,-0.4565453960720986,0.06615203140974155,3.6666666666666665,0.3730751777234853,0.173966,0.134583,0.289773,0.193072,0.171881,-0.456073,1.031215,0.651519,0.171881,-0.456073,1.031215,0.651519,3.335759257405484,1.6400756392394649,2.8934682924280133,2.9501911249664916,1.8226414623570275,0.3364564975198304
STU_000718,PHIL 104,2025F,S03,INST_PHIL104_03,2025F,20253,PHIL 104__2025F,PHIL 104__2025F__S03,1,post,3.7,1.4344225295449842,3.5,3.6,3.3333333333333335,2.8,3.1666666666666665,-0.1586428265550334,0.21303817561810445,-0.25737048810166807,-1.205356254901651,-0.5741342972968816,3.3,-0.4275719126553268,0.173966,0.134583,0.289773,0.193072,0.171881,-0.456073,1.031215,0.651519,0.171881,-0.456073,1.031215,0.651519,-3.9000578309247733,-1.8766020223894306,-3.482836341900463,-4.288542151131821,-2.6164350777130694,-0.43103087456254696
STU_001299,PHIL 104,2025F,S03,INST_PHIL104_03,2025F,20253,PHIL 104__2025F,PHIL 104__2025F__S03,1,post,3.7,1.4344225295449842,3.625,3.8,3.5,3,3.1666666666666665,0.09135913529249606,0.5858549829497852,0.06495932447296097,-0.8309508254868748,-0.5741342972968816,3.433333333333333,-0.13642751615394064,0.173966,0.134583,0.289773,0.193072,0.171881,-0.456073,1.031215,0.651519,0.171881,-0.456073,1.031215,0.651519,-1.1552549206173652,-0.2843539008906547,-1.0255890929928662,-1.450575850608045,-1.014181438216751,-0.13325262883068786
STU_000392,PHIL 104,2025F,S03,INST_PHIL104_03,2025F,20253,PHIL 104__2025F,PHIL 104__2025F__S03,1,post,4,1.8116742112502071,4,3,3.8333333333333335,3.8,4.333333333333333,0.8413650208350845,-0.9054122463769394,0.7096189496222199,0.6666708921722283,1.6668678531762982,3.8333333333333335,0.7370056733502187,0.173966,0.134583,0.289773,0.193072,0.171881,-0.456073,1.031215,0.651519,0.171881,-0.456073,1.031215,0.651519,6.540218585595589,2.6983688611039045,5.725942649211247,6.544348177539194,4.588009696852951,0.6958704979189707
STU_001191,PHIL 104,2025F,S03,INST_PHIL104_03,2025F,20253,PHIL 104__2025F,PHIL 104__2025F__S03,1,post,2.3,-0.3260853184127238,3.125,2.8,2.6666666666666665,3.6,3.1666666666666665,-0.9086487120976218,-1.278229053708621,-1.546689738400186,0.29226546275745297,-0.5741342972968816,3.066666666666667,-0.9370746065327518,0.173966,0.134583,0.289773,0.193072,0.171881,-0.456073,1.031215,0.651519,0.171881,-0.456073,1.031215,0.651519,-8.387627639320343,-4.7815907841599845,-7.645569988691454,-8.157363455952286,-5.109293244845967,-0.9002944535317172
STU_000772,PHIL 104,2025F,S03,INST_PHIL104_03,2025F,20253,PHIL 104__2025F,PHIL 104__2025F__S03,1,post,2.7,0.17691692386090738,3.625,3.4,3.6666666666666665,3.8,3.6666666666666665,0.09135913529249606,-0.1597786317135771,0.38728913704759005,0.6666708921722283,0.3862951957630527,3.6333333333333333,0.300289078598139,0.173966,0.134583,0.289773,0.193072,0.171881,-0.456073,1.031215,0.651519,0.171881,-0.456073,1.031215,0.651519,2.4877048111710933,1.1585765901678666,2.316454013627697,2.705959944409959,1.6533322136723243,0.27565669951751154
STU_000920,PHIL 104,2025F,S03,INST_PHIL104_03,2025F,20253,PHIL 104__2025F,PHIL 104__2025F__S03,1,post,2.3,-0.3260853184127238,3,3.4,3.6666666666666665,3,2.6666666666666665,-1.1586506739451512,-0.1597786317135771,0.38728913704759005,-0.8309508254868748,-1.534563790356816,3.1333333333333333,-0.7915024082820592,0.173966,0.134583,0.289773,0.193072,0.171881,-0.456073,1.031215,0.651519,0.171881,-0.456073,1.031215,0.651519,-7.357270732551604,-3.6101905617044476,-5.891727175341155,-7.287510031505655,-4.928013014990625,-0.7705751516976308
STU_001416,RPTA 33,2024SP,S01,INST_RPTA33_01,2025F,20241,RPTA 33__2024SP,RPTA 33__2024SP__S01,0,pre,3.3,0.9314202872713531,3.75,3.6,3.6666666666666665,3.6,3.5,0.3413610971400255,0.21303817561810445,0.38728913704759005,0.29226546275745297,0.06615203140974155,3.6333333333333333,0.300289078598139,0.162545,0.33625,0.0615,0.18071,-0.018575,1.434969,-1.202682,0.235032,-0,0,-0,0,2.5999527279233265,1.3467256798257436,2.335167857301871,2.615016052246917,1.5094707686106548,0.27713775804409824
STU_001543,RPTA 33,2024SP,S01,INST_RPTA33_01,2025F,20241,RPTA 33__2024SP,RPTA 33__2024SP__S01,0,pre,3.7,1.4344225295449842,3.875,3.6,3.3333333333333335,3.4,3.5,0.5913630589875549,0.21303817561810445,-0.25737048810166807,-0.08213996665732322,0.06615203140974155,3.566666666666667,0.15471688034744646,0.162545,0.33625,0.0615,0.18071,-0.018575,1.434969,-1.202682,0.235032,-0,0,-0,0,1.401355078431774,0.7414790900855934,0.907668157739337,1.1674983709624411,0.7219606324963324,0.13074747495415467
STU_001031,RPTA 33,2024SP,S01,INST_RPTA33_01,2025F,20241,RPTA 33__2024SP,RPTA 33__2024SP__S01,0,pre,3,0.5541686055661302,3.375,3.4,3.1666666666666665,3.2,3.6666666666666665,-0.40864478840256285,-0.1597786317135771,-0.5797003006762981,-0.4565453960720986,0.3862951957630527,3.3666666666666667,-0.28199971440463323,0.162545,0.33625,0.0615,0.18071,-0.018575,1.434969,-1.202682,0.235032,-0,0,-0,0,-2.89617165917016,-1.49184838967492,-2.634046504857981,-2.926161727473807,-1.4423867770987195,-0.3052629981100683
STU_000066,RPTA 33,2024SP,S01,INST_RPTA33_01,2025F,20241,RPTA 33__2024SP,RPTA 33__2024SP__S01,0,pre,3.3,0.9314202872713531,4,4,4.333333333333333,3.6,3.8333333333333335,0.8413650208350845,0.9586717902814668,1.6766083873461073,0.29226546275745297,0.7064383601163647,3.966666666666667,1.0281500698516048,0.162545,0.33625,0.0615,0.18071,-0.018575,1.434969,-1.202682,0.235032,-0,0,-0,0,9.145656188772366,5.045676092993523,8.436358749305986,9.156587111050744,5.6802668613064045,0.9918821485019564
STU_000723,RPTA 33,2024SP,S01,INST_RPTA33_01,2025F,20241,RPTA 33__2024SP,RPTA 33__2024SP__S01,0,pre,3,0.5541686055661302,3.75,3.4,3.1666666666666665,3.4,3.5,0.3413610971400255,-0.1597786317135771,-0.5797003006762981,-0.08213996665732322,0.06615203140974155,3.466666666666667,-0.06364141702859338,0.162545,0.33625,0.0615,0.18071,-0.018575,1.434969,-1.202682,0.235032,-0,0,-0,0,-0.5061218995482042,-0.4246842035183028,-0.8177993673807026,-0.6932428455979273,-0.35375180397730943,-0.07345276659160654
STU_000778,RPTA 33,2024SP,S01,INST_RPTA33_01,2025F,20241,RPTA 33__2024SP,RPTA 33__2024SP__S01,0,pre,0.7,-2.338094287507247,3.25,3.6,3,3,3.1666666666666665,-0.6586467502500923,0.21303817561810445,-0.9020301132509271,-0.8309508254868748,-0.5741342972968816,3.2,-0.6459302100313656,0.162545,0.33625,0.0615,0.18071,-0.018575,1.434969,-1.202682,0.235032,-0,0,-0,0,-5.85935518640096,-2.7698929433153396,-5.275301241177597,-5.980337319323355,-3.6733755979350207,-0.6284716053717122
STU_001279,RPTA 33,2024SP,S01,INST_RPTA33_01,2025F,20241,RPTA 33__2024SP,RPTA 33__2024SP__S01,0,pre,3.3,0.9314202872713531,3.875,4,3.5,3.6,4,0.5913630589875549,0.9586717902814668,0.06495932447296097,0.29226546275745297,1.0265815244696759,3.8,0.6642195742248714,0.162545,0.33625,0.0615,0.18071,-0.018575,1.434969,-1.202682,0.235032,-0,0,-0,0,5.959201833078192,3.407429912971863,5.061205358107106,5.938742338199496,3.994519177804468,0.6412330644298113
STU_000638,RPTA 33,2024SP,S02,INST_RPTA33_02,2025F,20241,RPTA 33__2024SP,RPTA 33__2024SP__S02,0,pre,3.7,1.4344225295449842,3.25,4.2,4.166666666666667,4.6,4,-0.6586467502500923,1.3314885976131483,1.354278574771479,2.1642926098313313,1.0265815244696759,3.966666666666667,1.0281500698516048,0.162545,0.33625,0.0615,0.18071,-0.018575,1.434969,-1.202682,0.235032,-0,0,-0,0,8.241231770617086,5.073133024032002,8.045918656530558,9.415317715711838,5.63492444667039,0.9610035621511741
STU_001533,RPTA 33,2024SP,S02,INST_RPTA33_02,2025F,20241,RPTA 33__2024SP,RPTA 33__2024SP__S02,0,pre,1,-1.9608426058020236,3.5,3.4,3.5,3.8,3.5,-0.1586428265550334,-0.1597786317135771,0.06495932447296097,0.6666708921722283,0.06615203140974155,3.533333333333333,0.0819307812220992,0.162545,0.33625,0.0615,0.18071,-0.018575,1.434969,-1.202682,0.235032,-0,0,-0,0,0.4550831646970145,0.1602991600575557,0.44243153615901315,0.6937729332237599,0.3330527097526972,0.05688195606882791
STU_000746,RPTA 33,2024SP,S02,INST_RPTA33_02,2025F,20241,RPTA 33__2024SP,RPTA 33__2024SP__S02,0,pre,2.7,0.17691692386090738,3.375,3.2,3.1666666666666665,3.2,3.1666666666666665,-0.40864478840256285,-0.5325954390452579,-0.5797003006762981,-0.4565453960720986,-0.5741342972968816,3.2333333333333334,-0.5731441109060194,0.162545,0.33625,0.0615,0.18071,-0.018575,1.434969,-1.202682,0.235032,-0,0,-0,0,-4.803557286640782,-2.644982507800382,-4.290240669918022,-4.889675461284076,-3.0258038834238206,-0.5203794590972405
STU_001230,RPTA 33,2024SP,S02,INST_RPTA33_02,2025F,20241,RPTA 33__2024SP,RPTA 33__2024SP__S02,0,pre,3,0.5541686055661302,3.875,3.6,4.166666666666667,3.8,3.5,0.5913630589875549,0.21303817561810445,1.354278574771479,0.6666708921722283,0.06615203140974155,3.8,0.6642195742248714,0.162545,0.33625,0.0615,0.18071,-0.018575,1.434969,-1.202682,0.235032,-0,0,-0,0,5.937754814233093,3.0152685235230474,5.515843228422808,6.032169650966696,3.4595720771413254,0.6390092332399037
STU_001415,RPTA 33,2024SP,S02,INST_RPTA33_02,2025F,20241,RPTA 33__2024SP,RPTA 33__2024SP__S02,0,pre,3.7,1.4344225295449842,3.75,4.2,3.1666666666666665,3.4,3.3333333333333335,0.3413610971400255,1.3314885976131483,-0.5797003006762981,-0.08213996665732322,-0.2539911329435696,3.566666666666667,0.15471688034744646,0.162545,0.33625,0.0615,0.18071,-0.018575,1.434969,-1.202682,0.235032,-0,0,-0,0,1.3093981069354494,1.2993411792047227,0.8262838021864012,1.1896115401148364,0.564106625662692,0.13261241006186616
STU_001305,RPTA 33,2024SP,S02,INST_RPTA33_02,2025F,20241,RPTA 33__2024SP,RPTA 33__2024SP__S02,0,pre,3.3,0.9314202872713531,3.25,2.8,3.6666666666666665,3.2,3.1666666666666665,-0.6586467502500923,-1.278229053708621,0.38728913704759005,-0.4565453960720986,-0.5741342972968816,3.2333333333333334,-0.5731441109060194,0.162545,0.33625,0.0615,0.18071,-0.018575,1.434969,-1.202682,0.235032,-0,0,-0,0,-5.153307555702081,-3.1643997915206263,-4.143684638171208,-5.140042164032572,-3.235525514043251,-0.5477061154164969
STU_000092,RPTA 33,2024SP,S03,INST_RPTA33_03,2025F,20241,RPTA 33__2024SP,RPTA 33__2024SP__S03,0,pre,4,1.8116742112502071,2.875,3.4,3.1666666666666665,3.2,2.8333333333333335,-1.4086526357926807,-0.1597786317135771,-0.5797003006762981,-0.4565453960720986,-1.214420626003504,3.066666666666667,-0.9370746065327518,0.162545,0.33625,0.0615,0.18071,-0.018575,1.434969,-1.202682,0.235032,-0,0,-0,0,-8.669557977379407,-4.250187097360367,-7.351037185027231,-8.442898057580193,-5.505722520600298,-0.9087322660621675
STU_001496,RPTA 33,2024SP,S03,INST_RPTA33_03,2025F,20241,RPTA 33__2024SP,RPTA 33__2024SP__S03,0,pre,3.3,0.9314202872713531,4.375,3.8,4.333333333333333,3.8,3.3333333333333335,1.5913709063776729,0.5858549829497852,1.6766083873461073,0.6666708921722283,-0.2539911329435696,3.966666666666667,1.0281500698516048,0.162545,0.33625,0.0615,0.18071,-0.018575,1.434969,-1.202682,0.235032,-0,0,-0,0,9.83029383295562,4.975079764177472,8.689786391355462,9.572676659107143,5.37745428031018,1.0259025999287485
STU_000838,RPTA 33,2024SP,S03,INST_RPTA33_03,2025F,20241,RPTA 33__2024SP,RPTA 33__2024SP__S03,0,pre,2.7,0.17691692386090738,3.625,3.6,4,3.6,3.3333333333333335,0.09135913529249606,0.21303817561810445,1.031948762196849,0.29226546275745297,-0.2539911329435696,3.6333333333333333,0.300289078598139,0.162545,0.33625,0.0615,0.18071,-0.018575,1.434969,-1.202682,0.235032,-0,0,-0,0,2.3742599873811225,1.2913048072018116,2.4712885394540263,2.4872666888738855,1.2078521430624214,0.26313190198791336
STU_000061,RPTA 33,2024SP,S03,INST_RPTA33_03,2025F,20241,RPTA 33__2024SP,RPTA 33__2024SP__S03,0,pre,3.7,1.4344225295449842,4.25,4.6,4,4.6,4.5,1.3413689445301433,2.07712221227651,1.031948762196849,2.1642926098313313,1.98701101752961,4.366666666666666,1.9015832593557622,0.162545,0.33625,0.0615,0.18071,-0.018575,1.434969,-1.202682,0.235032,-0,0,-0,0,17.235737400905624,9.646405452513333,15.083534567320472,17.761228056070514,11.103753756310489,1.872866219758218
STU_000644,RPTA 33,2024SP,S03,INST_RPTA33_03,2025F,20241,RPTA 33__2024SP,RPTA 33__2024SP__S03,0,pre,3,0.5541686055661302,4,3.2,3.8333333333333335,3.8,4,0.8413650208350845,-0.5325954390452579,0.7096189496222199,0.6666708921722283,1.0265815244696759,3.8,0.6642195742248714,0.162545,0.33625,0.0615,0.18071,-0.018575,1.434969,-1.202682,0.235032,-0,0,-0,0,5.748201479219085,2.4647563911363073,5.041694270496308,5.753766330295162,3.784731211031031,0.6086757717869341
STU_000798,RPTA 33,2024SP,S03,INST_RPTA33_03,2025F,20241,RPTA 33__2024SP,RPTA 33__2024SP__S03,0,pre,4,1.8116742112502071,3.25,3.4,3.1666666666666665,2.8,3,-0.6586467502500923,-0.1597786317135771,-0.5797003006762981,-1.205356254901651,-0.8942774616501927,3.1333333333333333,-0.7915024082820592,0.162545,0.33625,0.0615,0.18071,-0.018575,1.434969,-1.202682,0.235032,-0,0,-0,0,-7.1905499790438165,-3.6383215263667696,-6.3092464486498026,-7.4486726512261345,-4.6360403917099156,-0.7766566631206069
STU_000284,RPTA 33,2024SP,S03,INST_RPTA33_03,2025F,20241,RPTA 33__2024SP,RPTA 33__2024SP__S03,0,pre,2.7,0.17691692386090738,4.625,4.8,4,3.8,4,2.0913748300727315,2.449939019608191,1.031948762196849,0.6666708921722283,1.0265815244696759,4.266666666666667,1.6832249619797233,0.162545,0.33625,0.0615,0.18071,-0.018575,1.434969,-1.202682,0.235032,-0,0,-0,0,15.589383493520314,8.828910543490723,13.322636931729338,15.268375904172961,9.342876838410158,1.6485623852954252
STU_000603,RPTA 33,2024F,S01,INST_RPTA33_01,2025F,20243,RPTA 33__2024F,RPTA 33__2024F__S01,0,pre,3.7,1.4344225295449842,2.875,3.2,3.1666666666666665,3,3,-1.4086526357926807,-0.5325954390452579,-0.5797003006762981,-0.8309508254868748,-0.8942774616501927,3.033333333333333,-1.009860705658099,0.162545,0.33625,0.0615,0.18071,-0.018575,1.434969,-1.202682,0.235032,-0,0,-0,0,-9.16228863934116,-4.702537645179783,-7.804600382581159,-9.082067957740136,-5.638699390393316,-0.9663639536019223
STU_000738,RPTA 33,2024F,S01,INST_RPTA33_01,2025F,20243,RPTA 33__2024F,RPTA 33__2024F__S01,0,pre,2.7,0.17691692386090738,3.5,3.2,3.5,3.4,3.5,-0.1586428265550334,-0.5325954390452579,0.06495932447296097,-0.08213996665732322,0.06615203140974155,3.433333333333333,-0.13642751615394064,0.162545,0.33625,0.0615,0.18071,-0.018575,1.434969,-1.202682,0.235032,-0,0,-0,0,-1.380646864660625,-0.9461658438092313,-1.1140749709317246,-1.3517217843203735,-0.7498415796863969,-0.1454270074267952
STU_001351,RPTA 33,2024F,S01,INST_RPTA33_01,2025F,20243,RPTA 33__2024F,RPTA 33__2024F__S01,0,pre,3,0.5541686055661302,4.25,4.6,3.8333333333333335,3.8,4.333333333333333,1.3413689445301433,2.07712221227651,0.7096189496222199,0.6666708921722283,1.6668678531762982,4.166666666666667,1.4648666646036845,0.162545,0.33625,0.0615,0.18071,-0.018575,1.434969,-1.202682,0.235032,-0,0,-0,0,13.377274499667836,7.686203180411174,11.584276225826228,13.370719585764126,8.630960563807227,1.4408694247023919
STU_000332,RPTA 33,2024F,S01,INST_RPTA33_01,2025F,20243,RPTA 33__2024F,RPTA 33__2024F__S01,0,pre,2.3,-0.3260853184127238,3.125,3.4,2.8333333333333335,3.4,3,-0.9086487120976218,-0.1597786317135771,-1.2243599258255562,-0.08213996665732322,-0.8942774616501927,3.1333333333333333,-0.7915024082820592,0.162545,0.33625,0.0615,0.18071,-0.018575,1.434969,-1.202682,0.235032,-0,0,-0,0,-7.493091661286497,-3.7438435837062145,-6.737017981882966,-7.326105693178073,-4.760442224924682,-0.797964462602816
STU_000388,RPTA 33,2024F,S01,INST_RPTA33_01,2025F,20243,RPTA 33__2024F,RPTA 33__2024F__S01,0,pre,3,0.5541686055661302,3.75,3.6,3.5,3.4,3.3333333333333335,0.3413610971400255,0.21303817561810445,0.06495932447296097,-0.08213996665732322,-0.2539911329435696,3.533333333333333,0.0819307812220992,0.162545,0.33625,0.0615,0.18071,-0.018575,1.434969,-1.202682,0.235032,-0,0,-0,0,0.6626788744749359,0.37637544398937667,0.5032093529063549,0.52498680530199,0.17509747924867936,0.06020985299916456
STU_001366,RPTA 33,2024F,S01,INST_RPTA33_01,2025F,20243,RPTA 33__2024F,RPTA 33__2024F__S01,0,pre,3.7,1.4344225295449842,4.375,3.2,4,4.2,4.166666666666667,1.5913709063776729,-0.5325954390452579,1.031948762196849,1.4154817510017808,1.3467246888229878,4.033333333333333,1.1737222681022974,0.162545,0.33625,0.0615,0.18071,-0.018575,1.434969,-1.202682,0.235032,-0,0,-0,0,10.744982429585516,4.89082908977066,9.278976108729717,10.772549993471788,6.785347279392862,1.1334891598937653
STU_001440,RPTA 33,2024F,S02,INST_RPTA33_02,2025F,20243,RPTA 33__2024F,RPTA 33__2024F__S02,0,pre,3.3,0.9314202872713531,4.125,3.6,4,4,3.1666666666666665,1.0913669826826138,0.21303817561810445,1.031948762196849,1.0410763215870045,-0.5741342972968816,3.8,0.6642195742248714,0.162545,0.33625,0.0615,0.18071,-0.018575,1.434969,-1.202682,0.235032,-0,0,-0,0,6.177278644123672,3.0455833640355565,5.456196181274107,6.179123477932987,3.16087743640434,0.6441098796380613
STU_001075,RPTA 33,2024F,S02,INST_RPTA33_02,2025F,20243,RPTA 33__2024F,RPTA 33__2024F__S02,0,pre,3.3,0.9314202872713531,4.375,4.6,4.5,4.2,4.166666666666667,1.5913709063776729,2.07712221227651,1.9989381999207372,1.4154817510017808,1.3467246888229878,4.366666666666666,1.9015832593557622,0.162545,0.33625,0.0615,0.18071,-0.018575,1.434969,-1.202682,0.235032,-0,0,-0,0,17.262655577816123,9.604067223823108,15.40038337967226,17.453358466159717,10.672491611256413,1.8636591960009659
STU_000329,RPTA 33,2024F,S02,INST_RPTA33_02,2025F,20243,RPTA 33__2024F,RPTA 33__2024F__S02,0,pre,2,-0.7033370001179466,3,3,2.8333333333333335,2.6,2.8333333333333335,-1.1586506739451512,-0.9054122463769394,-1.2243599258255562,-1.5797616843164264,-1.214420626003504,2.8666666666666667,-1.3737912012848315,0.162545,0.33625,0.0615,0.18071,-0.018575,1.434969,-1.202682,0.235032,-0,0,-0,0,-12.282082126743582,-6.500924755120817,-10.868647321345223,-12.570179462208449,-7.747937327343646,-1.3257826217530624
STU_000157,RPTA 33,2024F,S02,INST_RPTA33_02,2025F,20243,RPTA 33__2024F,RPTA 33__2024F__S02,0,pre,1,-1.9608426058020236,2.5,2.4,2.5,3.4,2.8333333333333335,-2.158658521335269,-2.0238626683719834,-1.869019550974815,-0.08213996665732322,-1.214420626003504,2.7,-1.7377216969115639,0.162545,0.33625,0.0615,0.18071,-0.018575,1.434969,-1.202682,0.235032,-0,0,-0,0,-15.343137983124695,-8.40010807367959,-13.44314061703912,-14.888078177103534,-9.325956477919151,-1.6248909645463439
STU_001456,RPTA 33,2024F,S02,INST_RPTA33_02,2025F,20243,RPTA 33__2024F,RPTA 33__2024F__S02,0,pre,3.7,1.4344225295449842,4.125,4,4.166666666666667,4.4,4.333333333333333,1.0913669826826138,0.9586717902814668,1.354278574771479,1.789887180416557,1.6668678531762982,4.2,1.5376527637290307,0.162545,0.33625,0.0615,0.18071,-0.018575,1.434969,-1.202682,0.235032,-0,0,-0,0,13.798551619742694,7.3381574854466685,12.302152043604442,14.229412743590018,8.899217718975027,1.499655005342544
STU_001196,RPTA 33,2024F,S02,INST_RPTA33_02,2025F,20243,RPTA 33__2024F,RPTA 33__2024F__S02,0,pre,3.7,1.4344225295449842,3.875,3.6,3.5,3.8,3.6666666666666665,0.5913630589875549,0.21303817561810445,0.06495932447296097,0.6666708921722283,0.3862951957630527,3.7,0.4458612768488326,0.162545,0.33625,0.0615,0.18071,-0.018575,1.434969,-1.202682,0.235032,-0,0,-0,0,3.9732391957778974,2.027917771820376,3.362272381657778,4.044307869934164,2.458323549663758,0.4218348781096927
STU_001265,RPTA 33,2024F,S02,INST_RPTA33_02,2025F,20243,RPTA 33__2024F,RPTA 33__2024F__S02,0,pre,3.3,0.9314202872713531,4,4,3.5,4.2,3.8333333333333335,0.8413650208350845,0.9586717902814668,0.06495932447296097,1.4154817510017808,0.7064383601163647,3.9,0.8825778716009113,0.162545,0.33625,0.0615,0.18071,-0.018575,1.434969,-1.202682,0.235032,-0,0,-0,0,7.733510412004971,4.296463251873037,6.551751373152075,8.004917445847575,4.823354679648264,0.8319744302247499
STU_001261,RPTA 33,2024F,S03,INST_RPTA33_03,2025F,20243,RPTA 33__2024F,RPTA 33__2024F__S03,0,pre,4,1.8116742112502071,3.375,3.6,3.3333333333333335,3.8,3.5,-0.40864478840256285,0.21303817561810445,-0.25737048810166807,0.6666708921722283,0.06615203140974155,3.5,0.009144682096752907,0.162545,0.33625,0.0615,0.18071,-0.018575,1.434969,-1.202682,0.235032,-0,0,-0,0,-0.17946978476705666,0.07432677146104122,-0.12052110090621682,0.19059755543948004,0.022100887791147224,-0.0011985859608758178
STU_000471,RPTA 33,2024F,S03,INST_RPTA33_03,2025F,20243,RPTA 33__2024F,RPTA 33__2024F__S03,0,pre,3.7,1.4344225295449842,3.125,4,3.3333333333333335,3,3.8333333333333335,-0.9086487120976218,0.9586717902814668,-0.25737048810166807,-0.8309508254868748,0.7064383601163647,3.433333333333333,-0.13642751615394064,0.162545,0.33625,0.0615,0.18071,-0.018575,1.434969,-1.202682,0.235032,-0,0,-0,0,-1.5849177767471476,-0.11052176502954861,-1.1596632555224649,-1.4650652147883723,-0.33732803152894036,-0.13465392993457986
STU_000156,RPTA 33,2024F,S03,INST_RPTA33_03,2025F,20243,RPTA 33__2024F,RPTA 33__2024F__S03,0,pre,2.7,0.17691692386090738,3.125,3.4,3.3333333333333335,2.6,3.3333333333333335,-0.9086487120976218,-0.1597786317135771,-0.25737048810166807,-1.5797616843164264,-0.2539911329435696,3.1666666666666665,-0.7187163091567129,0.162545,0.33625,0.0615,0.18071,-0.018575,1.434969,-1.202682,0.235032,-0,0,-0,0,-6.195747506689459,-3.0669583740235584,-5.231799895534047,-6.426632805602129,-3.5641582114668373,-0.6544580490693677
STU_000419,RPTA 33,2024F,S03,INST_RPTA33_03,2025F,20243,RPTA 33__2024F,RPTA 33__2024F__S03,0,pre,3,0.5541686055661302,4.25,4.6,4.333333333333333,4.2,4,1.3413689445301433,2.07712221227651,1.6766083873461073,1.4154817510017808,1.0265815244696759,4.266666666666667,1.6832249619797233,0.162545,0.33625,0.0615,0.18071,-0.018575,1.434969,-1.202682,0.235032,-0,0,-0,0,15.036217898136403,8.524668925447473,13.417033010975643,15.289203201705956,9.22664342361153,1.6273991827671643
STU_000243,RPTA 33,2024F,S03,INST_RPTA33_03,2025F,20243,RPTA 33__2024F,RPTA 33__2024F__S03,0,pre,2,-0.7033370001179466,3.375,3.4,3.5,3.6,3.5,-0.40864478840256285,-0.1597786317135771,0.06495932447296097,0.29226546275745297,0.06615203140974155,3.466666666666667,-0.06364141702859338,0.162545,0.33625,0.0615,0.18071,-0.018575,1.434969,-1.202682,0.235032,-0,0,-0,0,-0.87849475110795,-0.4483071456053576,-0.5937061602716037,-0.6469957296539997,-0.41811674542423555,-0.07904055301212022
STU_000761,RPTA 33,2024F,S03,INST_RPTA33_03,2025F,20243,RPTA 33__2024F,RPTA 33__2024F__S03,0,pre,3.3,0.9314202872713531,3.625,3.4,3.8333333333333335,3,3,0.09135913529249606,-0.1597786317135771,0.7096189496222199,-0.8309508254868748,-0.8942774616501927,3.4,-0.20921361527928692,0.162545,0.33625,0.0615,0.18071,-0.018575,1.434969,-1.202682,0.235032,-0,0,-0,0,-1.6135166308000894,-0.9486678229244158,-1.2162843931514253,-1.95434496731754,-1.4785085924147368,-0.18835850595275433
STU_000964,RPTA 33,2025SP,S01,INST_RPTA33_01,2025F,20251,RPTA 33__2025SP,RPTA 33__2025SP__S01,0,pre,3,0.5541686055661302,3,3,3,3.2,3.5,-1.1586506739451512,-0.9054122463769394,-0.9020301132509271,-0.4565453960720986,0.06615203140974155,3.1333333333333333,-0.7915024082820592,0.162545,0.33625,0.0615,0.18071,-0.018575,1.434969,-1.202682,0.235032,-0,0,-0,0,-7.372814800320712,-4.021000000317166,-6.429167455427943,-7.227658276299167,-4.14410216788857,-0.7754977068827421
STU_000821,RPTA 33,2025SP,S01,INST_RPTA33_01,2025F,20251,RPTA 33__2025SP,RPTA 33__2025SP__S01,0,pre,2,-0.7033370001179466,4.5,4.6,4.666666666666667,4,4.5,1.8413728682252022,2.07712221227651,2.321268012495367,1.0410763215870045,1.98701101752961,4.466666666666667,2.119941556731803,0.162545,0.33625,0.0615,0.18071,-0.018575,1.434969,-1.202682,0.235032,-0,0,-0,0,19.616137765035024,10.78330440853041,17.501124061756727,19.653632250150537,12.428084304239361,2.115809454675743
STU_001115,RPTA 33,2025SP,S01,INST_RPTA33_01,2025F,20251,RPTA 33__2025SP,RPTA 33__2025SP__S01,0,pre,2.3,-0.3260853184127238,3.25,3.2,3.5,3.8,3.6666666666666665,-0.6586467502500923,-0.5325954390452579,0.06495932447296097,0.6666708921722283,0.3862951957630527,3.466666666666667,-0.06364141702859338,0.162545,0.33625,0.0615,0.18071,-0.018575,1.434969,-1.202682,0.235032,-0,0,-0,0,-1.0171719904828953,-0.6362242820797102,-0.6119424443887892,-0.5470561578571285,-0.2123554970701133,-0.07984434766657598
STU_000854,RPTA 33,2025SP,S01,INST_RPTA33_01,2025F,20251,RPTA 33__2025SP,RPTA 33__2025SP__S01,0,pre,2.3,-0.3260853184127238,2.875,3.2,2.5,3.2,3,-1.4086526357926807,-0.5325954390452579,-1.869019550974815,-0.4565453960720986,-0.8942774616501927,2.933333333333333,-1.228219003034139,0.162545,0.33625,0.0615,0.18071,-0.018575,1.434969,-1.202682,0.235032,-0,0,-0,0,-11.228444633648305,-5.7581004752553415,-10.092904999732754,-11.088679286734934,-6.87910672106138,-1.1966836110453418
STU_000775,RPTA 33,2025SP,S01,INST_RPTA33_01,2025F,20251,RPTA 33__2025SP,RPTA 33__2025SP__S01,0,pre,1.7,-1.0805886818231698,4.375,4.8,4.5,4.2,4.166666666666667,1.5913709063776729,2.449939019608191,1.9989381999207372,1.4154817510017808,1.3467246888229878,4.4,1.9743693584811104,0.162545,0.33625,0.0615,0.18071,-0.018575,1.434969,-1.202682,0.235032,-0,0,-0,0,18.076509699007495,10.244404938074078,16.111996271856217,18.269959649575007,11.156917083164414,1.9536908018457557
STU_000886,RPTA 33,2025SP,S01,INST_RPTA33_01,2025F,20251,RPTA 33__2025SP,RPTA 33__2025SP__S01,0,pre,3.3,0.9314202872713531,3.75,3.8,4.166666666666667,3.4,3.5,0.3413610971400255,0.5858549829497852,1.354278574771479,-0.08213996665732322,0.06615203140974155,3.7333333333333334,0.5186473759741789,0.162545,0.33625,0.0615,0.18071,-0.018575,1.434969,-1.202682,0.235032,-0,0,-0,0,4.428671584788216,2.478522425675254,4.302587628554186,4.395365413621974,2.615380489144538,0.48298921520819993
STU_000836,RPTA 33,2025SP,S01,INST_RPTA33_01,2025F,20251,RPTA 33__2025SP,RPTA 33__2025SP__S01,0,pre,3.3,0.9314202872713531,3.875,3.6,3.3333333333333335,4,4,0.5913630589875549,0.21303817561810445,-0.25737048810166807,1.0410763215870045,1.0265815244696759,3.7666666666666666,0.5914334750995252,0.162545,0.33625,0.0615,0.18071,-0.018575,1.434969,-1.202682,0.235032,-0,0,-0,0,5.191272745280221,2.6432727671481047,4.26348066884587,5.375993735563078,3.5219418556154904,0.5563828525805509
STU_000694,RPTA 33,2025SP,S02,INST_RPTA33_02,2025F,20251,RPTA 33__2025SP,RPTA 33__2025SP__S02,0,pre,3,0.5541686055661302,3.5,3.6,3,3.2,3.5,-0.1586428265550334,0.21303817561810445,-0.9020301132509271,-0.4565453960720986,0.06615203140974155,3.3666666666666667,-0.28199971440463323,0.162545,0.33625,0.0615,0.18071,-0.018575,1.434969,-1.202682,0.235032,-0,0,-0,0,-2.8052241265433087,-1.3182552637459122,-2.7506587231846114,-2.9279061894688327,-1.611197960446461,-0.30605723886616487
STU_001478,RPTA 33,2025SP,S02,INST_RPTA33_02,2025F,20251,RPTA 33__2025SP,RPTA 33__2025SP__S02,0,pre,4,1.8116742112502071,3.75,3.8,4.5,4.6,3.8333333333333335,0.3413610971400255,0.5858549829497852,1.9989381999207372,2.1642926098313313,0.7064383601163647,4.066666666666666,1.2465083672276438,0.162545,0.33625,0.0615,0.18071,-0.018575,1.434969,-1.202682,0.235032,-0,0,-0,0,10.88030053954143,5.79271511293467,10.24538330080421,11.658674890763944,6.822458131481923,1.2073875328485446
STU_000177,RPTA 33,2025SP,S02,INST_RPTA33_02,2025F,20251,RPTA 33__2025SP,RPTA 33__2025SP__S02,0,pre,3,0.5541686055661302,3.375,3.8,3.1666666666666665,3.2,3.6666666666666665,-0.40864478840256285,0.5858549829497852,-0.5797003006762981,-0.4565453960720986,0.3862951957630527,3.433333333333333,-0.13642751615394064,0.162545,0.33625,0.0615,0.18071,-0.018575,1.434969,-1.202682,0.235032,-0,0,-0,0,-1.5064311034222817,-0.36669313112665947,-1.3835187138505547,-1.5000816637063015,-0.6337298579425139,-0.14940331769382584
STU_001352,RPTA 33,2025SP,S02,INST_RPTA33_02,2025F,20251,RPTA 33__2025SP,RPTA 33__2025SP__S02,0,pre,1.3,-1.5835909240968005,2.625,3,1.8333333333333333,2.4,2.1666666666666665,-1.9086565594877396,-0.9054122463769394,-3.1583388012733327,-1.9541671137312024,-2.49499328341675,2.4,-2.3927965890396834,0.162545,0.33625,0.0615,0.18071,-0.018575,1.434969,-1.202682,0.235032,-0,0,-0,0,-20.4412023521368,-10.567649263503077,-18.47406574290397,-20.735324472380043,-13.048970603849897,-2.209989019204514
STU_000510,RPTA 33,2025SP,S02,INST_RPTA33_02,2025F,20251,RPTA 33__2025SP,RPTA 33__2025SP__S02,0,pre,3,0.5541686055661302,4.125,4.2,4,3.8,4.5,1.0913669826826138,1.3314885976131483,1.031948762196849,0.6666708921722283,1.98701101752961,4.133333333333334,1.3920805654783381,0.162545,0.33625,0.0615,0.18071,-0.018575,1.434969,-1.202682,0.235032,-0,0,-0,0,12.452646825126493,6.874883580440521,11.010859279942709,12.539837480545511,8.297674701745452,1.3508085099347213
STU_001410,RPTA 33,2025SP,S02,INST_RPTA33_02,2025F,20251,RPTA 33__2025SP,RPTA 33__2025SP__S02,0,pre,2,-0.7033370001179466,4.875,4.4,4.5,4.4,4.666666666666667,2.5913787537677906,1.7043054049448298,1.9989381999207372,1.789887180416557,2.307154181882922,4.6,2.4110859532331883,0.162545,0.33625,0.0615,0.18071,-0.018575,1.434969,-1.202682,0.235032,-0,0,-0,0,23.240877733301847,12.276890136928303,20.243535359704165,23.21565178833743,14.578200855048047,2.4800969113306874
STU_001389,RPTA 33,2025SP,S02,INST_RPTA33_02,2025F,20251,RPTA 33__2025SP,RPTA 33__2025SP__S02,0,pre,4,1.8116742112502071,3.375,2.8,3.1666666666666665,3.8,3.1666666666666665,-0.40864478840256285,-1.278229053708621,-0.5797003006762981,0.6666708921722283,-0.5741342972968816,3.2666666666666666,-0.5003580117806731,0.162545,0.33625,0.0615,0.18071,-0.018575,1.434969,-1.202682,0.235032,-0,0,-0,0,-4.522882321248825,-2.8966749734794774,-4.066906999194212,-4.290123006607135,-2.918149922148535,-0.4889960158832611
STU_000672,RPTA 33,2025SP,S03,INST_RPTA33_03,2025F,20251,RPTA 33__2025SP,RPTA 33__2025SP__S03,0,pre,3.3,0.9314202872713531,3.75,3.2,3.8333333333333335,4,3.3333333333333335,0.3413610971400255,-0.5325954390452579,0.7096189496222199,1.0410763215870045,-0.2539911329435696,3.6333333333333333,0.300289078598139,0.162545,0.33625,0.0615,0.18071,-0.018575,1.434969,-1.202682,0.235032,-0,0,-0,0,2.2500246059081572,0.8118970648847761,2.1478886763296594,2.4868803206197154,1.1172506472747536,0.24076039123601775
STU_001489,RPTA 33,2025SP,S03,INST_RPTA33_03,2025F,20251,RPTA 33__2025SP,RPTA 33__2025SP__S03,0,pre,4,1.8116742112502071,3.375,3.2,3.8333333333333335,4,3.6666666666666665,-0.40864478840256285,-0.5325954390452579,0.7096189496222199,1.0410763215870045,0.3862951957630527,3.6,0.22750297947279274,0.162545,0.33625,0.0615,0.18071,-0.018575,1.434969,-1.202682,0.235032,-0,0,-0,0,1.7825094003020123,0.7368973198420344,1.988587271111761,2.296435392764496,1.3845330474575364,0.21995255747106388
STU_001322,RPTA 33,2025SP,S03,INST_RPTA33_03,2025F,20251,RPTA 33__2025SP,RPTA 33__2025SP__S03,0,pre,4,1.8116742112502071,4.25,4.8,4.333333333333333,4.6,4.5,1.3413689445301433,2.449939019608191,1.6766083873461073,2.1642926098313313,1.98701101752961,4.466666666666667,2.119941556731803,0.162545,0.33625,0.0615,0.18071,-0.018575,1.434969,-1.202682,0.235032,-0,0,-0,0,19.28875302618755,10.92717437613911,17.169820961319996,19.904683285187662,12.386596392960875,2.106126140167914
STU_000576,RPTA 33,2025SP,S03,INST_RPTA33_03,2025F,20251,RPTA 33__2025SP,RPTA 33__2025SP__S03,0,pre,3.7,1.4344225295449842,3.625,3.6,4,4.2,4,0.09135913529249606,0.21303817561810445,1.031948762196849,1.4154817510017808,1.0265815244696759,3.8666666666666667,0.809791772475565,0.162545,0.33625,0.0615,0.18071,-0.018575,1.434969,-1.202682,0.235032,-0,0,-0,0,6.944405313057181,3.661923058956535,6.518941981756812,7.523352933406476,4.68469359146611,0.778431120768507
STU_000963,RPTA 33,2025SP,S03,INST_RPTA33_03,2025F,20251,RPTA 33__2025SP,RPTA 33__2025SP__S03,0,pre,2,-0.7033370001179466,3.875,3.8,4.5,4.6,4.166666666666667,0.5913630589875549,0.5858549829497852,1.9989381999207372,2.1642926098313313,1.3467246888229878,4.166666666666667,1.4648666646036845,0.162545,0.33625,0.0615,0.18071,-0.018575,1.434969,-1.202682,0.235032,-0,0,-0,0,12.952469896647443,6.844027004236272,11.996039427042033,13.69803573605711,8.363692449818396,1.4300258640258139
STU_000112,RPTA 33,2025SP,S03,INST_RPTA33_03,2025F,20251,RPTA 33__2025SP,RPTA 33__2025SP__S03,0,pre,2.7,0.17691692386090738,3.75,3.4,3.6666666666666665,3.4,3.3333333333333335,0.3413610971400255,-0.1597786317135771,0.38728913704759005,-0.08213996665732322,-0.2539911329435696,3.533333333333333,0.0819307812220992,0.162545,0.33625,0.0615,0.18071,-0.018575,1.434969,-1.202682,0.235032,-0,0,-0,0,0.7220128267095226,0.21092102911924382,0.6505667047232665,0.5800319132835902,0.21134162371173376,0.0657217514368107
STU_000232,RPTA 33,2025SP,S03,INST_RPTA33_03,2025F,20251,RPTA 33__2025SP,RPTA 33__2025SP__S03,0,pre,2.7,0.17691692386090738,3.5,3.4,3,3.2,3.1666666666666665,-0.1586428265550334,-0.1597786317135771,-0.9020301132509271,-0.4565453960720986,-0.5741342972968816,3.2666666666666666,-0.5003580117806731,0.162545,0.33625,0.0615,0.18071,-0.018575,1.434969,-1.202682,0.235032,-0,0,-0,0,-4.509973121696807,-2.384386345233377,-4.257244607987537,-4.68500049981729,-2.9768268194673593,-0.49873820224231846
STU_000364,RPTA 33,2025F,S01,INST_RPTA33_01,2025F,20253,RPTA 33__2025F,RPTA 33__2025F__S01,1,post,1.7,-1.0805886818231698,3.875,4.4,3.3333333333333335,3.4,3.8333333333333335,0.5913630589875549,1.7043054049448298,-0.25737048810166807,-0.08213996665732322,0.7064383601163647,3.7666666666666666,0.5914334750995252,0.162545,0.33625,0.0615,0.18071,-0.018575,1.434969,-1.202682,0.235032,-0.018575,1.434969,-1.202682,0.235032,5.229754361409889,3.42942755919619,4.283886109887452,5.089708781676458,3.3476532390018554,0.5588815984378844
STU_000847,RPTA 33,2025F,S01,INST_RPTA33_01,2025F,20253,RPTA 33__2025F,RPTA 33__2025F__S01,1,post,4,1.8116742112502071,4.375,4,4.666666666666667,4.4,4.833333333333333,1.5913709063776729,0.9586717902814668,2.321268012495367,1.789887180416557,2.6272973462362326,4.466666666666667,2.119941556731803,0.162545,0.33625,0.0615,0.18071,-0.018575,1.434969,-1.202682,0.235032,-0.018575,1.434969,-1.202682,0.235032,19.576546463827007,10.189282880085285,17.554674545931604,19.926206093362502,12.77602015746715,2.121409923035714
STU_000765,RPTA 33,2025F,S01,INST_RPTA33_01,2025F,20253,RPTA 33__2025F,RPTA 33__2025F__S01,1,post,2.3,-0.3260853184127238,4.125,3.6,3.8333333333333335,3.2,4,1.0913669826826138,0.21303817561810445,0.7096189496222199,-0.4565453960720986,1.0265815244696759,3.8,0.6642195742248714,0.162545,0.33625,0.0615,0.18071,-0.018575,1.434969,-1.202682,0.235032,-0.018575,1.434969,-1.202682,0.235032,6.0632472004027935,2.977461729629787,5.217352218710922,5.637950511627045,3.9289122393265146,0.6308725697208449
STU_000005,RPTA 33,2025F,S01,INST_RPTA33_01,2025F,20253,RPTA 33__2025F,RPTA 33__2025F__S01,1,post,4,1.8116742112502071,3.625,3.6,3.5,3.2,3.8333333333333335,0.09135913529249606,0.21303817561810445,0.06495932447296097,-0.4565453960720986,0.7064383601163647,3.566666666666667,0.15471688034744646,0.162545,0.33625,0.0615,0.18071,-0.018575,1.434969,-1.202682,0.235032,-0.018575,1.434969,-1.202682,0.235032,0.8993176219736569,0.5341092779055817,0.797107216721566,0.775139754602116,0.8669832328898236,0.09932399565152507
STU_000296,RPTA 33,2025F,S01,INST_RPTA33_01,2025F,20253,RPTA 33__2025F,RPTA 33__2025F__S01,1,post,3.3,0.9314202872713531,3.875,3.8,3.6666666666666665,4,4.166666666666667,0.5913630589875549,0.5858549829497852,0.38728913704759005,1.0410763215870045,1.3467246888229878,3.9,0.8825778716009113,0.162545,0.33625,0.0615,0.18071,-0.018575,1.434969,-1.202682,0.235032,-0.018575,1.434969,-1.202682,0.235032,7.876359513513798,4.214848363435668,6.880629325051511,8.164589701459393,5.293952099670057,0.858060924703672
STU_000790,RPTA 33,2025F,S01,INST_RPTA33_01,2025F,20253,RPTA 33__2025F,RPTA 33__2025F__S01,1,post,2.3,-0.3260853184127238,4.25,4.2,4.166666666666667,4.2,4,1.3413689445301433,1.3314885976131483,1.354278574771479,1.4154817510017808,1.0265815244696759,4.166666666666667,1.4648666646036845,0.162545,0.33625,0.0615,0.18071,-0.018575,1.434969,-1.202682,0.235032,-0.018575,1.434969,-1.202682,0.235032,13.115008794027638,7.136115884354534,11.59948856819324,13.317391592013106,8.108500383706975,1.4122785067832218
STU_001046,RPTA 33,2025F,S01,INST_RPTA33_01,2025F,20253,RPTA 33__2025F,RPTA 33__2025F__S01,1,post,3.3,0.9314202872713531,3.375,3.4,3.6666666666666665,3.4,3.3333333333333335,-0.40864478840256285,-0.1597786317135771,0.38728913704759005,-0.08213996665732322,-0.2539911329435696,3.433333333333333,-0.13642751615394064,0.162545,0.33625,0.0615,0.18071,-0.018575,1.434969,-1.202682,0.235032,-0.018575,1.434969,-1.202682,0.235032,-1.3708272450053844,-0.7091107315419598,-0.9078957672144627,-1.2462288437019855,-0.8338941313637592,-0.13389613451078905
STU_000321,RPTA 33,2025F,S02,INST_RPTA33_02,2025F,20253,RPTA 33__2025F,RPTA 33__2025F__S02,1,post,3.7,1.4344225295449842,3,3.2,3.6666666666666665,3.2,3.5,-1.1586506739451512,-0.5325954390452579,0.38728913704759005,-0.4565453960720986,0.06615203140974155,3.3,-0.4275719126553268,0.162545,0.33625,0.0615,0.18071,-0.018575,1.434969,-1.202682,0.235032,-0.018575,1.434969,-1.202682,0.235032,-4.188229931283146,-2.185342743391956,-3.107463793478176,-3.925905613929332,-2.194073581495234,-0.415349130765757
STU_001162,RPTA 33,2025F,S02,INST_RPTA33_02,2025F,20253,RPTA 33__2025F,RPTA 33__2025F__S02,1,post,4,1.8116742112502071,3.875,3.6,3.6666666666666665,3.8,3.1666666666666665,0.5913630589875549,0.21303817561810445,0.38728913704759005,0.6666708921722283,-0.5741342972968816,3.6333333333333333,0.300289078598139,0.162545,0.33625,0.0615,0.18071,-0.018575,1.434969,-1.202682,0.235032,-0.018575,1.434969,-1.202682,0.235032,2.690887264718663,1.3552847944396906,2.315374800505698,2.692190862895702,1.1289503054731143,0.2746115743248187
STU_000902,RPTA 33,2025F,S02,INST_RPTA33_02,2025F,20253,RPTA 33__2025F,RPTA 33__2025F__S02,1,post,4,1.8116742112502071,3.625,4,3.5,3.4,3.8333333333333335,0.09135913529249606,0.9586717902814668,0.06495932447296097,-0.08213996665732322,0.7064383601163647,3.6666666666666665,0.3730751777234853,0.162545,0.33625,0.0615,0.18071,-0.018575,1.434969,-1.202682,0.235032,-0.018575,1.434969,-1.202682,0.235032,3.100669033526899,2.067393774903599,2.713926922751993,3.1289928769573527,2.195996594292032,0.3442211229216932
STU_000395,RPTA 33,2025F,S02,INST_RPTA33_02,2025F,20253,RPTA 33__2025F,RPTA 33__2025F__S02,1,post,3.3,0.9314202872713531,3.625,3.6,3.5,3.4,3.6666666666666665,0.09135913529249606,0.21303817561810445,0.06495932447296097,-0.08213996665732322,0.3862951957630527,3.566666666666667,0.15471688034744646,0.162545,0.33625,0.0615,0.18071,-0.018575,1.434969,-1.202682,0.235032,-0.018575,1.434969,-1.202682,0.235032,1.3044636056044607,0.7600968017532652,1.12234673941889,1.2684882232283352,0.9680527996547047,0.14181959817404044
STU_000374,RPTA 33,2025F,S02,INST_RPTA33_02,2025F,20253,RPTA 33__2025F,RPTA 33__2025F__S02,1,post,3.3,0.9314202872713531,3.375,3.6,3.5,3,3.1666666666666665,-0.40864478840256285,0.21303817561810445,0.06495932447296097,-0.8309508254868748,-0.5741342972968816,3.3333333333333335,-0.3547858135299795,0.162545,0.33625,0.0615,0.18071,-0.018575,1.434969,-1.202682,0.235032,-0.018575,1.434969,-1.202682,0.235032,-3.4073473805659855,-1.5534498084750763,-2.8303578482294087,-3.555562544109521,-2.2411821980626043,-0.36252173238634816
STU_000698,RPTA 33,2025F,S02,INST_RPTA33_02,2025F,20253,RPTA 33__2025F,RPTA 33__2025F__S02,1,post,3.7,1.4344225295449842,4.25,3.6,3.8333333333333335,3.8,3.8333333333333335,1.3413689445301433,0.21303817561810445,0.7096189496222199,0.6666708921722283,0.7064383601163647,3.9,0.8825778716009113,0.162545,0.33625,0.0615,0.18071,-0.018575,1.434969,-1.202682,0.235032,-0.018575,1.434969,-1.202682,0.235032,7.8221430532599525,3.8429684063739225,6.6529942308019585,7.654559258214022,4.709548570176014,0.8167719028986818
STU_001236,RPTA 33,2025F,S02,INST_RPTA33_02,2025F,20253,RPTA 33__2025F,RPTA 33__2025F__S02,1,post,4,1.8116742112502071,3,3.4,3.3333333333333335,3.6,3.5,-1.1586506739451512,-0.1597786317135771,-0.25737048810166807,0.29226546275745297,0.06615203140974155,3.3333333333333335,-0.3547858135299795,0.162545,0.33625,0.0615,0.18071,-0.018575,1.434969,-1.202682,0.235032,-0.018575,1.434969,-1.202682,0.235032,-3.662187763863,-1.7178790490090705,-2.908755343442769,-3.188566645042316,-1.8809208297378281,-0.35682336608641024
STU_001377,RPTA 33,2025F,S03,INST_RPTA33_03,2025F,20253,RPTA 33__2025F,RPTA 33__2025F__S03,1,post,3.7,1.4344225295449842,4,4,3.8333333333333335,3.6,4,0.8413650208350845,0.9586717902814668,0.7096189496222199,0.29226546275745297,1.0265815244696759,3.9,0.8825778716009113,0.162545,0.33625,0.0615,0.18071,-0.018575,1.434969,-1.202682,0.235032,-0.018575,1.434969,-1.202682,0.235032,8.024627752571243,4.4169419319036365,7.031866398153608,7.9633276087188145,5.175718912401273,0.8615382730348796
STU_001517,RPTA 33,2025F,S03,INST_RPTA33_03,2025F,20253,RPTA 33__2025F,RPTA 33__2025F__S03,1,post,3.7,1.4344225295449842,3.875,3.6,3.6666666666666665,3.6,3.8333333333333335,0.5913630589875549,0.21303817561810445,0.38728913704759005,0.29226546275745297,0.7064383601163647,3.7333333333333334,0.5186473759741789,0.162545,0.33625,0.0615,0.18071,-0.018575,1.434969,-1.202682,0.235032,-0.018575,1.434969,-1.202682,0.235032,4.549087857879579,2.3155014687553335,3.9454961514860813,4.50850942397741,2.94606738059918,0.48420394617465534
STU_001198,RPTA 33,2025F,S03,INST_RPTA33_03,2025F,20253,RPTA 33__2025F,RPTA 33__2025F__S03,1,post,4,1.8116742112502071,4.375,4.4,4.833333333333333,4,3.8333333333333335,1.5913709063776729,1.7043054049448298,2.643597825069995,1.0410763215870045,0.7064383601163647,4.3,1.7560110611050697,0.162545,0.33625,0.0615,0.18071,-0.018575,1.434969,-1.202682,0.235032,-0.018575,1.434969,-1.202682,0.235032,16.13548575793765,8.825945217991414,14.667000851675736,16.190534604795268,9.66976765834162,1.7371063973984966
STU_000209,RPTA 33,2025F,S03,INST_RPTA33_03,2025F,20253,RPTA 33__2025F,RPTA 33__2025F__S03,1,post,4,1.8116742112502071,4.625,4.8,4.833333333333333,4.6,4.666666666666667,2.0913748300727315,2.449939019608191,2.643597825069995,2.1642926098313313,2.307154181882922,4.7,2.629444250609229,0.162545,0.33625,0.0615,0.18071,-0.018575,1.434969,-1.202682,0.235032,-0.018575,1.434969,-1.202682,0.235032,25.372854575638836,13.905890147466806,22.601882332471238,25.74197783820491,15.954943132017103,2.742774043108356
STU_000647,RPTA 33,2025F,S03,INST_RPTA33_03,2025F,20253,RPTA 33__2025F,RPTA 33__2025F__S03,1,post,3.7,1.4344225295449842,3.875,3.6,4.166666666666667,3.8,4.333333333333333,0.5913630589875549,0.21303817561810445,1.354278574771479,0.6666708921722283,1.6668678531762982,3.966666666666667,1.0281500698516048,0.162545,0.33625,0.0615,0.18071,-0.018575,1.434969,-1.202682,0.235032,-0.018575,1.434969,-1.202682,0.235032,8.932011433916198,4.557669629111584,8.201302521021608,9.1390485897007,6.100914417392386,0.978351619391512
STU_000709,RPTA 33,2025F,S03,INST_RPTA33_03,2025F,20253,RPTA 33__2025F,RPTA 33__2025F__S03,1,post,3.7,1.4344225295449842,3.5,2.8,2.8333333333333335,3.2,3.6666666666666665,-0.1586428265550334,-1.278229053708621,-1.2243599258255562,-0.4565453960720986,0.3862951957630527,3.2333333333333334,-0.5731441109060194,0.162545,0.33625,0.0615,0.18071,-0.018575,1.434969,-1.202682,0.235032,-0.018575,1.434969,-1.202682,0.235032,-5.404587987954411,-3.376670692328153,-5.1485175016809706,-5.588518092522782,-3.0208413267280494,-0.596215080612355
STU_000255,RPTA 33,2025F,S03,INST_RPTA33_03,2025F,20253,RPTA 33__2025F,RPTA 33__2025F__S03,1,post,3.7,1.4344225295449842,2.75,3,2.6666666666666665,3.4,2.6666666666666665,-1.65865459764021,-0.9054122463769394,-1.546689738400186,-0.08213996665732322,-1.534563790356816,2.8666666666666667,-1.3737912012848315,0.162545,0.33625,0.0615,0.18071,-0.018575,1.434969,-1.202682,0.235032,-0.018575,1.434969,-1.202682,0.235032,-12.29932932693808,-6.437695271943834,-10.840082737177326,-11.950107491767756,-7.8053490986325125,-1.3062078903991103
STU_000453,STAT 1,2025SP,S01,INST_STAT1_01,2026SP,20251,STAT 1__2025SP,STAT 1__2025SP__S01,0,pre,3,0.5541686055661302,3.375,3.4,2.8333333333333335,3.2,3.5,-0.40864478840256285,-0.1597786317135771,-1.2243599258255562,-0.4565453960720986,0.06615203140974155,3.2666666666666666,-0.5003580117806731,0.125268,0.111458,0.1535,0.128874,-0.640194,-0.672918,-0.302362,-1.511367,-0,-0,-0,-0,-4.636726194933144,-2.388191439081703,-4.407271462723467,-4.715834236149619,-2.6528992541340193,-0.5015042292257232
STU_001535,STAT 1,2025SP,S01,INST_STAT1_01,2026SP,20251,STAT 1__2025SP,STAT 1__2025SP__S01,0,pre,1.7,-1.0805886818231698,2.625,2.4,2.8333333333333335,2.6,2.8333333333333335,-1.9086565594877396,-2.0238626683719834,-1.2243599258255562,-1.5797616843164264,-1.214420626003504,2.6666666666666665,-1.8105077960369111,0.125268,0.111458,0.1535,0.128874,-0.640194,-0.672918,-0.302362,-1.511367,-0,-0,-0,-0,-15.966083711523417,-8.798880584003568,-13.857586824159304,-16.0604165290979,-9.770024441724122,-1.707267242046709
STU_000986,STAT 1,2025SP,S01,INST_STAT1_01,2026SP,20251,STAT 1__2025SP,STAT 1__2025SP__S01,0,pre,2.3,-0.3260853184127238,3.375,3,3.6666666666666665,3.2,3.5,-0.40864478840256285,-0.9054122463769394,0.38728913704759005,-0.4565453960720986,0.06615203140974155,3.3666666666666667,-0.28199971440463323,0.125268,0.111458,0.1535,0.128874,-0.640194,-0.672918,-0.302362,-1.511367,-0,-0,-0,-0,-2.7592275115668827,-1.8280187879194663,-2.157475663249881,-2.8010565693924803,-1.5379174888899632,-0.29158948640566945
STU_001093,STAT 1,2025SP,S01,INST_STAT1_01,2026SP,20251,STAT 1__2025SP,STAT 1__2025SP__S01,0,pre,3.3,0.9314202872713531,4.125,4.6,4.333333333333333,4.6,4.5,1.0913669826826138,2.07712221227651,1.6766083873461073,2.1642926098313313,1.98701101752961,4.4,1.9743693584811104,0.125268,0.111458,0.1535,0.128874,-0.640194,-0.672918,-0.302362,-1.511367,-0,-0,-0,-0,18.02871958357868,10.126872167609475,16.142004838653985,18.678801559807948,11.649142823344448,1.9733691918285736
STU_000016,STAT 1,2025SP,S02,INST_STAT1_02,2026SP,20251,STAT 1__2025SP,STAT 1__2025SP__S02,0,pre,2,-0.7033370001179466,3.625,3,3.6666666666666665,3.6,3.3333333333333335,0.09135913529249606,-0.9054122463769394,0.38728913704759005,0.29226546275745297,-0.2539911329435696,3.466666666666667,-0.06364141702859338,0.125268,0.111458,0.1535,0.128874,-0.640194,-0.672918,-0.302362,-1.511367,-0,-0,-0,-0,-0.5525906131312063,-0.7472709062652859,-0.3729230317528987,-0.5234447060232547,-0.46501111743950924,-0.06498522613544366
STU_000431,STAT 1,2025SP,S03,INST_STAT1_03,2026SP,20251,STAT 1__2025SP,STAT 1__2025SP__S03,0,pre,3,0.5541686055661302,3.25,3,3.1666666666666665,3.4,3.3333333333333335,-0.6586467502500923,-0.9054122463769394,-0.5797003006762981,-0.08213996665732322,-0.2539911329435696,3.2333333333333334,-0.5731441109060194,0.125268,0.111458,0.1535,0.128874,-0.640194,-0.672918,-0.302362,-1.511367,-0,-0,-0,-0,-5.384339089384986,-3.102717300630191,-4.737005342103209,-5.273769572312173,-3.2075402292672726,-0.5736007532041888
STU_000763,STAT 1,2025SP,S04,INST_STAT1_01,2026SP,20251,STAT 1__2025SP,STAT 1__2025SP__S04,0,pre,2.3,-0.3260853184127238,3.625,3.6,3.6666666666666665,3.8,3.6666666666666665,0.09135913529249606,0.21303817561810445,0.38728913704759005,0.6666708921722283,0.3862951957630527,3.6666666666666665,0.3730751777234853,0.125268,0.111458,0.1535,0.128874,-0.640194,-0.672918,-0.302362,-1.511367,-0,-0,-0,-0,2.9010118948733905,1.5749984255005267,2.669079602447986,3.1256308910565123,1.8557634975124602,0.32197053328093705
STU_000280,STAT 1,2025SP,S04,INST_STAT1_01,2026SP,20251,STAT 1__2025SP,STAT 1__2025SP__S04,0,pre,3,0.5541686055661302,3.25,4,3,3.4,3.3333333333333335,-0.6586467502500923,0.9586717902814668,-0.9020301132509271,-0.08213996665732322,-0.2539911329435696,3.3666666666666667,-0.28199971440463323,0.125268,0.111458,0.1535,0.128874,-0.640194,-0.672918,-0.302362,-1.511367,-0,-0,-0,-0,-2.77839532044291,-0.7841931477718508,-2.537920787377336,-2.5894213292228496,-1.6625875541016326,-0.2809678233480537
STU_000024,STAT 1,2025SP,S04,INST_STAT1_01,2026SP,20251,STAT 1__2025SP,STAT 1__2025SP__S04,0,pre,1,-1.9608426058020236,2.875,3,3,2.8,3.3333333333333335,-1.4086526357926807,-0.9054122463769394,-0.9020301132509271,-1.205356254901651,-0.2539911329435696,3,-1.0826468047834452,0.125268,0.111458,0.1535,0.128874,-0.640194,-0.672918,-0.302362,-1.511367,-0,-0,-0,-0,-9.87061104671421,-5.232876789904719,-8.520029224426231,-9.8842664488352,-5.729235941370198,-1.0433525834472053
STU_000028,STAT 1,2025SP,S04,INST_STAT1_01,2026SP,20251,STAT 1__2025SP,STAT 1__2025SP__S04,0,pre,3.3,0.9314202872713531,3.5,3.4,2.8333333333333335,3,3.3333333333333335,-0.1586428265550334,-0.1597786317135771,-1.2243599258255562,-0.8309508254868748,-0.2539911329435696,3.2333333333333334,-0.5731441109060194,0.125268,0.111458,0.1535,0.128874,-0.640194,-0.672918,-0.302362,-1.511367,-0,-0,-0,-0,-5.1916861741651275,-2.740437011217912,-4.990513257986046,-5.497622243489965,-3.218536591848416,-0.5757386391253528
STU_001105,STAT 1,2025SP,S04,INST_STAT1_01,2026SP,20251,STAT 1__2025SP,STAT 1__2025SP__S04,0,pre,2.3,-0.3260853184127238,3.125,3.4,3,3.8,3.1666666666666665,-0.9086487120976218,-0.1597786317135771,-0.9020301132509271,0.6666708921722283,-0.5741342972968816,3.2666666666666666,-0.5003580117806731,0.125268,0.111458,0.1535,0.128874,-0.640194,-0.672918,-0.302362,-1.511367,-0,-0,-0,-0,-4.69121761610992,-2.3108872299327774,-4.156766887333277,-4.229670184203503,-2.8757056480696677,-0.4841864403160155
STU_000408,STAT 1,2025SP,S05,INST_STAT1_02,2026SP,20251,STAT 1__2025SP,STAT 1__2025SP__S05,0,pre,2.3,-0.3260853184127238,3.25,3,3.3333333333333335,3.4,3,-0.6586467502500923,-0.9054122463769394,-0.25737048810166807,-0.08213996665732322,-0.8942774616501927,3.2,-0.6459302100313656,0.125268,0.111458,0.1535,0.128874,-0.640194,-0.672918,-0.302362,-1.511367,-0,-0,-0,-0,-6.021033033142216,-3.428197062244585,-5.147132985504986,-5.925399858996558,-3.9469523355040326,-0.6444898323884448
STU_000316,STAT 1,2025SP,S06,INST_STAT1_03,2026SP,20251,STAT 1__2025SP,STAT 1__2025SP__S06,0,pre,2.3,-0.3260853184127238,3.125,3.2,3.3333333333333335,2.6,3.1666666666666665,-0.9086487120976218,-0.5325954390452579,-0.25737048810166807,-1.5797616843164264,-0.5741342972968816,3.1,-0.8642885074074055,0.125268,0.111458,0.1535,0.128874,-0.640194,-0.672918,-0.302362,-1.511367,-0,-0,-0,-0,-7.893152687006026,-4.1274112463152965,-6.729463884087606,-8.17333661956831,-4.857491517428001,-0.84485366084791
STU_000539,STAT 1,2025SP,S07,INST_STAT1_01,2026SP,20251,STAT 1__2025SP,STAT 1__2025SP__S07,0,pre,2.3,-0.3260853184127238,3.375,2.6,3.5,3.4,3.3333333333333335,-0.40864478840256285,-1.6510458610403016,0.06495932447296097,-0.08213996665732322,-0.2539911329435696,3.2666666666666666,-0.5003580117806731,0.125268,0.111458,0.1535,0.128874,-0.640194,-0.672918,-0.302362,-1.511367,-0,-0,-0,-0,-4.405990360464255,-3.0137188508881607,-3.7172913035082664,-4.389766625872505,-2.6974858691698955,-0.4766717915641973
STU_000279,STAT 1,2025SP,S07,INST_STAT1_01,2026SP,20251,STAT 1__2025SP,STAT 1__2025SP__S07,0,pre,1,-1.9608426058020236,4.125,4,3.6666666666666665,4.2,4.166666666666667,1.0913669826826138,0.9586717902814668,0.38728913704759005,1.4154817510017808,1.3467246888229878,4.033333333333333,1.1737222681022974,0.125268,0.111458,0.1535,0.128874,-0.640194,-0.672918,-0.302362,-1.511367,-0,-0,-0,-0,10.625676395756146,5.704523123750106,9.117557542331468,10.858424211165984,6.828786469587201,1.1424681813983615
STU_000646,STAT 1,2025SP,S07,INST_STAT1_01,2026SP,20251,STAT 1__2025SP,STAT 1__2025SP__S07,0,pre,2.3,-0.3260853184127238,2.625,2.4,2.5,2.4,2,-1.9086565594877396,-2.0238626683719834,-1.869019550974815,-1.9541671137312024,-2.8151364477700613,2.4,-2.3927965890396834,0.125268,0.111458,0.1535,0.128874,-0.640194,-0.672918,-0.302362,-1.511367,-0,-0,-0,-0,-20.36029092515214,-11.05465156578036,-17.99016825373051,-20.707881471921045,-13.208266173628285,-2.2046397664563058
STU_000702,STAT 1,2025SP,S07,INST_STAT1_01,2026SP,20251,STAT 1__2025SP,STAT 1__2025SP__S07,0,pre,0,-3.2183482114861004,2.375,2,1.8333333333333333,2.2,3.1666666666666665,-2.4086604831827985,-2.7694962830353456,-3.1583388012733327,-2.328572543145978,-0.5741342972968816,2.3333333333333335,-2.5383687872903757,0.125268,0.111458,0.1535,0.128874,-0.640194,-0.672918,-0.302362,-1.511367,-0,-0,-0,-0,-21.75864279223016,-12.054806632157542,-19.475528073185234,-22.038378862824214,-12.810109324863621,-2.3387757280986947
STU_001314,STAT 1,2025SP,S08,INST_STAT1_02,2026SP,20251,STAT 1__2025SP,STAT 1__2025SP__S08,0,pre,2.7,0.17691692386090738,4.625,4,3.6666666666666665,3.6,4.5,2.0913748300727315,0.9586717902814668,0.38728913704759005,0.29226546275745297,1.98701101752961,4.133333333333334,1.3920805654783381,0.125268,0.111458,0.1535,0.128874,-0.640194,-0.672918,-0.302362,-1.511367,-0,-0,-0,-0,12.921682569032154,6.657743731725764,10.725992763930925,12.434769833868739,8.287361027701326,1.3504421958522246
STU_000134,STAT 1,2025SP,S08,INST_STAT1_02,2026SP,20251,STAT 1__2025SP,STAT 1__2025SP__S08,0,pre,3,0.5541686055661302,4,3.8,3.8333333333333335,4,3.5,0.8413650208350845,0.5858549829497852,0.7096189496222199,1.0410763215870045,0.06615203140974155,3.8333333333333335,0.7370056733502187,0.125268,0.111458,0.1535,0.128874,-0.640194,-0.672918,-0.302362,-1.511367,-0,-0,-0,-0,6.413506765729404,3.4079367369412688,5.61871707568887,6.532612899802317,3.684456887069933,0.683018503754882
STU_001441,STAT 1,2025SP,S09,INST_STAT1_03,2026SP,20251,STAT 1__2025SP,STAT 1__2025SP__S09,0,pre,3,0.5541686055661302,3,3.4,3.5,3.6,3.6666666666666665,-1.1586506739451512,-0.1597786317135771,0.06495932447296097,0.29226546275745297,0.3862951957630527,3.4,-0.20921361527928692,0.125268,0.111458,0.1535,0.128874,-0.640194,-0.672918,-0.302362,-1.511367,-0,-0,-0,-0,-2.3852225358305987,-1.0831495100018929,-1.6733932509073888,-1.8973318201106923,-0.9664230464244478,-0.2151856341177203
STU_001475,STAT 1,2025SP,S10,INST_STAT1_01,2026SP,20251,STAT 1__2025SP,STAT 1__2025SP__S10,0,pre,2.7,0.17691692386090738,3.875,3.4,3.8333333333333335,3.8,3.8333333333333335,0.5913630589875549,-0.1597786317135771,0.7096189496222199,0.6666708921722283,0.7064383601163647,3.7666666666666666,0.5914334750995252,0.125268,0.111458,0.1535,0.128874,-0.640194,-0.672918,-0.302362,-1.511367,-0,-0,-0,-0,5.4905035556501405,2.6265421382134826,4.859636737389992,5.571453214158757,3.526216594520304,0.5877608101239143
STU_001380,STAT 1,2025SP,S11,INST_STAT1_02,2026SP,20251,STAT 1__2025SP,STAT 1__2025SP__S11,0,pre,3.3,0.9314202872713531,3.625,3,3.1666666666666665,3.8,3.3333333333333335,0.09135913529249606,-0.9054122463769394,-0.5797003006762981,0.6666708921722283,-0.2539911329435696,3.4,-0.20921361527928692,0.125268,0.111458,0.1535,0.128874,-0.640194,-0.672918,-0.302362,-1.511367,-0,-0,-0,-0,-1.6353201695593178,-1.3375397097508095,-1.7153637158805728,-1.5588350184944235,-1.1533051262175047,-0.1904318668399022
STU_001555,STAT 1,2025F,S01,INST_STAT1_01,2026SP,20253,STAT 1__2025F,STAT 1__2025F__S01,0,pre,1.7,-1.0805886818231698,3.25,3,3,3.2,2.6666666666666665,-0.6586467502500923,-0.9054122463769394,-0.9020301132509271,-0.4565453960720986,-1.534563790356816,3.033333333333333,-1.009860705658099,0.125268,0.111458,0.1535,0.128874,-0.640194,-0.672918,-0.302362,-1.511367,-0,-0,-0,-0,-8.894872659315924,-4.9011829403497025,-7.956993028026742,-9.010293435863218,-5.993091560533421,-0.9701601252354528
STU_000337,STAT 1,2025F,S01,INST_STAT1_01,2026SP,20253,STAT 1__2025F,STAT 1__2025F__S01,0,pre,1.7,-1.0805886818231698,3.125,2.6,2.6666666666666665,2.4,2.3333333333333335,-0.9086487120976218,-1.6510458610403016,-1.546689738400186,-1.9541671137312024,-2.1748501190634384,2.6666666666666665,-1.8105077960369111,0.125268,0.111458,0.1535,0.128874,-0.640194,-0.672918,-0.302362,-1.511367,-0,-0,-0,-0,-15.540241508864275,-8.631175937670934,-13.961783281493252,-16.130708455916167,-10.248132744001778,-1.705600203247767
STU_000739,STAT 1,2025F,S01,INST_STAT1_01,2026SP,20253,STAT 1__2025F,STAT 1__2025F__S01,0,pre,3.7,1.4344225295449842,3.875,4,3.6666666666666665,3.4,3.8333333333333335,0.5913630589875549,0.9586717902814668,0.38728913704759005,-0.08213996665732322,0.7064383601163647,3.7666666666666666,0.5914334750995252,0.125268,0.111458,0.1535,0.128874,-0.640194,-0.672918,-0.302362,-1.511367,-0,-0,-0,-0,5.230792461828319,3.023257020896232,4.499680014496452,5.079368378984561,3.3305304315362805,0.5573778273994612
STU_000923,STAT 1,2025F,S02,INST_STAT1_02,2026SP,20253,STAT 1__2025F,STAT 1__2025F__S02,0,pre,2.7,0.17691692386090738,3,2.6,2.5,2.4,2.6666666666666665,-1.1586506739451512,-1.6510458610403016,-1.869019550974815,-1.9541671137312024,-1.534563790356816,2.6666666666666665,-1.8105077960369111,0.125268,0.111458,0.1535,0.128874,-0.640194,-0.672918,-0.302362,-1.511367,-0,-0,-0,-0,-15.52119692876627,-8.551762415587616,-13.961683353481174,-16.00520499200029,-9.81334868467126,-1.6913657994817157
STU_000523,STAT 1,2025F,S03,INST_STAT1_03,2026SP,20253,STAT 1__2025F,STAT 1__2025F__S03,0,pre,2,-0.7033370001179466,3.25,3.4,3,3.2,2.8333333333333335,-0.6586467502500923,-0.1597786317135771,-0.9020301132509271,-0.4565453960720986,-1.214420626003504,3.1333333333333333,-0.7915024082820592,0.125268,0.111458,0.1535,0.128874,-0.640194,-0.672918,-0.302362,-1.511367,-0,-0,-0,-0,-6.970400624458782,-3.515190493675796,-6.231021941721947,-7.0134958128343285,-4.673130661419398,-0.7527934128936725
STU_000825,STAT 1,2025F,S04,INST_STAT1_01,2026SP,20253,STAT 1__2025F,STAT 1__2025F__S04,0,pre,2.7,0.17691692386090738,4,3.6,4,3.4,4.333333333333333,0.8413650208350845,0.21303817561810445,1.031948762196849,-0.08213996665732322,1.6668678531762982,3.9,0.8825778716009113,0.125268,0.111458,0.1535,0.128874,-0.640194,-0.672918,-0.302362,-1.511367,-0,-0,-0,-0,7.784088600338618,3.906822557977846,6.936246234168314,7.608661745244238,5.332135523919201,0.8349590497222973
STU_000220,STAT 1,2025F,S05,INST_STAT1_02,2026SP,20253,STAT 1__2025F,STAT 1__2025F__S05,0,pre,3.3,0.9314202872713531,3.625,3.2,3.6666666666666665,2.8,3.1666666666666665,0.09135913529249606,-0.5325954390452579,0.38728913704759005,-1.205356254901651,-0.5741342972968816,3.3333333333333335,-0.3547858135299795,0.125268,0.111458,0.1535,0.128874,-0.640194,-0.672918,-0.302362,-1.511367,-0,-0,-0,-0,-3.261900955765133,-1.9516285885210798,-2.7536925223213062,-3.7161054053409184,-2.2949894796592027,-0.3686252022146376
STU_001424,STAT 1,2025F,S06,INST_STAT1_03,2026SP,20253,STAT 1__2025F,STAT 1__2025F__S06,0,pre,3,0.5541686055661302,3.25,3.4,3.6666666666666665,3.2,3.5,-0.6586467502500923,-0.1597786317135771,0.38728913704759005,-0.4565453960720986,0.06615203140974155,3.4,-0.20921361527928692,0.125268,0.111458,0.1535,0.128874,-0.640194,-0.672918,-0.302362,-1.511367,-0,-0,-0,-0,-2.6454808221179604,-1.2672052377195036,-1.910279334931466,-2.514641857115715,-1.3937928465770026,-0.26028500721867626
STU_001249,STAT 1,2025F,S06,INST_STAT1_03,2026SP,20253,STAT 1__2025F,STAT 1__2025F__S06,0,pre,3.3,0.9314202872713531,3.25,2.8,3.3333333333333335,3.4,3.5,-0.6586467502500923,-1.278229053708621,-0.25737048810166807,-0.08213996665732322,0.06615203140974155,3.2666666666666666,-0.5003580117806731,0.125268,0.111458,0.1535,0.128874,-0.640194,-0.672918,-0.302362,-1.511367,-0,-0,-0,-0,-4.657630019513091,-2.897710621078107,-3.940182526367405,-4.509381124727619,-2.5653238087459793,-0.4897642253935434
STU_000819,STAT 1,2025F,S06,INST_STAT1_03,2026SP,20253,STAT 1__2025F,STAT 1__2025F__S06,0,pre,2,-0.7033370001179466,3.25,3,3.3333333333333335,3.8,3.5,-0.6586467502500923,-0.9054122463769394,-0.25737048810166807,0.6666708921722283,0.06615203140974155,3.3666666666666667,-0.28199971440463323,0.125268,0.111458,0.1535,0.128874,-0.640194,-0.672918,-0.302362,-1.511367,-0,-0,-0,-0,-2.7910004665338533,-1.745352564100448,-2.3003554449107333,-2.3914688048556094,-1.4988963325167193,-0.2815239342292829
STU_001364,STAT 1,2025F,S06,INST_STAT1_03,2026SP,20253,STAT 1__2025F,STAT 1__2025F__S06,0,pre,4,1.8116742112502071,3.875,3.6,3.6666666666666665,4,3.3333333333333335,0.5913630589875549,0.21303817561810445,0.38728913704759005,1.0410763215870045,-0.2539911329435696,3.7,0.4458612768488326,0.125268,0.111458,0.1535,0.128874,-0.640194,-0.672918,-0.302362,-1.511367,-0,-0,-0,-0,3.985943817015801,2.0114903875123735,3.404070409716529,4.119804921608859,2.100131024557574,0.4185325742265545
STU_000210,STAT 1,2025F,S06,INST_STAT1_03,2026SP,20253,STAT 1__2025F,STAT 1__2025F__S06,0,pre,2.3,-0.3260853184127238,3.875,3.4,3.6666666666666665,3.8,2.8333333333333335,0.5913630589875549,-0.1597786317135771,0.38728913704759005,0.6666708921722283,-1.214420626003504,3.533333333333333,0.0819307812220992,0.125268,0.111458,0.1535,0.128874,-0.640194,-0.672918,-0.302362,-1.511367,-0,-0,-0,-0,1.114979272510198,0.3365884543494253,0.8895705686690113,1.0520468265466099,-0.0958738235588739,0.09527188037757138
STU_001479,STAT 1,2025F,S06,INST_STAT1_03,2026SP,20253,STAT 1__2025F,STAT 1__2025F__S06,0,pre,3.3,0.9314202872713531,4,3.8,4,3.4,4.166666666666667,0.8413650208350845,0.5858549829497852,1.031948762196849,-0.08213996665732322,1.3467246888229878,3.9,0.8825778716009113,0.125268,0.111458,0.1535,0.128874,-0.640194,-0.672918,-0.302362,-1.511367,-0,-0,-0,-0,7.759031020087207,4.099712173647036,6.931679452397299,7.5943827040950485,5.128934053634244,0.8328970385205247
STU_001112,STAT 1,2025F,S06,INST_STAT1_03,2026SP,20253,STAT 1__2025F,STAT 1__2025F__S06,0,pre,3,0.5541686055661302,3.75,3.4,3.5,3.4,3.5,0.3413610971400255,-0.1597786317135771,0.06495932447296097,-0.08213996665732322,0.06615203140974155,3.533333333333333,0.0819307812220992,0.125268,0.111458,0.1535,0.128874,-0.640194,-0.672918,-0.302362,-1.511367,-0,-0,-0,-0,0.6139667061029458,0.17104552836836157,0.46271867030908403,0.5024561215997023,0.32953961770561513,0.0564686906046554
STU_000154,STAT 1,2025F,S07,INST_STAT1_01,2026SP,20253,STAT 1__2025F,STAT 1__2025F__S07,0,pre,2.3,-0.3260853184127238,3.75,4.2,3.6666666666666665,3.6,3.6666666666666665,0.3413610971400255,1.3314885976131483,0.38728913704759005,0.29226546275745297,0.3862951957630527,3.7666666666666666,0.5914334750995252,0.125268,0.111458,0.1535,0.128874,-0.640194,-0.672918,-0.302362,-1.511367,-0,-0,-0,-0,4.8929040283230485,3.1209659390397975,4.3311006811441946,4.969810932980557,3.0196551391545077,0.5345520991284219
STU_000674,STAT 1,2025F,S07,INST_STAT1_01,2026SP,20253,STAT 1__2025F,STAT 1__2025F__S07,0,pre,3.3,0.9314202872713531,4.5,4.2,4.5,4.4,4,1.8413728682252022,1.3314885976131483,1.9989381999207372,1.789887180416557,1.0265815244696759,4.333333333333333,1.828797160230416,0.125268,0.111458,0.1535,0.128874,-0.640194,-0.672918,-0.302362,-1.511367,-0,-0,-0,-0,17.088762070915845,9.047542578849184,15.119501685687,17.251718967341795,10.33915423301565,1.8286480892809704
STU_000877,STAT 1,2025F,S08,INST_STAT1_02,2026SP,20253,STAT 1__2025F,STAT 1__2025F__S08,0,pre,2.7,0.17691692386090738,3.75,3.4,3.6666666666666665,3.4,3.3333333333333335,0.3413610971400255,-0.1597786317135771,0.38728913704759005,-0.08213996665732322,-0.2539911329435696,3.533333333333333,0.0819307812220992,0.125268,0.111458,0.1535,0.128874,-0.640194,-0.672918,-0.302362,-1.511367,-0,-0,-0,-0,0.834182328497253,0.2624431533417326,0.7293505589400063,0.6708798260698441,0.28585206116290873,0.07646556240221576
STU_001068,STAT 1,2025F,S08,INST_STAT1_02,2026SP,20253,STAT 1__2025F,STAT 1__2025F__S08,0,pre,2.7,0.17691692386090738,4.625,4.2,4.166666666666667,4.2,4.166666666666667,2.0913748300727315,1.3314885976131483,1.354278574771479,1.4154817510017808,1.3467246888229878,4.3,1.7560110611050697,0.125268,0.111458,0.1535,0.128874,-0.640194,-0.672918,-0.302362,-1.511367,-0,-0,-0,-0,16.48174289205732,8.709380045917504,14.240157126049812,16.40801278962518,10.109734213017262,1.7495414122869435
STU_001317,STAT 1,2025F,S08,INST_STAT1_02,2026SP,20253,STAT 1__2025F,STAT 1__2025F__S08,0,pre,2.7,0.17691692386090738,3.375,3,3.3333333333333335,3.8,2.6666666666666665,-0.40864478840256285,-0.9054122463769394,-0.25737048810166807,0.6666708921722283,-1.534563790356816,3.2333333333333334,-0.5731441109060194,0.125268,0.111458,0.1535,0.128874,-0.640194,-0.672918,-0.302362,-1.511367,-0,-0,-0,-0,-5.3387640151782785,-3.1516114112185645,-4.6714245884218935,-5.1371585772361685,-3.940488498510794,-0.5811095487844018
STU_000295,STAT 1,2025F,S09,INST_STAT1_03,2026SP,20253,STAT 1__2025F,STAT 1__2025F__S09,0,pre,3.3,0.9314202872713531,3.5,3,3.1666666666666665,3.6,3.6666666666666665,-0.1586428265550334,-0.9054122463769394,-0.5797003006762981,0.29226546275745297,0.3862951957630527,3.4,-0.20921361527928692,0.125268,0.111458,0.1535,0.128874,-0.640194,-0.672918,-0.302362,-1.511367,-0,-0,-0,-0,-1.968575697036437,-1.4571637864487517,-1.8724546947155793,-1.8662534624220903,-0.9459052844154339,-0.21259070858554854
STU_000842,STAT 1,2025F,S10,INST_STAT1_01,2026SP,20253,STAT 1__2025F,STAT 1__2025F__S10,0,pre,2.7,0.17691692386090738,3.875,3.4,3.8333333333333335,3.8,3.8333333333333335,0.5913630589875549,-0.1597786317135771,0.7096189496222199,0.6666708921722283,0.7064383601163647,3.7666666666666666,0.5914334750995252,0.125268,0.111458,0.1535,0.128874,-0.640194,-0.672918,-0.302362,-1.511367,-0,-0,-0,-0,5.4905035556501405,2.6265421382134826,4.859636737389992,5.571453214158757,3.526216594520304,0.5877608101239143
STU_000377,STAT 1,2025F,S10,INST_STAT1_02,2026SP,20253,STAT 1__2025F,STAT 1__2025F__S10,0,pre,2.7,0.17691692386090738,4.625,4.2,4.166666666666667,4.2,4.166666666666667,2.0913748300727315,1.3314885976131483,1.354278574771479,1.4154817510017808,1.3467246888229878,4.3,1.7560110611050697,0.125268,0.111458,0.1535,0.128874,-0.640194,-0.672918,-0.302362,-1.511367,-0,-0,-0,-0,16.48174289205732,8.709380045917504,14.240157126049812,16.40801278962518,10.109734213017262,1.7495414122869435
STU_000218,STAT 1,2025F,S10,INST_STAT1_02,2026SP,20253,STAT 1__2025F,STAT 1__2025F__S10,0,pre,2.7,0.17691692386090738,4.625,4,3.6666666666666665,3.6,4.5,2.0913748300727315,0.9586717902814668,0.38728913704759005,0.29226546275745297,1.98701101752961,4.133333333333334,1.3920805654783381,0.125268,0.111458,0.1535,0.128874,-0.640194,-0.672918,-0.302362,-1.511367,-0,-0,-0,-0,12.921682569032154,6.657743731725764,10.725992763930925,12.434769833868739,8.287361027701326,1.3504421958522246
STU_001159,STAT 1,2025F,S10,INST_STAT1_02,2026SP,20253,STAT 1__2025F,STAT 1__2025F__S10,0,pre,3,0.5541686055661302,4,3.8,3.8333333333333335,4,3.5,0.8413650208350845,0.5858549829497852,0.7096189496222199,1.0410763215870045,0.06615203140974155,3.8333333333333335,0.7370056733502187,0.125268,0.111458,0.1535,0.128874,-0.640194,-0.672918,-0.302362,-1.511367,-0,-0,-0,-0,6.413506765729404,3.4079367369412688,5.61871707568887,6.532612899802317,3.684456887069933,0.683018503754882
STU_001385,STAT 1,2025F,S10,INST_STAT1_03,2026SP,20253,STAT 1__2025F,STAT 1__2025F__S10,0,pre,3.3,0.9314202872713531,3.5,3,3.1666666666666665,3.6,3.6666666666666665,-0.1586428265550334,-0.9054122463769394,-0.5797003006762981,0.29226546275745297,0.3862951957630527,3.4,-0.20921361527928692,0.125268,0.111458,0.1535,0.128874,-0.640194,-0.672918,-0.302362,-1.511367,-0,-0,-0,-0,-1.968575697036437,-1.4571637864487517,-1.8724546947155793,-1.8662534624220903,-0.9459052844154339,-0.21259070858554854
STU_000023,STAT 1,2025F,S10,INST_STAT1_01,2026SP,20253,STAT 1__2025F,STAT 1__2025F__S10,0,pre,3,0.5541686055661302,3.375,3.4,2.8333333333333335,3.2,3.5,-0.40864478840256285,-0.1597786317135771,-1.2243599258255562,-0.4565453960720986,0.06615203140974155,3.2666666666666666,-0.5003580117806731,0.125268,0.111458,0.1535,0.128874,-0.640194,-0.672918,-0.302362,-1.511367,-0,-0,-0,-0,-4.636726194933144,-2.388191439081703,-4.407271462723467,-4.715834236149619,-2.6528992541340193,-0.5015042292257232
STU_000941,STAT 1,2025F,S10,INST_STAT1_01,2026SP,20253,STAT 1__2025F,STAT 1__2025F__S10,0,pre,3,0.5541686055661302,3.25,4,3,3.4,3.3333333333333335,-0.6586467502500923,0.9586717902814668,-0.9020301132509271,-0.08213996665732322,-0.2539911329435696,3.3666666666666667,-0.28199971440463323,0.125268,0.111458,0.1535,0.128874,-0.640194,-0.672918,-0.302362,-1.511367,-0,-0,-0,-0,-2.77839532044291,-0.7841931477718508,-2.537920787377336,-2.5894213292228496,-1.6625875541016326,-0.2809678233480537
STU_000556,STAT 1,2025F,S10,INST_STAT1_03,2026SP,20253,STAT 1__2025F,STAT 1__2025F__S10,0,pre,3.3,0.9314202872713531,3.25,2.8,3.3333333333333335,3.4,3.5,-0.6586467502500923,-1.278229053708621,-0.25737048810166807,-0.08213996665732322,0.06615203140974155,3.2666666666666666,-0.5003580117806731,0.125268,0.111458,0.1535,0.128874,-0.640194,-0.672918,-0.302362,-1.511367,-0,-0,-0,-0,-4.657630019513091,-2.897710621078107,-3.940182526367405,-4.509381124727619,-2.5653238087459793,-0.4897642253935434
STU_000794,STAT 1,2025F,S11,INST_STAT1_03,2026SP,20253,STAT 1__2025F,STAT 1__2025F__S11,0,pre,2,-0.7033370001179466,3.25,3.4,3,3.2,2.8333333333333335,-0.6586467502500923,-0.1597786317135771,-0.9020301132509271,-0.4565453960720986,-1.214420626003504,3.1333333333333333,-0.7915024082820592,0.125268,0.111458,0.1535,0.128874,-0.640194,-0.672918,-0.302362,-1.511367,-0,-0,-0,-0,-6.970400624458782,-3.515190493675796,-6.231021941721947,-7.0134958128343285,-4.673130661419398,-0.7527934128936725
STU_000574,STAT 1,2025F,S11,INST_STAT1_01,2026SP,20253,STAT 1__2025F,STAT 1__2025F__S11,0,pre,2.7,0.17691692386090738,4,3.6,4,3.4,4.333333333333333,0.8413650208350845,0.21303817561810445,1.031948762196849,-0.08213996665732322,1.6668678531762982,3.9,0.8825778716009113,0.125268,0.111458,0.1535,0.128874,-0.640194,-0.672918,-0.302362,-1.511367,-0,-0,-0,-0,7.784088600338618,3.906822557977846,6.936246234168314,7.608661745244238,5.332135523919201,0.8349590497222973
STU_000335,STAT 1,2025F,S11,INST_STAT1_01,2026SP,20253,STAT 1__2025F,STAT 1__2025F__S11,0,pre,2.3,-0.3260853184127238,3.625,3.6,3.6666666666666665,3.8,3.6666666666666665,0.09135913529249606,0.21303817561810445,0.38728913704759005,0.6666708921722283,0.3862951957630527,3.6666666666666665,0.3730751777234853,0.125268,0.111458,0.1535,0.128874,-0.640194,-0.672918,-0.302362,-1.511367,-0,-0,-0,-0,2.9010118948733905,1.5749984255005267,2.669079602447986,3.1256308910565123,1.8557634975124602,0.32197053328093705
STU_001066,STAT 1,2025F,S11,INST_STAT1_03,2026SP,20253,STAT 1__2025F,STAT 1__2025F__S11,0,pre,3.3,0.9314202872713531,3.5,3,3.1666666666666665,3.6,3.6666666666666665,-0.1586428265550334,-0.9054122463769394,-0.5797003006762981,0.29226546275745297,0.3862951957630527,3.4,-0.20921361527928692,0.125268,0.111458,0.1535,0.128874,-0.640194,-0.672918,-0.302362,-1.511367,-0,-0,-0,-0,-1.968575697036437,-1.4571637864487517,-1.8724546947155793,-1.8662534624220903,-0.9459052844154339,-0.21259070858554854
STU_001224,STAT 1,2025F,S11,INST_STAT1_02,2026SP,20253,STAT 1__2025F,STAT 1__2025F__S11,0,pre,3,0.5541686055661302,4,3.8,3.8333333333333335,4,3.5,0.8413650208350845,0.5858549829497852,0.7096189496222199,1.0410763215870045,0.06615203140974155,3.8333333333333335,0.7370056733502187,0.125268,0.111458,0.1535,0.128874,-0.640194,-0.672918,-0.302362,-1.511367,-0,-0,-0,-0,6.413506765729404,3.4079367369412688,5.61871707568887,6.532612899802317,3.684456887069933,0.683018503754882
STU_001304,STAT 1,2025F,S11,INST_STAT1_01,2026SP,20253,STAT 1__2025F,STAT 1__2025F__S11,0,pre,1,-1.9608426058020236,2.875,3,3,2.8,3.3333333333333335,-1.4086526357926807,-0.9054122463769394,-0.9020301132509271,-1.205356254901651,-0.2539911329435696,3,-1.0826468047834452,0.125268,0.111458,0.1535,0.128874,-0.640194,-0.672918,-0.302362,-1.511367,-0,-0,-0,-0,-9.87061104671421,-5.232876789904719,-8.520029224426231,-9.8842664488352,-5.729235941370198,-1.0433525834472053
STU_000776,STAT 1,2025F,S11,INST_STAT1_01,2026SP,20253,STAT 1__2025F,STAT 1__2025F__S11,0,pre,1.7,-1.0805886818231698,3.125,2.6,2.6666666666666665,2.4,2.3333333333333335,-0.9086487120976218,-1.6510458610403016,-1.546689738400186,-1.9541671137312024,-2.1748501190634384,2.6666666666666665,-1.8105077960369111,0.125268,0.111458,0.1535,0.128874,-0.640194,-0.672918,-0.302362,-1.511367,-0,-0,-0,-0,-15.540241508864275,-8.631175937670934,-13.961783281493252,-16.130708455916167,-10.248132744001778,-1.705600203247767
STU_001345,STAT 1,2025F,S12,INST_STAT1_01,2026SP,20253,STAT 1__2025F,STAT 1__2025F__S12,0,pre,2.7,0.17691692386090738,4,3.6,4,3.4,4.333333333333333,0.8413650208350845,0.21303817561810445,1.031948762196849,-0.08213996665732322,1.6668678531762982,3.9,0.8825778716009113,0.125268,0.111458,0.1535,0.128874,-0.640194,-0.672918,-0.302362,-1.511367,-0,-0,-0,-0,7.784088600338618,3.906822557977846,6.936246234168314,7.608661745244238,5.332135523919201,0.8349590497222973
STU_000180,STAT 1,2025F,S12,INST_STAT1_01,2026SP,20253,STAT 1__2025F,STAT 1__2025F__S12,0,pre,2.7,0.17691692386090738,3.875,3.4,3.8333333333333335,3.8,3.8333333333333335,0.5913630589875549,-0.1597786317135771,0.7096189496222199,0.6666708921722283,0.7064383601163647,3.7666666666666666,0.5914334750995252,0.125268,0.111458,0.1535,0.128874,-0.640194,-0.672918,-0.302362,-1.511367,-0,-0,-0,-0,5.4905035556501405,2.6265421382134826,4.859636737389992,5.571453214158757,3.526216594520304,0.5877608101239143
STU_001562,STAT 1,2025F,S12,INST_STAT1_02,2026SP,20253,STAT 1__2025F,STAT 1__2025F__S12,0,pre,3.3,0.9314202872713531,3.625,3,3.1666666666666665,3.8,3.3333333333333335,0.09135913529249606,-0.9054122463769394,-0.5797003006762981,0.6666708921722283,-0.2539911329435696,3.4,-0.20921361527928692,0.125268,0.111458,0.1535,0.128874,-0.640194,-0.672918,-0.302362,-1.511367,-0,-0,-0,-0,-1.6353201695593178,-1.3375397097508095,-1.7153637158805728,-1.5588350184944235,-1.1533051262175047,-0.1904318668399022
STU_001541,STAT 1,2025F,S12,INST_STAT1_01,2026SP,20253,STAT 1__2025F,STAT 1__2025F__S12,0,pre,2.7,0.17691692386090738,4,3.6,4,3.4,4.333333333333333,0.8413650208350845,0.21303817561810445,1.031948762196849,-0.08213996665732322,1.6668678531762982,3.9,0.8825778716009113,0.125268,0.111458,0.1535,0.128874,-0.640194,-0.672918,-0.302362,-1.511367,-0,-0,-0,-0,7.784088600338618,3.906822557977846,6.936246234168314,7.608661745244238,5.332135523919201,0.8349590497222973
STU_000107,STAT 1,2025F,S12,INST_STAT1_01,2026SP,20253,STAT 1__2025F,STAT 1__2025F__S12,0,pre,2.3,-0.3260853184127238,3.375,3,3.6666666666666665,3.2,3.5,-0.40864478840256285,-0.9054122463769394,0.38728913704759005,-0.4565453960720986,0.06615203140974155,3.3666666666666667,-0.28199971440463323,0.125268,0.111458,0.1535,0.128874,-0.640194,-0.672918,-0.302362,-1.511367,-0,-0,-0,-0,-2.7592275115668827,-1.8280187879194663,-2.157475663249881,-2.8010565693924803,-1.5379174888899632,-0.29158948640566945
STU_001481,STAT 1,2025F,S12,INST_STAT1_03,2026SP,20253,STAT 1__2025F,STAT 1__2025F__S12,0,pre,3,0.5541686055661302,3.25,3.4,3.6666666666666665,3.2,3.5,-0.6586467502500923,-0.1597786317135771,0.38728913704759005,-0.4565453960720986,0.06615203140974155,3.4,-0.20921361527928692,0.125268,0.111458,0.1535,0.128874,-0.640194,-0.672918,-0.302362,-1.511367,-0,-0,-0,-0,-2.6454808221179604,-1.2672052377195036,-1.910279334931466,-2.514641857115715,-1.3937928465770026,-0.26028500721867626
STU_000562,STAT 1,2025F,S12,INST_STAT1_02,2026SP,20253,STAT 1__2025F,STAT 1__2025F__S12,0,pre,2.7,0.17691692386090738,3.375,3,3.3333333333333335,3.8,2.6666666666666665,-0.40864478840256285,-0.9054122463769394,-0.25737048810166807,0.6666708921722283,-1.534563790356816,3.2333333333333334,-0.5731441109060194,0.125268,0.111458,0.1535,0.128874,-0.640194,-0.672918,-0.302362,-1.511367,-0,-0,-0,-0,-5.3387640151782785,-3.1516114112185645,-4.6714245884218935,-5.1371585772361685,-3.940488498510794,-0.5811095487844018
STU_000779,STAT 1,2026SP,S01,INST_STAT1_01,2026SP,20261,STAT 1__2026SP,STAT 1__2026SP__S01,1,post,2.7,0.17691692386090738,3.625,3.2,3.1666666666666665,3.4,3.1666666666666665,0.09135913529249606,-0.5325954390452579,-0.5797003006762981,-0.08213996665732322,-0.5741342972968816,3.3333333333333335,-0.3547858135299795,0.125268,0.111458,0.1535,0.128874,-0.640194,-0.672918,-0.302362,-1.511367,-0.640194,-0.672918,-0.302362,-1.511367,-3.350632193957924,-2.046335963875547,-3.22226001503182,-3.517014752843317,-2.362301207947165,-0.38076683347490103
STU_000731,STAT 1,2026SP,S01,INST_STAT1_01,2026SP,20261,STAT 1__2026SP,STAT 1__2026SP__S01,1,post,1.7,-1.0805886818231698,3.125,3,3.1666666666666665,2.8,3,-0.9086487120976218,-0.9054122463769394,-0.5797003006762981,-1.205356254901651,-0.8942774616501927,3.033333333333333,-1.009860705658099,0.125268,0.111458,0.1535,0.128874,-0.640194,-0.672918,-0.302362,-1.511367,-0.640194,-0.672918,-0.302362,-1.511367,-8.923593112189073,-4.849125053407346,-7.760293458820657,-9.137234843946887,-5.594652478706452,-0.9611002892407857
STU_001081,STAT 1,2026SP,S01,INST_STAT1_01,2026SP,20261,STAT 1__2026SP,STAT 1__2026SP__S01,1,post,2.3,-0.3260853184127238,3.75,3.6,3.6666666666666665,3.6,3.1666666666666665,0.3413610971400255,0.21303817561810445,0.38728913704759005,0.29226546275745297,-0.5741342972968816,3.566666666666667,0.15471688034744646,0.125268,0.111458,0.1535,0.128874,-0.640194,-0.672918,-0.302362,-1.511367,-0.640194,-0.672918,-0.302362,-1.511367,1.0971069914592797,0.6024517441789674,1.001640496019496,1.0778548841179088,0.2386581403682463,0.10946039423714506
STU_001264,STAT 1,2026SP,S01,INST_STAT1_01,2026SP,20261,STAT 1__2026SP,STAT 1__2026SP__S01,1,post,2.7,0.17691692386090738,3.75,3.6,3.8333333333333335,3.4,3.3333333333333335,0.3413610971400255,0.21303817561810445,0.7096189496222199,-0.08213996665732322,-0.2539911329435696,3.6,0.22750297947279274,0.125268,0.111458,0.1535,0.128874,-0.640194,-0.672918,-0.302362,-1.511367,-0.640194,-0.672918,-0.302362,-1.511367,1.7379049629207022,0.9174409185557373,1.6775385071378743,1.63075806786801,0.7906576118514033,0.1808277456008189
STU_000578,STAT 1,2026SP,S01,INST_STAT1_01,2026SP,20261,STAT 1__2026SP,STAT 1__2026SP__S01,1,post,3.3,0.9314202872713531,3.625,3.8,3.6666666666666665,3.6,3.3333333333333335,0.09135913529249606,0.5858549829497852,0.38728913704759005,0.29226546275745297,-0.2539911329435696,3.6,0.22750297947279274,0.125268,0.111458,0.1535,0.128874,-0.640194,-0.672918,-0.302362,-1.511367,-0.640194,-0.672918,-0.302362,-1.511367,2.1307986332531934,1.3350620991736781,1.9613091291229368,2.1820726791023617,1.0766581456866362,0.2303873107902532
STU_001100,STAT 1,2026SP,S01,INST_STAT1_01,2026SP,20261,STAT 1__2026SP,STAT 1__2026SP__S01,1,post,2.3,-0.3260853184127238,2.75,2,2.5,2.6,2.3333333333333335,-1.65865459764021,-2.7694962830353456,-1.869019550974815,-1.5797616843164264,-2.1748501190634384,2.466666666666667,-2.2472243907889897,0.125268,0.111458,0.1535,0.128874,-0.640194,-0.672918,-0.302362,-1.511367,-0.640194,-0.672918,-0.302362,-1.511367,-18.98369101127524,-10.752027003846921,-16.842460335393724,-19.274709575110617,-12.09085226841067,-2.0594760672757486
STU_000559,STAT 1,2026SP,S01,INST_STAT1_01,2026SP,20261,STAT 1__2026SP,STAT 1__2026SP__S01,1,post,2,-0.7033370001179466,2.375,1.8,2.1666666666666665,1.6,2.1666666666666665,-2.4086604831827985,-3.1423130903670264,-2.513679176124074,-3.4517888313903056,-2.49499328341675,2.066666666666667,-3.120657580293148,0.125268,0.111458,0.1535,0.128874,-0.640194,-0.672918,-0.302362,-1.511367,-0.640194,-0.672918,-0.302362,-1.511367,-26.36795071887967,-14.570704618881523,-23.288858906964734,-27.066831693542948,-16.49096958643264,-2.855025900059375
STU_000251,STAT 1,2026SP,S02,INST_STAT1_02,2026SP,20261,STAT 1__2026SP,STAT 1__2026SP__S02,1,post,4,1.8116742112502071,4,3.6,3.6666666666666665,4.2,4,0.8413650208350845,0.21303817561810445,0.38728913704759005,1.4154817510017808,1.0265815244696759,3.9,0.8825778716009113,0.125268,0.111458,0.1535,0.128874,-0.640194,-0.672918,-0.302362,-1.511367,-0.640194,-0.672918,-0.302362,-1.511367,7.8715485480950225,3.9895122974480457,6.805235664944672,8.160597212897066,5.131296376944969,0.8488462775526904
STU_000660,STAT 1,2026SP,S02,INST_STAT1_02,2026SP,20261,STAT 1__2026SP,STAT 1__2026SP__S02,1,post,2.3,-0.3260853184127238,4,4.2,4.666666666666667,4.4,4.166666666666667,0.8413650208350845,1.3314885976131483,2.321268012495367,1.789887180416557,1.3467246888229878,4.266666666666667,1.6832249619797233,0.125268,0.111458,0.1535,0.128874,-0.640194,-0.672918,-0.302362,-1.511367,-0.640194,-0.672918,-0.302362,-1.511367,15.114479227920143,8.296854810808412,13.93270491984006,15.712390698350514,9.599980619191964,1.66050424418432
STU_000597,STAT 1,2026SP,S02,INST_STAT1_02,2026SP,20261,STAT 1__2026SP,STAT 1__2026SP__S02,1,post,2,-0.7033370001179466,3.75,3.8,4,3.6,3.5,0.3413610971400255,0.5858549829497852,1.031948762196849,0.29226546275745297,0.06615203140974155,3.7333333333333334,0.5186473759741789,0.125268,0.111458,0.1535,0.128874,-0.640194,-0.672918,-0.302362,-1.511367,-0.640194,-0.672918,-0.302362,-1.511367,4.508406027226359,2.5340222531734717,4.234576479129783,4.567650425914621,2.654648685170238,0.4906684160045104
STU_000432,STAT 1,2026SP,S02,INST_STAT1_02,2026SP,20261,STAT 1__2026SP,STAT 1__2026SP__S02,1,post,2.7,0.17691692386090738,4.25,3.8,3.8333333333333335,3.8,3.6666666666666665,1.3413689445301433,0.5858549829497852,0.7096189496222199,0.6666708921722283,0.3862951957630527,3.9,0.8825778716009113,0.125268,0.111458,0.1535,0.128874,-0.640194,-0.672918,-0.302362,-1.511367,-0.640194,-0.672918,-0.302362,-1.511367,8.138142102941694,4.170091535076826,6.925666354695782,7.960819499282457,4.75328520030214,0.8498090347029488
STU_001133,STAT 1,2026SP,S02,INST_STAT1_02,2026SP,20261,STAT 1__2026SP,STAT 1__2026SP__S02,1,post,1,-1.9608426058020236,3.125,2.8,2.8333333333333335,2.8,2.8333333333333335,-0.9086487120976218,-1.278229053708621,-1.2243599258255562,-1.205356254901651,-1.214420626003504,2.9,-1.301005102159485,0.125268,0.111458,0.1535,0.128874,-0.640194,-0.672918,-0.302362,-1.511367,-0.640194,-0.672918,-0.302362,-1.511367,-11.40225053733655,-6.307885712850901,-10.207048492381452,-11.691044782677944,-7.278702351529286,-1.2408516558406584
STU_000619,STAT 1,2026SP,S02,INST_STAT1_02,2026SP,20261,STAT 1__2026SP,STAT 1__2026SP__S02,1,post,1.3,-1.5835909240968005,2.625,2.8,2.5,2.8,2.1666666666666665,-1.9086565594877396,-1.278229053708621,-1.869019550974815,-1.205356254901651,-2.49499328341675,2.566666666666667,-2.02886609341295,0.125268,0.111458,0.1535,0.128874,-0.640194,-0.672918,-0.302362,-1.511367,-0.640194,-0.672918,-0.302362,-1.511367,-17.60953503786466,-9.249724344567706,-15.51655168951391,-17.641911125581892,-11.369519628181985,-1.8909981528139752
STU_000285,STAT 1,2026SP,S02,INST_STAT1_02,2026SP,20261,STAT 1__2026SP,STAT 1__2026SP__S02,1,post,1.7,-1.0805886818231698,3,2.6,1.8333333333333333,2.6,2.3333333333333335,-1.1586506739451512,-1.6510458610403016,-3.1583388012733327,-1.5797616843164264,-2.1748501190634384,2.5,-2.1744382916636433,0.125268,0.111458,0.1535,0.128874,-0.640194,-0.672918,-0.302362,-1.511367,-0.640194,-0.672918,-0.302362,-1.511367,-18.360206727397955,-9.99496703548244,-16.90693683433948,-18.836935952291324,-11.83120938826938,-2.0106883579923354
STU_000812,STAT 1,2026SP,S03,INST_STAT1_03,2026SP,20261,STAT 1__2026SP,STAT 1__2026SP__S03,1,post,2,-0.7033370001179466,2.75,3.2,3.3333333333333335,2.6,2.8333333333333335,-1.65865459764021,-0.5325954390452579,-0.25737048810166807,-1.5797616843164264,-1.214420626003504,2.933333333333333,-1.228219003034139,0.125268,0.111458,0.1535,0.128874,-0.640194,-0.672918,-0.302362,-1.511367,-0.640194,-0.672918,-0.302362,-1.511367,-11.294935536813389,-5.732821957579293,-9.43778241657761,-11.343561004269306,-7.018626179785613,-1.191151992082213
STU_000034,STAT 1,2026SP,S03,INST_STAT1_03,2026SP,20261,STAT 1__2026SP,STAT 1__2026SP__S03,1,post,2.3,-0.3260853184127238,3.75,4.2,3.3333333333333335,3.6,3.8333333333333335,0.3413610971400255,1.3314885976131483,-0.25737048810166807,0.29226546275745297,0.7064383601163647,3.7333333333333334,0.5186473759741789,0.125268,0.111458,0.1535,0.128874,-0.640194,-0.672918,-0.302362,-1.511367,-0.640194,-0.672918,-0.302362,-1.511367,4.508907835560183,2.9582692192490834,3.7417377240227694,4.568256921734809,3.0083621648212606,0.4911786573467303
STU_000909,STAT 1,2026SP,S03,INST_STAT1_03,2026SP,20261,STAT 1__2026SP,STAT 1__2026SP__S03,1,post,3,0.5541686055661302,3,3,3.1666666666666665,3,3.3333333333333335,-1.1586506739451512,-0.9054122463769394,-0.5797003006762981,-0.8309508254868748,-0.2539911329435696,3.1,-0.8642885074074055,0.125268,0.111458,0.1535,0.128874,-0.640194,-0.672918,-0.302362,-1.511367,-0.640194,-0.672918,-0.302362,-1.511367,-8.18043729766297,-4.4259971748711715,-7.009263064123994,-8.136151994024317,-4.779756955101945,-0.8636387645720569
STU_000834,STAT 1,2026SP,S03,INST_STAT1_03,2026SP,20261,STAT 1__2026SP,STAT 1__2026SP__S03,1,post,3.3,0.9314202872713531,3.625,3.8,4,4.2,4,0.09135913529249606,0.5858549829497852,1.031948762196849,1.4154817510017808,1.0265815244696759,3.9,0.8825778716009113,0.125268,0.111458,0.1535,0.128874,-0.640194,-0.672918,-0.302362,-1.511367,-0.640194,-0.672918,-0.302362,-1.511367,7.597153788750164,4.171755048275235,7.089267957959685,8.198366972768854,5.124770962070519,0.8521898363178674
STU_000937,STAT 1,2026SP,S03,INST_STAT1_03,2026SP,20261,STAT 1__2026SP,STAT 1__2026SP__S03,1,post,2.3,-0.3260853184127238,4,3.6,3.5,3.4,4,0.8413650208350845,0.21303817561810445,0.06495932447296097,-0.08213996665732322,1.0265815244696759,3.7333333333333334,0.5186473759741789,0.125268,0.111458,0.1535,0.128874,-0.640194,-0.672918,-0.302362,-1.511367,-0.640194,-0.672918,-0.302362,-1.511367,4.75470537062061,2.358006924123989,3.9031154671162294,4.486864646002148,3.156899804061382,0.49350177703930415
STU_000558,STAT 1,2026SP,S03,INST_STAT1_03,2026SP,20261,STAT 1__2026SP,STAT 1__2026SP__S03,1,post,2,-0.7033370001179466,3.875,3.8,3.8333333333333335,3.6,3.8333333333333335,0.5913630589875549,0.5858549829497852,0.7096189496222199,0.29226546275745297,0.7064383601163647,3.8,0.6642195742248714,0.125268,0.111458,0.1535,0.128874,-0.640194,-0.672918,-0.302362,-1.511367,-0.640194,-0.672918,-0.302362,-1.511367,5.782644252635075,3.142356252252433,5.166559816113391,5.805661744978329,3.7467036401241653,0.6252929359111568
STU_000880,STAT 1,2026SP,S03,INST_STAT1_03,2026SP,20261,STAT 1__2026SP,STAT 1__2026SP__S03,1,post,2.7,0.17691692386090738,2.625,3,2.6666666666666665,2.6,2.5,-1.9086565594877396,-0.9054122463769394,-1.546689738400186,-1.5797616843164264,-1.8547069547101271,2.6666666666666665,-1.8105077960369111,0.125268,0.111458,0.1535,0.128874,-0.640194,-0.672918,-0.302362,-1.511367,-0.640194,-0.672918,-0.302362,-1.511367,-16.043320074949282,-8.319669032855066,-14.050147978713417,-16.156105776567337,-10.153348200218337,-1.7173201225321222
STU_001485,STAT 1,2026SP,S03,INST_STAT1_03,2026SP,20261,STAT 1__2026SP,STAT 1__2026SP__S03,1,post,3.7,1.4344225295449842,4.125,4.2,3.5,3.8,3.6666666666666665,1.0913669826826138,1.3314885976131483,0.06495932447296097,0.6666708921722283,0.3862951957630527,3.8666666666666667,0.809791772475565,0.125268,0.111458,0.1535,0.128874,-0.640194,-0.672918,-0.302362,-1.511367,-0.640194,-0.672918,-0.302362,-1.511367,7.28048490430475,4.183640908104496,6.014792038582052,7.200022645298562,4.313666851714339,0.7664865094978052
